method,budget,metric,error_kcal_mol,cumulative_fraction,profile_count
learned_active,6,profile_mae,0.0093640853180604,0.001,1000
learned_active,6,profile_mae,0.0143827210541148,0.002,1000
learned_active,6,profile_mae,0.0146029441474758,0.003,1000
learned_active,6,profile_mae,0.0215986189104725,0.004,1000
learned_active,6,profile_mae,0.0222520693002017,0.005,1000
learned_active,6,profile_mae,0.0231549746106067,0.006,1000
learned_active,6,profile_mae,0.0242341576161212,0.007,1000
learned_active,6,profile_mae,0.0243038810292198,0.008,1000
learned_active,6,profile_mae,0.02750872951287,0.009,1000
learned_active,6,profile_mae,0.0303435647584496,0.01,1000
learned_active,6,profile_mae,0.0305956533003575,0.011,1000
learned_active,6,profile_mae,0.0309557355804313,0.012,1000
learned_active,6,profile_mae,0.0315708680799935,0.013,1000
learned_active,6,profile_mae,0.0328368332337763,0.014,1000
learned_active,6,profile_mae,0.0337387968930386,0.015,1000
learned_active,6,profile_mae,0.0338256718359259,0.016,1000
learned_active,6,profile_mae,0.0364759219880704,0.017,1000
learned_active,6,profile_mae,0.0366497112688614,0.018,1000
learned_active,6,profile_mae,0.0379217559426065,0.019,1000
learned_active,6,profile_mae,0.0391537398247587,0.02,1000
learned_active,6,profile_mae,0.0393759662037687,0.021,1000
learned_active,6,profile_mae,0.0398929902544174,0.022,1000
learned_active,6,profile_mae,0.0406302651855076,0.023,1000
learned_active,6,profile_mae,0.0410468911480054,0.024,1000
learned_active,6,profile_mae,0.0410909401914254,0.025,1000
learned_active,6,profile_mae,0.0414885248245751,0.026,1000
learned_active,6,profile_mae,0.0421229994652684,0.027,1000
learned_active,6,profile_mae,0.0428582234864762,0.028,1000
learned_active,6,profile_mae,0.0434249919604878,0.029,1000
learned_active,6,profile_mae,0.0446401768104749,0.03,1000
learned_active,6,profile_mae,0.0446435772413659,0.031,1000
learned_active,6,profile_mae,0.0452514720287066,0.032,1000
learned_active,6,profile_mae,0.0457791631363132,0.033,1000
learned_active,6,profile_mae,0.0462101800345046,0.034,1000
learned_active,6,profile_mae,0.0462355894803691,0.035,1000
learned_active,6,profile_mae,0.046354571963601,0.036,1000
learned_active,6,profile_mae,0.0465447687957312,0.037,1000
learned_active,6,profile_mae,0.0467594381237096,0.038,1000
learned_active,6,profile_mae,0.0472018649584709,0.039,1000
learned_active,6,profile_mae,0.0473855813136926,0.04,1000
learned_active,6,profile_mae,0.0480839740248016,0.041,1000
learned_active,6,profile_mae,0.048558929714024,0.042,1000
learned_active,6,profile_mae,0.0496462546334064,0.043,1000
learned_active,6,profile_mae,0.0500830525842783,0.044,1000
learned_active,6,profile_mae,0.050312892275922,0.045,1000
learned_active,6,profile_mae,0.050384492807112,0.046,1000
learned_active,6,profile_mae,0.0505736906980128,0.047,1000
learned_active,6,profile_mae,0.0521513154145396,0.048,1000
learned_active,6,profile_mae,0.0522718247415406,0.049,1000
learned_active,6,profile_mae,0.0533338064561809,0.05,1000
learned_active,6,profile_mae,0.053908093895667,0.051,1000
learned_active,6,profile_mae,0.0543476169343857,0.052,1000
learned_active,6,profile_mae,0.0544229620009999,0.053,1000
learned_active,6,profile_mae,0.0549086272852783,0.054,1000
learned_active,6,profile_mae,0.0583747289208719,0.055,1000
learned_active,6,profile_mae,0.0588912139199114,0.056,1000
learned_active,6,profile_mae,0.059736002035844,0.057,1000
learned_active,6,profile_mae,0.0599828332008462,0.058,1000
learned_active,6,profile_mae,0.0599989917434922,0.059,1000
learned_active,6,profile_mae,0.0621317651252309,0.06,1000
learned_active,6,profile_mae,0.0621857291759932,0.061,1000
learned_active,6,profile_mae,0.0622319016334776,0.062,1000
learned_active,6,profile_mae,0.0636266805990471,0.063,1000
learned_active,6,profile_mae,0.0638242060214048,0.064,1000
learned_active,6,profile_mae,0.064601488504079,0.065,1000
learned_active,6,profile_mae,0.0649480633780883,0.066,1000
learned_active,6,profile_mae,0.0649961273939371,0.067,1000
learned_active,6,profile_mae,0.0657582894841866,0.068,1000
learned_active,6,profile_mae,0.0659821946932224,0.069,1000
learned_active,6,profile_mae,0.0660030621257591,0.07,1000
learned_active,6,profile_mae,0.0670431963977869,0.071,1000
learned_active,6,profile_mae,0.0677248119322999,0.072,1000
learned_active,6,profile_mae,0.0678289295912291,0.073,1000
learned_active,6,profile_mae,0.0679846609504003,0.074,1000
learned_active,6,profile_mae,0.0682267514970508,0.075,1000
learned_active,6,profile_mae,0.0684282433348273,0.076,1000
learned_active,6,profile_mae,0.0684389837277002,0.077,1000
learned_active,6,profile_mae,0.0685293238251019,0.078,1000
learned_active,6,profile_mae,0.0690308119487736,0.079,1000
learned_active,6,profile_mae,0.0691898127816625,0.08,1000
learned_active,6,profile_mae,0.069412595667372,0.081,1000
learned_active,6,profile_mae,0.0703583634002533,0.082,1000
learned_active,6,profile_mae,0.0705860920837582,0.083,1000
learned_active,6,profile_mae,0.0710765746997382,0.084,1000
learned_active,6,profile_mae,0.0720391721995559,0.085,1000
learned_active,6,profile_mae,0.0726392347228866,0.086,1000
learned_active,6,profile_mae,0.0728768528470015,0.087,1000
learned_active,6,profile_mae,0.0730329009932139,0.088,1000
learned_active,6,profile_mae,0.0732944791474642,0.089,1000
learned_active,6,profile_mae,0.0733978603267744,0.09,1000
learned_active,6,profile_mae,0.0741278368263118,0.091,1000
learned_active,6,profile_mae,0.0744153071823034,0.092,1000
learned_active,6,profile_mae,0.0751821863882251,0.093,1000
learned_active,6,profile_mae,0.0754574939949782,0.094,1000
learned_active,6,profile_mae,0.0755075174692864,0.095,1000
learned_active,6,profile_mae,0.0759435493979082,0.096,1000
learned_active,6,profile_mae,0.0762255146283647,0.097,1000
learned_active,6,profile_mae,0.0768265709734848,0.098,1000
learned_active,6,profile_mae,0.0769376647460755,0.099,1000
learned_active,6,profile_mae,0.0769742133567782,0.1,1000
learned_active,6,profile_mae,0.077119868114664,0.101,1000
learned_active,6,profile_mae,0.0775161178515722,0.102,1000
learned_active,6,profile_mae,0.0778158643563827,0.103,1000
learned_active,6,profile_mae,0.0779496973195876,0.104,1000
learned_active,6,profile_mae,0.0780153129765398,0.105,1000
learned_active,6,profile_mae,0.0781725708340672,0.106,1000
learned_active,6,profile_mae,0.0781791232156772,0.107,1000
learned_active,6,profile_mae,0.0798367827958284,0.108,1000
learned_active,6,profile_mae,0.0798852610329563,0.109,1000
learned_active,6,profile_mae,0.0804498277659087,0.11,1000
learned_active,6,profile_mae,0.0804778139376075,0.111,1000
learned_active,6,profile_mae,0.0805830060343763,0.112,1000
learned_active,6,profile_mae,0.0807339983659553,0.113,1000
learned_active,6,profile_mae,0.0816265346770347,0.114,1000
learned_active,6,profile_mae,0.0819501031211404,0.115,1000
learned_active,6,profile_mae,0.082239699598847,0.116,1000
learned_active,6,profile_mae,0.0834508447794303,0.117,1000
learned_active,6,profile_mae,0.0835822714906347,0.118,1000
learned_active,6,profile_mae,0.0849043626034863,0.119,1000
learned_active,6,profile_mae,0.085070412969731,0.12,1000
learned_active,6,profile_mae,0.0851535206944903,0.121,1000
learned_active,6,profile_mae,0.0855814237429942,0.122,1000
learned_active,6,profile_mae,0.0859811374761182,0.123,1000
learned_active,6,profile_mae,0.0862129120220288,0.124,1000
learned_active,6,profile_mae,0.0863714090325059,0.125,1000
learned_active,6,profile_mae,0.0873666496979671,0.126,1000
learned_active,6,profile_mae,0.0886725148482662,0.127,1000
learned_active,6,profile_mae,0.0889923612519105,0.128,1000
learned_active,6,profile_mae,0.0891433604746283,0.129,1000
learned_active,6,profile_mae,0.0900572773268522,0.13,1000
learned_active,6,profile_mae,0.0903997597880576,0.131,1000
learned_active,6,profile_mae,0.0908368529870619,0.132,1000
learned_active,6,profile_mae,0.0908497766487253,0.133,1000
learned_active,6,profile_mae,0.0909942461191467,0.134,1000
learned_active,6,profile_mae,0.0915301629776509,0.135,1000
learned_active,6,profile_mae,0.0920368650147464,0.136,1000
learned_active,6,profile_mae,0.092135413736219,0.137,1000
learned_active,6,profile_mae,0.0923296968680143,0.138,1000
learned_active,6,profile_mae,0.092424127861141,0.139,1000
learned_active,6,profile_mae,0.0929978557418756,0.14,1000
learned_active,6,profile_mae,0.0930513600249484,0.141,1000
learned_active,6,profile_mae,0.0935309007742663,0.142,1000
learned_active,6,profile_mae,0.0937317706230039,0.143,1000
learned_active,6,profile_mae,0.0938302303190696,0.144,1000
learned_active,6,profile_mae,0.0941021818791757,0.145,1000
learned_active,6,profile_mae,0.0943974882147603,0.146,1000
learned_active,6,profile_mae,0.0944424364240174,0.147,1000
learned_active,6,profile_mae,0.0949408271909659,0.148,1000
learned_active,6,profile_mae,0.0950491755947334,0.149,1000
learned_active,6,profile_mae,0.0950616043888833,0.15,1000
learned_active,6,profile_mae,0.0950666135210807,0.151,1000
learned_active,6,profile_mae,0.096790292422998,0.152,1000
learned_active,6,profile_mae,0.0968628746942153,0.153,1000
learned_active,6,profile_mae,0.0968987478244387,0.154,1000
learned_active,6,profile_mae,0.0970296417729311,0.155,1000
learned_active,6,profile_mae,0.0977004328801648,0.156,1000
learned_active,6,profile_mae,0.0979750891978094,0.157,1000
learned_active,6,profile_mae,0.0982442920311451,0.158,1000
learned_active,6,profile_mae,0.0990643628387212,0.159,1000
learned_active,6,profile_mae,0.0992926308210369,0.16,1000
learned_active,6,profile_mae,0.0999508652953738,0.161,1000
learned_active,6,profile_mae,0.1008042023972516,0.162,1000
learned_active,6,profile_mae,0.1008907170198022,0.163,1000
learned_active,6,profile_mae,0.1011218495911751,0.164,1000
learned_active,6,profile_mae,0.1016121344128116,0.165,1000
learned_active,6,profile_mae,0.10162123690179,0.166,1000
learned_active,6,profile_mae,0.1017564735541199,0.167,1000
learned_active,6,profile_mae,0.1019508782003546,0.168,1000
learned_active,6,profile_mae,0.1020091570896485,0.169,1000
learned_active,6,profile_mae,0.1022919382111409,0.17,1000
learned_active,6,profile_mae,0.1023882114841115,0.171,1000
learned_active,6,profile_mae,0.1026405236364738,0.172,1000
learned_active,6,profile_mae,0.1026559598163651,0.173,1000
learned_active,6,profile_mae,0.1034576294808338,0.174,1000
learned_active,6,profile_mae,0.1035763664940814,0.175,1000
learned_active,6,profile_mae,0.1043050830730144,0.176,1000
learned_active,6,profile_mae,0.1048794039976145,0.177,1000
learned_active,6,profile_mae,0.105059754284586,0.178,1000
learned_active,6,profile_mae,0.1062969445301031,0.179,1000
learned_active,6,profile_mae,0.1067624378038489,0.18,1000
learned_active,6,profile_mae,0.1069836196862105,0.181,1000
learned_active,6,profile_mae,0.1078595986368477,0.182,1000
learned_active,6,profile_mae,0.1083736893967779,0.183,1000
learned_active,6,profile_mae,0.1103335272761954,0.184,1000
learned_active,6,profile_mae,0.1104600067032897,0.185,1000
learned_active,6,profile_mae,0.1106819370732277,0.186,1000
learned_active,6,profile_mae,0.111195855511221,0.187,1000
learned_active,6,profile_mae,0.1116343202225803,0.188,1000
learned_active,6,profile_mae,0.1118857353382611,0.189,1000
learned_active,6,profile_mae,0.111892615989037,0.19,1000
learned_active,6,profile_mae,0.1120607445159579,0.191,1000
learned_active,6,profile_mae,0.1121207711858653,0.192,1000
learned_active,6,profile_mae,0.1129141176047958,0.193,1000
learned_active,6,profile_mae,0.1133490930693452,0.194,1000
learned_active,6,profile_mae,0.1135542657987651,0.195,1000
learned_active,6,profile_mae,0.1135984831661723,0.196,1000
learned_active,6,profile_mae,0.1139263095222282,0.197,1000
learned_active,6,profile_mae,0.1146538055842737,0.198,1000
learned_active,6,profile_mae,0.1154415628600037,0.199,1000
learned_active,6,profile_mae,0.115602241859065,0.2,1000
learned_active,6,profile_mae,0.1157920308545244,0.201,1000
learned_active,6,profile_mae,0.1170631023649619,0.202,1000
learned_active,6,profile_mae,0.117461854347714,0.203,1000
learned_active,6,profile_mae,0.1175978850741491,0.204,1000
learned_active,6,profile_mae,0.1182535143519391,0.205,1000
learned_active,6,profile_mae,0.1184982068040523,0.206,1000
learned_active,6,profile_mae,0.1188150842050674,0.207,1000
learned_active,6,profile_mae,0.1190239115984433,0.208,1000
learned_active,6,profile_mae,0.1191628743035007,0.209,1000
learned_active,6,profile_mae,0.1196139259181699,0.21,1000
learned_active,6,profile_mae,0.1196315062488888,0.211,1000
learned_active,6,profile_mae,0.120169855845929,0.212,1000
learned_active,6,profile_mae,0.1203452458191087,0.213,1000
learned_active,6,profile_mae,0.1204618618627292,0.214,1000
learned_active,6,profile_mae,0.1207756624452695,0.215,1000
learned_active,6,profile_mae,0.1211673821726853,0.216,1000
learned_active,6,profile_mae,0.1212833299914307,0.217,1000
learned_active,6,profile_mae,0.1213344856384935,0.218,1000
learned_active,6,profile_mae,0.1215158640132971,0.219,1000
learned_active,6,profile_mae,0.1219964446263336,0.22,1000
learned_active,6,profile_mae,0.1226727184084971,0.221,1000
learned_active,6,profile_mae,0.1232987293014725,0.222,1000
learned_active,6,profile_mae,0.1235544728922842,0.223,1000
learned_active,6,profile_mae,0.1239695356131366,0.224,1000
learned_active,6,profile_mae,0.1242023933809166,0.225,1000
learned_active,6,profile_mae,0.1248476793875782,0.226,1000
learned_active,6,profile_mae,0.1258325405013941,0.227,1000
learned_active,6,profile_mae,0.1263848448309051,0.228,1000
learned_active,6,profile_mae,0.1264053225739919,0.229,1000
learned_active,6,profile_mae,0.1266583459703767,0.23,1000
learned_active,6,profile_mae,0.127264976519367,0.231,1000
learned_active,6,profile_mae,0.1276819815964461,0.232,1000
learned_active,6,profile_mae,0.127718632844472,0.233,1000
learned_active,6,profile_mae,0.1277262358520506,0.234,1000
learned_active,6,profile_mae,0.1277488894478306,0.235,1000
learned_active,6,profile_mae,0.1282785849308722,0.236,1000
learned_active,6,profile_mae,0.1289254053870841,0.237,1000
learned_active,6,profile_mae,0.1291445416916585,0.238,1000
learned_active,6,profile_mae,0.1294303146770611,0.239,1000
learned_active,6,profile_mae,0.1294525585064985,0.24,1000
learned_active,6,profile_mae,0.1295144082244386,0.241,1000
learned_active,6,profile_mae,0.1297374226078368,0.242,1000
learned_active,6,profile_mae,0.1299742909697026,0.243,1000
learned_active,6,profile_mae,0.1300757677144574,0.244,1000
learned_active,6,profile_mae,0.1304002894035923,0.245,1000
learned_active,6,profile_mae,0.1310307038311129,0.246,1000
learned_active,6,profile_mae,0.1314751507815055,0.247,1000
learned_active,6,profile_mae,0.1322420315252628,0.248,1000
learned_active,6,profile_mae,0.1322868157961532,0.249,1000
learned_active,6,profile_mae,0.1323703821368047,0.25,1000
learned_active,6,profile_mae,0.1324691708800429,0.251,1000
learned_active,6,profile_mae,0.1325889040763141,0.252,1000
learned_active,6,profile_mae,0.132925003235823,0.253,1000
learned_active,6,profile_mae,0.1330429405650181,0.254,1000
learned_active,6,profile_mae,0.1332842915865101,0.255,1000
learned_active,6,profile_mae,0.1333300280631607,0.256,1000
learned_active,6,profile_mae,0.1336633067792789,0.257,1000
learned_active,6,profile_mae,0.1339179275100933,0.258,1000
learned_active,6,profile_mae,0.1340547136905967,0.259,1000
learned_active,6,profile_mae,0.1349783887593096,0.26,1000
learned_active,6,profile_mae,0.1350673638590809,0.261,1000
learned_active,6,profile_mae,0.1354326257545813,0.262,1000
learned_active,6,profile_mae,0.1358069091179976,0.263,1000
learned_active,6,profile_mae,0.1371495099251579,0.264,1000
learned_active,6,profile_mae,0.1373739921600077,0.265,1000
learned_active,6,profile_mae,0.1383971426851734,0.266,1000
learned_active,6,profile_mae,0.1385162441557405,0.267,1000
learned_active,6,profile_mae,0.1394210123790829,0.268,1000
learned_active,6,profile_mae,0.1395626885486088,0.269,1000
learned_active,6,profile_mae,0.1396571332052586,0.27,1000
learned_active,6,profile_mae,0.1398554769281708,0.271,1000
learned_active,6,profile_mae,0.1399004590226515,0.272,1000
learned_active,6,profile_mae,0.1404937073456168,0.273,1000
learned_active,6,profile_mae,0.1405364623756547,0.274,1000
learned_active,6,profile_mae,0.1405781539079376,0.275,1000
learned_active,6,profile_mae,0.140784245183381,0.276,1000
learned_active,6,profile_mae,0.1410734199935117,0.277,1000
learned_active,6,profile_mae,0.1413311965610665,0.278,1000
learned_active,6,profile_mae,0.1415152961900928,0.279,1000
learned_active,6,profile_mae,0.1416717888787129,0.28,1000
learned_active,6,profile_mae,0.1423049897103077,0.281,1000
learned_active,6,profile_mae,0.1426936725588101,0.282,1000
learned_active,6,profile_mae,0.1428151457790568,0.283,1000
learned_active,6,profile_mae,0.1431312921769403,0.284,1000
learned_active,6,profile_mae,0.1432536275302586,0.285,1000
learned_active,6,profile_mae,0.143502578293521,0.286,1000
learned_active,6,profile_mae,0.1436146551151872,0.287,1000
learned_active,6,profile_mae,0.1441690286666177,0.288,1000
learned_active,6,profile_mae,0.1448489146309597,0.289,1000
learned_active,6,profile_mae,0.14487367759764,0.29,1000
learned_active,6,profile_mae,0.1451003928291203,0.291,1000
learned_active,6,profile_mae,0.1457357204509635,0.292,1000
learned_active,6,profile_mae,0.1460143695423677,0.293,1000
learned_active,6,profile_mae,0.1461082232512186,0.294,1000
learned_active,6,profile_mae,0.1464602602614919,0.295,1000
learned_active,6,profile_mae,0.1469098774747525,0.296,1000
learned_active,6,profile_mae,0.1470755460374566,0.297,1000
learned_active,6,profile_mae,0.1472730946235626,0.298,1000
learned_active,6,profile_mae,0.1482238349953863,0.299,1000
learned_active,6,profile_mae,0.1489599584804846,0.3,1000
learned_active,6,profile_mae,0.1494510240172277,0.301,1000
learned_active,6,profile_mae,0.1497459688465649,0.302,1000
learned_active,6,profile_mae,0.1498722642030857,0.303,1000
learned_active,6,profile_mae,0.1498990416405109,0.304,1000
learned_active,6,profile_mae,0.1499924639336647,0.305,1000
learned_active,6,profile_mae,0.1503295004327076,0.306,1000
learned_active,6,profile_mae,0.1507353449163523,0.307,1000
learned_active,6,profile_mae,0.1508413338302805,0.308,1000
learned_active,6,profile_mae,0.1516677740862121,0.309,1000
learned_active,6,profile_mae,0.1520443307306608,0.31,1000
learned_active,6,profile_mae,0.153010795016663,0.311,1000
learned_active,6,profile_mae,0.1534856571590154,0.312,1000
learned_active,6,profile_mae,0.1536185423389269,0.313,1000
learned_active,6,profile_mae,0.1538738958687155,0.314,1000
learned_active,6,profile_mae,0.1543602492725286,0.315,1000
learned_active,6,profile_mae,0.1550502868643503,0.316,1000
learned_active,6,profile_mae,0.1554817891881778,0.317,1000
learned_active,6,profile_mae,0.1555518577292614,0.318,1000
learned_active,6,profile_mae,0.1555769161834188,0.319,1000
learned_active,6,profile_mae,0.1557506184792997,0.32,1000
learned_active,6,profile_mae,0.1562688841789084,0.321,1000
learned_active,6,profile_mae,0.1575532671254765,0.322,1000
learned_active,6,profile_mae,0.1580476952392809,0.323,1000
learned_active,6,profile_mae,0.1583378455388285,0.324,1000
learned_active,6,profile_mae,0.1584902745791044,0.325,1000
learned_active,6,profile_mae,0.1586809298716985,0.326,1000
learned_active,6,profile_mae,0.1589675151210617,0.327,1000
learned_active,6,profile_mae,0.1592291426345262,0.328,1000
learned_active,6,profile_mae,0.1592664776264972,0.329,1000
learned_active,6,profile_mae,0.159493541926408,0.33,1000
learned_active,6,profile_mae,0.1599060465074515,0.331,1000
learned_active,6,profile_mae,0.1599437523431933,0.332,1000
learned_active,6,profile_mae,0.1600874193452111,0.333,1000
learned_active,6,profile_mae,0.1611400318909487,0.334,1000
learned_active,6,profile_mae,0.1619963230726608,0.335,1000
learned_active,6,profile_mae,0.1624436566181567,0.336,1000
learned_active,6,profile_mae,0.1624518276509949,0.337,1000
learned_active,6,profile_mae,0.1627616368582825,0.338,1000
learned_active,6,profile_mae,0.163299563669376,0.339,1000
learned_active,6,profile_mae,0.1641212961753614,0.34,1000
learned_active,6,profile_mae,0.1650063576245705,0.341,1000
learned_active,6,profile_mae,0.1650948279430006,0.342,1000
learned_active,6,profile_mae,0.1652954338862708,0.343,1000
learned_active,6,profile_mae,0.1653305245892218,0.344,1000
learned_active,6,profile_mae,0.1659149795526985,0.345,1000
learned_active,6,profile_mae,0.1667369726158948,0.346,1000
learned_active,6,profile_mae,0.1668886440233601,0.347,1000
learned_active,6,profile_mae,0.1670063852085931,0.348,1000
learned_active,6,profile_mae,0.1673859065867733,0.349,1000
learned_active,6,profile_mae,0.167954855788938,0.35,1000
learned_active,6,profile_mae,0.1683422921073722,0.351,1000
learned_active,6,profile_mae,0.1688006074200091,0.352,1000
learned_active,6,profile_mae,0.1698168612296357,0.353,1000
learned_active,6,profile_mae,0.1700791009471665,0.354,1000
learned_active,6,profile_mae,0.1702125087349071,0.355,1000
learned_active,6,profile_mae,0.1703577598032546,0.356,1000
learned_active,6,profile_mae,0.1704295773042088,0.357,1000
learned_active,6,profile_mae,0.1704970929028554,0.358,1000
learned_active,6,profile_mae,0.1705811709469338,0.359,1000
learned_active,6,profile_mae,0.1712551558027582,0.36,1000
learned_active,6,profile_mae,0.1714820626754378,0.361,1000
learned_active,6,profile_mae,0.1723645359046414,0.362,1000
learned_active,6,profile_mae,0.1726660539839705,0.363,1000
learned_active,6,profile_mae,0.1727483010227128,0.364,1000
learned_active,6,profile_mae,0.1727970861609601,0.365,1000
learned_active,6,profile_mae,0.1728070300340437,0.366,1000
learned_active,6,profile_mae,0.1731900401904315,0.367,1000
learned_active,6,profile_mae,0.1733091192648942,0.368,1000
learned_active,6,profile_mae,0.1735951501742453,0.369,1000
learned_active,6,profile_mae,0.173840346812571,0.37,1000
learned_active,6,profile_mae,0.1743559157425464,0.371,1000
learned_active,6,profile_mae,0.174911079669456,0.372,1000
learned_active,6,profile_mae,0.1749264320706678,0.373,1000
learned_active,6,profile_mae,0.1756752278804713,0.374,1000
learned_active,6,profile_mae,0.1760811789132091,0.375,1000
learned_active,6,profile_mae,0.1768994676352539,0.376,1000
learned_active,6,profile_mae,0.1786782149078364,0.377,1000
learned_active,6,profile_mae,0.1786841427530017,0.378,1000
learned_active,6,profile_mae,0.1792630883252098,0.379,1000
learned_active,6,profile_mae,0.179926467946587,0.38,1000
learned_active,6,profile_mae,0.1806286749737154,0.381,1000
learned_active,6,profile_mae,0.1809913249128536,0.382,1000
learned_active,6,profile_mae,0.1812540825851485,0.383,1000
learned_active,6,profile_mae,0.1813515649100989,0.384,1000
learned_active,6,profile_mae,0.1820285859731466,0.385,1000
learned_active,6,profile_mae,0.1824440117847741,0.386,1000
learned_active,6,profile_mae,0.1826028342640906,0.387,1000
learned_active,6,profile_mae,0.1830449218737138,0.388,1000
learned_active,6,profile_mae,0.1834337826605689,0.389,1000
learned_active,6,profile_mae,0.1837306571855236,0.39,1000
learned_active,6,profile_mae,0.1847143846196743,0.391,1000
learned_active,6,profile_mae,0.1853542937489838,0.392,1000
learned_active,6,profile_mae,0.1853691982046416,0.393,1000
learned_active,6,profile_mae,0.1855068359810508,0.394,1000
learned_active,6,profile_mae,0.1866814407553837,0.395,1000
learned_active,6,profile_mae,0.1867908503913018,0.396,1000
learned_active,6,profile_mae,0.1872846876297486,0.397,1000
learned_active,6,profile_mae,0.1875951088260975,0.398,1000
learned_active,6,profile_mae,0.1886028507801031,0.399,1000
learned_active,6,profile_mae,0.1889004714027015,0.4,1000
learned_active,6,profile_mae,0.1892251551042947,0.401,1000
learned_active,6,profile_mae,0.1897540868338253,0.402,1000
learned_active,6,profile_mae,0.1907063461072008,0.403,1000
learned_active,6,profile_mae,0.1907678889771441,0.404,1000
learned_active,6,profile_mae,0.1912566339905165,0.405,1000
learned_active,6,profile_mae,0.19170463345192,0.406,1000
learned_active,6,profile_mae,0.1918791866327818,0.407,1000
learned_active,6,profile_mae,0.1922934986225208,0.408,1000
learned_active,6,profile_mae,0.1923104993041822,0.409,1000
learned_active,6,profile_mae,0.1929262780342215,0.41,1000
learned_active,6,profile_mae,0.1937906437676857,0.411,1000
learned_active,6,profile_mae,0.1945786446142207,0.412,1000
learned_active,6,profile_mae,0.1946086186589781,0.413,1000
learned_active,6,profile_mae,0.1948778399052754,0.414,1000
learned_active,6,profile_mae,0.1950032999491236,0.415,1000
learned_active,6,profile_mae,0.1950093030145726,0.416,1000
learned_active,6,profile_mae,0.1953414596490663,0.417,1000
learned_active,6,profile_mae,0.1955153316655892,0.418,1000
learned_active,6,profile_mae,0.1959956449377062,0.419,1000
learned_active,6,profile_mae,0.1966860629416254,0.42,1000
learned_active,6,profile_mae,0.1967489304181661,0.421,1000
learned_active,6,profile_mae,0.1969693534434415,0.422,1000
learned_active,6,profile_mae,0.1973810241523828,0.423,1000
learned_active,6,profile_mae,0.1979968914119353,0.424,1000
learned_active,6,profile_mae,0.1983379965675027,0.425,1000
learned_active,6,profile_mae,0.1984271743609627,0.426,1000
learned_active,6,profile_mae,0.1984343679286964,0.427,1000
learned_active,6,profile_mae,0.1990312435640223,0.428,1000
learned_active,6,profile_mae,0.1994655729190878,0.429,1000
learned_active,6,profile_mae,0.1997800865294363,0.43,1000
learned_active,6,profile_mae,0.2000785520289253,0.431,1000
learned_active,6,profile_mae,0.2005341728282245,0.432,1000
learned_active,6,profile_mae,0.2010493443906229,0.433,1000
learned_active,6,profile_mae,0.2010889364688417,0.434,1000
learned_active,6,profile_mae,0.2015011617833506,0.435,1000
learned_active,6,profile_mae,0.2021717017627393,0.436,1000
learned_active,6,profile_mae,0.2025046919621469,0.437,1000
learned_active,6,profile_mae,0.2025124108170922,0.438,1000
learned_active,6,profile_mae,0.2026933098475949,0.439,1000
learned_active,6,profile_mae,0.20313654125216,0.44,1000
learned_active,6,profile_mae,0.2040566732765977,0.441,1000
learned_active,6,profile_mae,0.204179348853259,0.442,1000
learned_active,6,profile_mae,0.2041805205058155,0.443,1000
learned_active,6,profile_mae,0.2044795224508076,0.444,1000
learned_active,6,profile_mae,0.2059851025278809,0.445,1000
learned_active,6,profile_mae,0.2068889102587512,0.446,1000
learned_active,6,profile_mae,0.206913848635294,0.447,1000
learned_active,6,profile_mae,0.2080320314394656,0.448,1000
learned_active,6,profile_mae,0.2084418470344916,0.449,1000
learned_active,6,profile_mae,0.2091497549045509,0.45,1000
learned_active,6,profile_mae,0.2092889630984829,0.451,1000
learned_active,6,profile_mae,0.2097000226621804,0.452,1000
learned_active,6,profile_mae,0.2111787915543384,0.453,1000
learned_active,6,profile_mae,0.2115700618636065,0.454,1000
learned_active,6,profile_mae,0.2118502601477606,0.455,1000
learned_active,6,profile_mae,0.2128131154921029,0.456,1000
learned_active,6,profile_mae,0.2128150817132962,0.457,1000
learned_active,6,profile_mae,0.2140132559238978,0.458,1000
learned_active,6,profile_mae,0.2140850949584895,0.459,1000
learned_active,6,profile_mae,0.2141812174525408,0.46,1000
learned_active,6,profile_mae,0.2141879576231302,0.461,1000
learned_active,6,profile_mae,0.2143819834901437,0.462,1000
learned_active,6,profile_mae,0.2145022539295923,0.463,1000
learned_active,6,profile_mae,0.2146246429403694,0.464,1000
learned_active,6,profile_mae,0.2154023477041796,0.465,1000
learned_active,6,profile_mae,0.2168335534993907,0.466,1000
learned_active,6,profile_mae,0.218376029357463,0.467,1000
learned_active,6,profile_mae,0.218849177812022,0.468,1000
learned_active,6,profile_mae,0.2189548087923578,0.469,1000
learned_active,6,profile_mae,0.2194790379196834,0.47,1000
learned_active,6,profile_mae,0.2208271798330077,0.471,1000
learned_active,6,profile_mae,0.2208511352581313,0.472,1000
learned_active,6,profile_mae,0.2217036616775035,0.473,1000
learned_active,6,profile_mae,0.2219976056496615,0.474,1000
learned_active,6,profile_mae,0.2222467382848851,0.475,1000
learned_active,6,profile_mae,0.2228636437476831,0.476,1000
learned_active,6,profile_mae,0.223291812044441,0.477,1000
learned_active,6,profile_mae,0.2234028064388678,0.478,1000
learned_active,6,profile_mae,0.2238256324801396,0.479,1000
learned_active,6,profile_mae,0.2238882518935996,0.48,1000
learned_active,6,profile_mae,0.2242766514509445,0.481,1000
learned_active,6,profile_mae,0.2248805877067458,0.482,1000
learned_active,6,profile_mae,0.2254909426494392,0.483,1000
learned_active,6,profile_mae,0.2264735860736382,0.484,1000
learned_active,6,profile_mae,0.2268123310339578,0.485,1000
learned_active,6,profile_mae,0.2269579213086547,0.486,1000
learned_active,6,profile_mae,0.2274479332438639,0.487,1000
learned_active,6,profile_mae,0.2276209514544996,0.488,1000
learned_active,6,profile_mae,0.2281094273686152,0.489,1000
learned_active,6,profile_mae,0.2284221157187081,0.49,1000
learned_active,6,profile_mae,0.2285525836467848,0.491,1000
learned_active,6,profile_mae,0.2298585138558349,0.492,1000
learned_active,6,profile_mae,0.2299215793902921,0.493,1000
learned_active,6,profile_mae,0.2300647289602566,0.494,1000
learned_active,6,profile_mae,0.2306736626717399,0.495,1000
learned_active,6,profile_mae,0.2311022400099821,0.496,1000
learned_active,6,profile_mae,0.2316219081915925,0.497,1000
learned_active,6,profile_mae,0.231739011076612,0.498,1000
learned_active,6,profile_mae,0.2325267710084697,0.499,1000
learned_active,6,profile_mae,0.2328544501445123,0.5,1000
learned_active,6,profile_mae,0.232892763123374,0.501,1000
learned_active,6,profile_mae,0.2335662773341621,0.502,1000
learned_active,6,profile_mae,0.2337405522377293,0.503,1000
learned_active,6,profile_mae,0.2337463900673247,0.504,1000
learned_active,6,profile_mae,0.2339486379576059,0.505,1000
learned_active,6,profile_mae,0.2359698156284333,0.506,1000
learned_active,6,profile_mae,0.2374727692608631,0.507,1000
learned_active,6,profile_mae,0.2376849488248899,0.508,1000
learned_active,6,profile_mae,0.238044220117141,0.509,1000
learned_active,6,profile_mae,0.2387296802568641,0.51,1000
learned_active,6,profile_mae,0.2392465665880267,0.511,1000
learned_active,6,profile_mae,0.2393298005694539,0.512,1000
learned_active,6,profile_mae,0.2393468942689099,0.513,1000
learned_active,6,profile_mae,0.2403926175130476,0.514,1000
learned_active,6,profile_mae,0.2408044754742111,0.515,1000
learned_active,6,profile_mae,0.2411174314659399,0.516,1000
learned_active,6,profile_mae,0.2417674876540791,0.517,1000
learned_active,6,profile_mae,0.2423583738231328,0.518,1000
learned_active,6,profile_mae,0.2426952161951074,0.519,1000
learned_active,6,profile_mae,0.2434493330989315,0.52,1000
learned_active,6,profile_mae,0.2434987904999723,0.521,1000
learned_active,6,profile_mae,0.2442961374388922,0.522,1000
learned_active,6,profile_mae,0.2444771684040231,0.523,1000
learned_active,6,profile_mae,0.2445337899594079,0.524,1000
learned_active,6,profile_mae,0.2454908411874958,0.525,1000
learned_active,6,profile_mae,0.2460186586692808,0.526,1000
learned_active,6,profile_mae,0.2460249321504518,0.527,1000
learned_active,6,profile_mae,0.2465244251525721,0.528,1000
learned_active,6,profile_mae,0.2465267475988526,0.529,1000
learned_active,6,profile_mae,0.2467660973398976,0.53,1000
learned_active,6,profile_mae,0.2470652940800472,0.531,1000
learned_active,6,profile_mae,0.2471541095729388,0.532,1000
learned_active,6,profile_mae,0.2475180910574813,0.533,1000
learned_active,6,profile_mae,0.248214219939289,0.534,1000
learned_active,6,profile_mae,0.2488910875772045,0.535,1000
learned_active,6,profile_mae,0.2500513942716598,0.536,1000
learned_active,6,profile_mae,0.2507151408385943,0.537,1000
learned_active,6,profile_mae,0.2507518172735586,0.538,1000
learned_active,6,profile_mae,0.2510487949139038,0.539,1000
learned_active,6,profile_mae,0.2530339038166271,0.54,1000
learned_active,6,profile_mae,0.2534439758638269,0.541,1000
learned_active,6,profile_mae,0.2536053827612282,0.542,1000
learned_active,6,profile_mae,0.2541311948045731,0.543,1000
learned_active,6,profile_mae,0.2541923495978573,0.544,1000
learned_active,6,profile_mae,0.2554885017315521,0.545,1000
learned_active,6,profile_mae,0.2559735965357376,0.546,1000
learned_active,6,profile_mae,0.2559889251219128,0.547,1000
learned_active,6,profile_mae,0.2567515527342546,0.548,1000
learned_active,6,profile_mae,0.2569244482017004,0.549,1000
learned_active,6,profile_mae,0.25744617910627,0.55,1000
learned_active,6,profile_mae,0.2577908143234317,0.551,1000
learned_active,6,profile_mae,0.2578558816863025,0.552,1000
learned_active,6,profile_mae,0.258086151101018,0.553,1000
learned_active,6,profile_mae,0.2584304833740652,0.554,1000
learned_active,6,profile_mae,0.2587109957302473,0.555,1000
learned_active,6,profile_mae,0.2588714649930141,0.556,1000
learned_active,6,profile_mae,0.2589995437871614,0.557,1000
learned_active,6,profile_mae,0.2594157210427907,0.558,1000
learned_active,6,profile_mae,0.260055490353035,0.559,1000
learned_active,6,profile_mae,0.2603093112837495,0.56,1000
learned_active,6,profile_mae,0.2603449419116717,0.561,1000
learned_active,6,profile_mae,0.2610192822542315,0.562,1000
learned_active,6,profile_mae,0.2612986663700208,0.563,1000
learned_active,6,profile_mae,0.2629961630912779,0.564,1000
learned_active,6,profile_mae,0.2651371072118711,0.565,1000
learned_active,6,profile_mae,0.2652009766383363,0.566,1000
learned_active,6,profile_mae,0.2658329050955484,0.567,1000
learned_active,6,profile_mae,0.2659586282913118,0.568,1000
learned_active,6,profile_mae,0.2660913448211137,0.569,1000
learned_active,6,profile_mae,0.2666395702488557,0.57,1000
learned_active,6,profile_mae,0.2666970397874448,0.571,1000
learned_active,6,profile_mae,0.266764322123594,0.572,1000
learned_active,6,profile_mae,0.2680109059269099,0.573,1000
learned_active,6,profile_mae,0.2680610886480493,0.574,1000
learned_active,6,profile_mae,0.2681695815533438,0.575,1000
learned_active,6,profile_mae,0.2696402284416186,0.576,1000
learned_active,6,profile_mae,0.2702031379489858,0.577,1000
learned_active,6,profile_mae,0.2707298342742796,0.578,1000
learned_active,6,profile_mae,0.2727938279509902,0.579,1000
learned_active,6,profile_mae,0.2745366400790301,0.58,1000
learned_active,6,profile_mae,0.2748151013170767,0.581,1000
learned_active,6,profile_mae,0.2767136514429302,0.582,1000
learned_active,6,profile_mae,0.2771250364917001,0.583,1000
learned_active,6,profile_mae,0.2775047901705821,0.584,1000
learned_active,6,profile_mae,0.2780821830710727,0.585,1000
learned_active,6,profile_mae,0.2786710157570437,0.586,1000
learned_active,6,profile_mae,0.2789942590816143,0.587,1000
learned_active,6,profile_mae,0.2790244817311845,0.588,1000
learned_active,6,profile_mae,0.2790756093485279,0.589,1000
learned_active,6,profile_mae,0.2794718230867437,0.59,1000
learned_active,6,profile_mae,0.2797640711392887,0.591,1000
learned_active,6,profile_mae,0.2808999105442973,0.592,1000
learned_active,6,profile_mae,0.2811055855165398,0.593,1000
learned_active,6,profile_mae,0.2817086410258749,0.594,1000
learned_active,6,profile_mae,0.2817623385804567,0.595,1000
learned_active,6,profile_mae,0.2821453078592951,0.596,1000
learned_active,6,profile_mae,0.28355346013455,0.597,1000
learned_active,6,profile_mae,0.2837104346763579,0.598,1000
learned_active,6,profile_mae,0.2838078964947005,0.599,1000
learned_active,6,profile_mae,0.2845879194897722,0.6,1000
learned_active,6,profile_mae,0.2853652450353502,0.601,1000
learned_active,6,profile_mae,0.2860611677962899,0.602,1000
learned_active,6,profile_mae,0.2861351889960108,0.603,1000
learned_active,6,profile_mae,0.2866274889264413,0.604,1000
learned_active,6,profile_mae,0.2867315430642563,0.605,1000
learned_active,6,profile_mae,0.2869588392824738,0.606,1000
learned_active,6,profile_mae,0.2881030754033498,0.607,1000
learned_active,6,profile_mae,0.2881930599651977,0.608,1000
learned_active,6,profile_mae,0.2888975786666169,0.609,1000
learned_active,6,profile_mae,0.2891058584597912,0.61,1000
learned_active,6,profile_mae,0.2891629441241034,0.611,1000
learned_active,6,profile_mae,0.28948878417949,0.612,1000
learned_active,6,profile_mae,0.2894900678462445,0.613,1000
learned_active,6,profile_mae,0.2900531543663942,0.614,1000
learned_active,6,profile_mae,0.2916267597873644,0.615,1000
learned_active,6,profile_mae,0.2918164887859475,0.616,1000
learned_active,6,profile_mae,0.2929541444854545,0.617,1000
learned_active,6,profile_mae,0.2948733057477385,0.618,1000
learned_active,6,profile_mae,0.2954003911709451,0.619,1000
learned_active,6,profile_mae,0.2956139797233767,0.62,1000
learned_active,6,profile_mae,0.2957330999024869,0.621,1000
learned_active,6,profile_mae,0.2961322922634394,0.622,1000
learned_active,6,profile_mae,0.2975436312518005,0.623,1000
learned_active,6,profile_mae,0.2976693564342533,0.624,1000
learned_active,6,profile_mae,0.297883488254332,0.625,1000
learned_active,6,profile_mae,0.298310730841368,0.626,1000
learned_active,6,profile_mae,0.3003324617226872,0.627,1000
learned_active,6,profile_mae,0.3010305418594179,0.628,1000
learned_active,6,profile_mae,0.3016223030247815,0.629,1000
learned_active,6,profile_mae,0.302574508102962,0.63,1000
learned_active,6,profile_mae,0.3028612090093142,0.631,1000
learned_active,6,profile_mae,0.303033749841496,0.632,1000
learned_active,6,profile_mae,0.3031080169151476,0.633,1000
learned_active,6,profile_mae,0.3034419086766057,0.634,1000
learned_active,6,profile_mae,0.3045972537380451,0.635,1000
learned_active,6,profile_mae,0.304816847179608,0.636,1000
learned_active,6,profile_mae,0.305161440443623,0.637,1000
learned_active,6,profile_mae,0.3063710268112236,0.638,1000
learned_active,6,profile_mae,0.3066053514866151,0.639,1000
learned_active,6,profile_mae,0.3067925062020524,0.64,1000
learned_active,6,profile_mae,0.3069989814823461,0.641,1000
learned_active,6,profile_mae,0.3071514690079751,0.642,1000
learned_active,6,profile_mae,0.3087781942689867,0.643,1000
learned_active,6,profile_mae,0.3089885423382956,0.644,1000
learned_active,6,profile_mae,0.3104865166008901,0.645,1000
learned_active,6,profile_mae,0.3116620740729723,0.646,1000
learned_active,6,profile_mae,0.3129224771618932,0.647,1000
learned_active,6,profile_mae,0.3130396637216852,0.648,1000
learned_active,6,profile_mae,0.3150042807603992,0.649,1000
learned_active,6,profile_mae,0.3168718151904339,0.65,1000
learned_active,6,profile_mae,0.3168970105364322,0.651,1000
learned_active,6,profile_mae,0.3179179563490433,0.652,1000
learned_active,6,profile_mae,0.3199458583833905,0.653,1000
learned_active,6,profile_mae,0.3199837372289092,0.654,1000
learned_active,6,profile_mae,0.3209047193923295,0.655,1000
learned_active,6,profile_mae,0.3209722403977446,0.656,1000
learned_active,6,profile_mae,0.3217243844988049,0.657,1000
learned_active,6,profile_mae,0.3231304129684622,0.658,1000
learned_active,6,profile_mae,0.3231696260120928,0.659,1000
learned_active,6,profile_mae,0.3235139014228221,0.66,1000
learned_active,6,profile_mae,0.3252807023538309,0.661,1000
learned_active,6,profile_mae,0.3253543446476716,0.662,1000
learned_active,6,profile_mae,0.3257424445261972,0.663,1000
learned_active,6,profile_mae,0.3257710515151482,0.664,1000
learned_active,6,profile_mae,0.3262658756329239,0.665,1000
learned_active,6,profile_mae,0.326598229519057,0.666,1000
learned_active,6,profile_mae,0.3266490887154192,0.667,1000
learned_active,6,profile_mae,0.3267521160927698,0.668,1000
learned_active,6,profile_mae,0.3269996822442758,0.669,1000
learned_active,6,profile_mae,0.3286952475230105,0.67,1000
learned_active,6,profile_mae,0.3299468130761534,0.671,1000
learned_active,6,profile_mae,0.3304294508930792,0.672,1000
learned_active,6,profile_mae,0.3308319844963173,0.673,1000
learned_active,6,profile_mae,0.3313046852630811,0.674,1000
learned_active,6,profile_mae,0.3315309788332714,0.675,1000
learned_active,6,profile_mae,0.3323011409143233,0.676,1000
learned_active,6,profile_mae,0.3334668669098913,0.677,1000
learned_active,6,profile_mae,0.336549098753895,0.678,1000
learned_active,6,profile_mae,0.3371536743095573,0.679,1000
learned_active,6,profile_mae,0.3387339314539709,0.68,1000
learned_active,6,profile_mae,0.3390104657554795,0.681,1000
learned_active,6,profile_mae,0.3397256115839576,0.682,1000
learned_active,6,profile_mae,0.3410376342153727,0.683,1000
learned_active,6,profile_mae,0.3411427288871304,0.684,1000
learned_active,6,profile_mae,0.341785171670372,0.685,1000
learned_active,6,profile_mae,0.3423854290675632,0.686,1000
learned_active,6,profile_mae,0.3431539777812806,0.687,1000
learned_active,6,profile_mae,0.3438818130550853,0.688,1000
learned_active,6,profile_mae,0.3440884564356511,0.689,1000
learned_active,6,profile_mae,0.3450432739224029,0.69,1000
learned_active,6,profile_mae,0.3454435788311465,0.691,1000
learned_active,6,profile_mae,0.3456427453488809,0.692,1000
learned_active,6,profile_mae,0.3471358055316823,0.693,1000
learned_active,6,profile_mae,0.3474671191809187,0.694,1000
learned_active,6,profile_mae,0.3475495237765671,0.695,1000
learned_active,6,profile_mae,0.3478107252406686,0.696,1000
learned_active,6,profile_mae,0.3480156947252031,0.697,1000
learned_active,6,profile_mae,0.3489473586791857,0.698,1000
learned_active,6,profile_mae,0.3491649513109258,0.699,1000
learned_active,6,profile_mae,0.3499065584839105,0.7,1000
learned_active,6,profile_mae,0.3504608150136145,0.701,1000
learned_active,6,profile_mae,0.3508238842903852,0.702,1000
learned_active,6,profile_mae,0.3510567334760151,0.703,1000
learned_active,6,profile_mae,0.3514406214290937,0.704,1000
learned_active,6,profile_mae,0.3515965916110853,0.705,1000
learned_active,6,profile_mae,0.3519854861296008,0.706,1000
learned_active,6,profile_mae,0.3527556928435407,0.707,1000
learned_active,6,profile_mae,0.3529150981256024,0.708,1000
learned_active,6,profile_mae,0.3530287063008013,0.709,1000
learned_active,6,profile_mae,0.3542744350303404,0.71,1000
learned_active,6,profile_mae,0.3543054048361471,0.711,1000
learned_active,6,profile_mae,0.3548970512135009,0.712,1000
learned_active,6,profile_mae,0.35532858870122,0.713,1000
learned_active,6,profile_mae,0.3557764490442522,0.714,1000
learned_active,6,profile_mae,0.3560517939509355,0.715,1000
learned_active,6,profile_mae,0.3566768642173918,0.716,1000
learned_active,6,profile_mae,0.3576283095911992,0.717,1000
learned_active,6,profile_mae,0.3581429617622979,0.718,1000
learned_active,6,profile_mae,0.3581482797928597,0.719,1000
learned_active,6,profile_mae,0.3583565693039831,0.72,1000
learned_active,6,profile_mae,0.3592771516662714,0.721,1000
learned_active,6,profile_mae,0.3625039643456937,0.722,1000
learned_active,6,profile_mae,0.3626531657370395,0.723,1000
learned_active,6,profile_mae,0.3631615953991299,0.724,1000
learned_active,6,profile_mae,0.3641703157136926,0.725,1000
learned_active,6,profile_mae,0.3643182412553143,0.726,1000
learned_active,6,profile_mae,0.365025771225091,0.727,1000
learned_active,6,profile_mae,0.3664108938212883,0.728,1000
learned_active,6,profile_mae,0.3675497831772631,0.729,1000
learned_active,6,profile_mae,0.3679227219515982,0.73,1000
learned_active,6,profile_mae,0.3691142752687934,0.731,1000
learned_active,6,profile_mae,0.3699932872280396,0.732,1000
learned_active,6,profile_mae,0.3705264515807916,0.733,1000
learned_active,6,profile_mae,0.3731420701591654,0.734,1000
learned_active,6,profile_mae,0.3734163838472144,0.735,1000
learned_active,6,profile_mae,0.374094744069528,0.736,1000
learned_active,6,profile_mae,0.3755957828199237,0.737,1000
learned_active,6,profile_mae,0.3759450867099487,0.738,1000
learned_active,6,profile_mae,0.3791159845901493,0.739,1000
learned_active,6,profile_mae,0.3797369251809402,0.74,1000
learned_active,6,profile_mae,0.379767681849606,0.741,1000
learned_active,6,profile_mae,0.3798091265405474,0.742,1000
learned_active,6,profile_mae,0.3801137383822841,0.743,1000
learned_active,6,profile_mae,0.3806146588590169,0.744,1000
learned_active,6,profile_mae,0.3818264926498595,0.745,1000
learned_active,6,profile_mae,0.3818585409377615,0.746,1000
learned_active,6,profile_mae,0.3833592823917744,0.747,1000
learned_active,6,profile_mae,0.3841239967581222,0.748,1000
learned_active,6,profile_mae,0.384964652747111,0.749,1000
learned_active,6,profile_mae,0.3852599492526423,0.75,1000
learned_active,6,profile_mae,0.3859059610279878,0.751,1000
learned_active,6,profile_mae,0.3861302228854801,0.752,1000
learned_active,6,profile_mae,0.3891749333105121,0.753,1000
learned_active,6,profile_mae,0.3892928365613143,0.754,1000
learned_active,6,profile_mae,0.389301144373198,0.755,1000
learned_active,6,profile_mae,0.3903498776115067,0.756,1000
learned_active,6,profile_mae,0.3930814975608989,0.757,1000
learned_active,6,profile_mae,0.3933979196664088,0.758,1000
learned_active,6,profile_mae,0.3941109658038066,0.759,1000
learned_active,6,profile_mae,0.3945247059473852,0.76,1000
learned_active,6,profile_mae,0.3951318078130301,0.761,1000
learned_active,6,profile_mae,0.3956627723202756,0.762,1000
learned_active,6,profile_mae,0.3974762089837684,0.763,1000
learned_active,6,profile_mae,0.3997228350962906,0.764,1000
learned_active,6,profile_mae,0.4011320813765337,0.765,1000
learned_active,6,profile_mae,0.4019062172540278,0.766,1000
learned_active,6,profile_mae,0.4024652585166799,0.767,1000
learned_active,6,profile_mae,0.4028433224516932,0.768,1000
learned_active,6,profile_mae,0.4045800822496052,0.769,1000
learned_active,6,profile_mae,0.4072688129143395,0.77,1000
learned_active,6,profile_mae,0.4078989490596476,0.771,1000
learned_active,6,profile_mae,0.407935562147503,0.772,1000
learned_active,6,profile_mae,0.4081274522499359,0.773,1000
learned_active,6,profile_mae,0.4085840032535073,0.774,1000
learned_active,6,profile_mae,0.4100973887423931,0.775,1000
learned_active,6,profile_mae,0.4106670073260048,0.776,1000
learned_active,6,profile_mae,0.4137462990050768,0.777,1000
learned_active,6,profile_mae,0.4150519571046576,0.778,1000
learned_active,6,profile_mae,0.4152373524760254,0.779,1000
learned_active,6,profile_mae,0.4158696238745967,0.78,1000
learned_active,6,profile_mae,0.4159196542262678,0.781,1000
learned_active,6,profile_mae,0.4179953068348574,0.782,1000
learned_active,6,profile_mae,0.4201432015607736,0.783,1000
learned_active,6,profile_mae,0.4204434793478107,0.784,1000
learned_active,6,profile_mae,0.4213578505373534,0.785,1000
learned_active,6,profile_mae,0.4215049231140044,0.786,1000
learned_active,6,profile_mae,0.421516969169027,0.787,1000
learned_active,6,profile_mae,0.4215644209073772,0.788,1000
learned_active,6,profile_mae,0.4250992454415598,0.789,1000
learned_active,6,profile_mae,0.4256160841915875,0.79,1000
learned_active,6,profile_mae,0.4262440309425923,0.791,1000
learned_active,6,profile_mae,0.426483743851149,0.792,1000
learned_active,6,profile_mae,0.4278894487452485,0.793,1000
learned_active,6,profile_mae,0.4286080094017521,0.794,1000
learned_active,6,profile_mae,0.4297772775081503,0.795,1000
learned_active,6,profile_mae,0.4305732825192982,0.796,1000
learned_active,6,profile_mae,0.4313356360765325,0.797,1000
learned_active,6,profile_mae,0.4313837566362429,0.798,1000
learned_active,6,profile_mae,0.4316112912130801,0.799,1000
learned_active,6,profile_mae,0.4322218383211967,0.8,1000
learned_active,6,profile_mae,0.4332576901865231,0.801,1000
learned_active,6,profile_mae,0.4336812435960579,0.802,1000
learned_active,6,profile_mae,0.4350771226676657,0.803,1000
learned_active,6,profile_mae,0.4381598468015775,0.804,1000
learned_active,6,profile_mae,0.4389814951952813,0.805,1000
learned_active,6,profile_mae,0.43913838836608,0.806,1000
learned_active,6,profile_mae,0.439315982445132,0.807,1000
learned_active,6,profile_mae,0.4406993865266057,0.808,1000
learned_active,6,profile_mae,0.4408534846935985,0.809,1000
learned_active,6,profile_mae,0.4414888661833429,0.81,1000
learned_active,6,profile_mae,0.4421298395080695,0.811,1000
learned_active,6,profile_mae,0.4427095691949607,0.812,1000
learned_active,6,profile_mae,0.4441766669115956,0.813,1000
learned_active,6,profile_mae,0.4444384814956476,0.814,1000
learned_active,6,profile_mae,0.4448589000595006,0.815,1000
learned_active,6,profile_mae,0.4452949086426145,0.816,1000
learned_active,6,profile_mae,0.4478916814162995,0.817,1000
learned_active,6,profile_mae,0.4480702169281287,0.818,1000
learned_active,6,profile_mae,0.448123968012217,0.819,1000
learned_active,6,profile_mae,0.4509714156658855,0.82,1000
learned_active,6,profile_mae,0.4512511377663115,0.821,1000
learned_active,6,profile_mae,0.4526793155088449,0.822,1000
learned_active,6,profile_mae,0.4533459465321395,0.823,1000
learned_active,6,profile_mae,0.4546827991662721,0.824,1000
learned_active,6,profile_mae,0.4554009381133181,0.825,1000
learned_active,6,profile_mae,0.4555962714663727,0.826,1000
learned_active,6,profile_mae,0.4558828453355281,0.827,1000
learned_active,6,profile_mae,0.4563569975057488,0.828,1000
learned_active,6,profile_mae,0.4593616822728432,0.829,1000
learned_active,6,profile_mae,0.4603524584712648,0.83,1000
learned_active,6,profile_mae,0.4606467462093773,0.831,1000
learned_active,6,profile_mae,0.462492558974615,0.832,1000
learned_active,6,profile_mae,0.4628863557149018,0.833,1000
learned_active,6,profile_mae,0.4652329088210501,0.834,1000
learned_active,6,profile_mae,0.4662108386885572,0.835,1000
learned_active,6,profile_mae,0.4673819509836877,0.836,1000
learned_active,6,profile_mae,0.4688032531104277,0.837,1000
learned_active,6,profile_mae,0.4712875679001153,0.838,1000
learned_active,6,profile_mae,0.471486579093604,0.839,1000
learned_active,6,profile_mae,0.4743900056883443,0.84,1000
learned_active,6,profile_mae,0.4762136726090184,0.841,1000
learned_active,6,profile_mae,0.4778275237300268,0.842,1000
learned_active,6,profile_mae,0.4795016696214725,0.843,1000
learned_active,6,profile_mae,0.4810233213947567,0.844,1000
learned_active,6,profile_mae,0.4813415812568458,0.845,1000
learned_active,6,profile_mae,0.4816542885231055,0.846,1000
learned_active,6,profile_mae,0.4821024292070986,0.847,1000
learned_active,6,profile_mae,0.4846440967475247,0.848,1000
learned_active,6,profile_mae,0.4857098758342197,0.849,1000
learned_active,6,profile_mae,0.4860459704450976,0.85,1000
learned_active,6,profile_mae,0.4917583622442076,0.851,1000
learned_active,6,profile_mae,0.4917742131941945,0.852,1000
learned_active,6,profile_mae,0.4921126138380016,0.853,1000
learned_active,6,profile_mae,0.4937905206494027,0.854,1000
learned_active,6,profile_mae,0.4957397835055882,0.855,1000
learned_active,6,profile_mae,0.4981816589566114,0.856,1000
learned_active,6,profile_mae,0.4992482909104767,0.857,1000
learned_active,6,profile_mae,0.5038935149990721,0.858,1000
learned_active,6,profile_mae,0.5057564707386825,0.859,1000
learned_active,6,profile_mae,0.5089337008202858,0.86,1000
learned_active,6,profile_mae,0.5096549837778288,0.861,1000
learned_active,6,profile_mae,0.5199393984676374,0.862,1000
learned_active,6,profile_mae,0.520638549295299,0.863,1000
learned_active,6,profile_mae,0.5218608719299619,0.864,1000
learned_active,6,profile_mae,0.5227478088752231,0.865,1000
learned_active,6,profile_mae,0.5235689349226539,0.866,1000
learned_active,6,profile_mae,0.5245028980261385,0.867,1000
learned_active,6,profile_mae,0.5247197576965267,0.868,1000
learned_active,6,profile_mae,0.526786503867685,0.869,1000
learned_active,6,profile_mae,0.5272464056111641,0.87,1000
learned_active,6,profile_mae,0.530868063455162,0.871,1000
learned_active,6,profile_mae,0.5317144419494513,0.872,1000
learned_active,6,profile_mae,0.5329864905186593,0.873,1000
learned_active,6,profile_mae,0.5354208460805641,0.874,1000
learned_active,6,profile_mae,0.5355517857540034,0.875,1000
learned_active,6,profile_mae,0.5365508547051938,0.876,1000
learned_active,6,profile_mae,0.5372021004212576,0.877,1000
learned_active,6,profile_mae,0.5381838689969255,0.878,1000
learned_active,6,profile_mae,0.5425039539981666,0.879,1000
learned_active,6,profile_mae,0.5440555789894755,0.88,1000
learned_active,6,profile_mae,0.5442537176298429,0.881,1000
learned_active,6,profile_mae,0.5457581889459823,0.882,1000
learned_active,6,profile_mae,0.5483657445799929,0.883,1000
learned_active,6,profile_mae,0.5568956635369469,0.884,1000
learned_active,6,profile_mae,0.5643383982926271,0.885,1000
learned_active,6,profile_mae,0.5662165968480931,0.886,1000
learned_active,6,profile_mae,0.5669905793841091,0.887,1000
learned_active,6,profile_mae,0.568280324068234,0.888,1000
learned_active,6,profile_mae,0.5684003617072347,0.889,1000
learned_active,6,profile_mae,0.5694461601211875,0.89,1000
learned_active,6,profile_mae,0.572140709645073,0.891,1000
learned_active,6,profile_mae,0.5750647779275185,0.892,1000
learned_active,6,profile_mae,0.5774315017927355,0.893,1000
learned_active,6,profile_mae,0.5774540381269823,0.894,1000
learned_active,6,profile_mae,0.5849176163569302,0.895,1000
learned_active,6,profile_mae,0.5864792727850241,0.896,1000
learned_active,6,profile_mae,0.5886471417179314,0.897,1000
learned_active,6,profile_mae,0.5942962483745372,0.898,1000
learned_active,6,profile_mae,0.59764050326504,0.899,1000
learned_active,6,profile_mae,0.6004115114175862,0.9,1000
learned_active,6,profile_mae,0.6009331743361312,0.901,1000
learned_active,6,profile_mae,0.6028515655886093,0.902,1000
learned_active,6,profile_mae,0.6090899605147956,0.903,1000
learned_active,6,profile_mae,0.6099944345763016,0.904,1000
learned_active,6,profile_mae,0.6140860141304602,0.905,1000
learned_active,6,profile_mae,0.6146207743437306,0.906,1000
learned_active,6,profile_mae,0.6175759961059496,0.907,1000
learned_active,6,profile_mae,0.6177164946733975,0.908,1000
learned_active,6,profile_mae,0.621008766110779,0.909,1000
learned_active,6,profile_mae,0.6246163510599982,0.91,1000
learned_active,6,profile_mae,0.6314356933046427,0.911,1000
learned_active,6,profile_mae,0.6409606172928947,0.912,1000
learned_active,6,profile_mae,0.6420257724461798,0.913,1000
learned_active,6,profile_mae,0.6465994505969556,0.914,1000
learned_active,6,profile_mae,0.6498953952645751,0.915,1000
learned_active,6,profile_mae,0.6614481686753206,0.916,1000
learned_active,6,profile_mae,0.665382824076057,0.917,1000
learned_active,6,profile_mae,0.6729090709643119,0.918,1000
learned_active,6,profile_mae,0.6733603798971796,0.919,1000
learned_active,6,profile_mae,0.6739123328307215,0.92,1000
learned_active,6,profile_mae,0.6751463991623653,0.921,1000
learned_active,6,profile_mae,0.6761524776015668,0.922,1000
learned_active,6,profile_mae,0.6796122137341523,0.923,1000
learned_active,6,profile_mae,0.6807130338419772,0.924,1000
learned_active,6,profile_mae,0.6843570517077718,0.925,1000
learned_active,6,profile_mae,0.6884950127581188,0.926,1000
learned_active,6,profile_mae,0.6918205138317238,0.927,1000
learned_active,6,profile_mae,0.6949791216681638,0.928,1000
learned_active,6,profile_mae,0.6971995138122956,0.929,1000
learned_active,6,profile_mae,0.7019207282043577,0.93,1000
learned_active,6,profile_mae,0.7187082604420015,0.931,1000
learned_active,6,profile_mae,0.7270343294639293,0.932,1000
learned_active,6,profile_mae,0.7371631128341356,0.933,1000
learned_active,6,profile_mae,0.7378047025178497,0.934,1000
learned_active,6,profile_mae,0.7391608109641816,0.935,1000
learned_active,6,profile_mae,0.7482868832305621,0.936,1000
learned_active,6,profile_mae,0.7595506258392956,0.937,1000
learned_active,6,profile_mae,0.7663119458230653,0.938,1000
learned_active,6,profile_mae,0.7727188280788194,0.939,1000
learned_active,6,profile_mae,0.7872863356430427,0.94,1000
learned_active,6,profile_mae,0.7910058515317843,0.941,1000
learned_active,6,profile_mae,0.7913871580469515,0.942,1000
learned_active,6,profile_mae,0.7981113142891624,0.943,1000
learned_active,6,profile_mae,0.8043346740763299,0.944,1000
learned_active,6,profile_mae,0.8077237410499906,0.945,1000
learned_active,6,profile_mae,0.8174489844497482,0.946,1000
learned_active,6,profile_mae,0.8200987369135162,0.947,1000
learned_active,6,profile_mae,0.8231026516161589,0.948,1000
learned_active,6,profile_mae,0.8284961928577025,0.949,1000
learned_active,6,profile_mae,0.8395991030417078,0.95,1000
learned_active,6,profile_mae,0.8494188460722132,0.951,1000
learned_active,6,profile_mae,0.856211107574809,0.952,1000
learned_active,6,profile_mae,0.8568097635450987,0.953,1000
learned_active,6,profile_mae,0.8864265153112388,0.954,1000
learned_active,6,profile_mae,0.8893105039012122,0.955,1000
learned_active,6,profile_mae,0.8912428702240569,0.956,1000
learned_active,6,profile_mae,0.8932037831365888,0.957,1000
learned_active,6,profile_mae,0.8994099125873442,0.958,1000
learned_active,6,profile_mae,0.9020642155754848,0.959,1000
learned_active,6,profile_mae,0.94515256226276,0.96,1000
learned_active,6,profile_mae,0.9479696293479032,0.961,1000
learned_active,6,profile_mae,0.9529605534379164,0.962,1000
learned_active,6,profile_mae,0.9719147834001988,0.963,1000
learned_active,6,profile_mae,0.9798160426617312,0.964,1000
learned_active,6,profile_mae,0.9900198749347784,0.965,1000
learned_active,6,profile_mae,1.0336295711836974,0.966,1000
learned_active,6,profile_mae,1.03516831412528,0.967,1000
learned_active,6,profile_mae,1.0396353703412295,0.968,1000
learned_active,6,profile_mae,1.0513828139255388,0.969,1000
learned_active,6,profile_mae,1.0577176660062697,0.97,1000
learned_active,6,profile_mae,1.0585674047711715,0.971,1000
learned_active,6,profile_mae,1.0742080591119372,0.972,1000
learned_active,6,profile_mae,1.086403471856367,0.973,1000
learned_active,6,profile_mae,1.115018136122156,0.974,1000
learned_active,6,profile_mae,1.121768005994789,0.975,1000
learned_active,6,profile_mae,1.1779285542786988,0.976,1000
learned_active,6,profile_mae,1.1815727988537568,0.977,1000
learned_active,6,profile_mae,1.1847006185039433,0.978,1000
learned_active,6,profile_mae,1.2044781057528906,0.979,1000
learned_active,6,profile_mae,1.243799494918614,0.98,1000
learned_active,6,profile_mae,1.2684878801437678,0.981,1000
learned_active,6,profile_mae,1.3132209012747298,0.982,1000
learned_active,6,profile_mae,1.317498665855357,0.983,1000
learned_active,6,profile_mae,1.4303332957527353,0.984,1000
learned_active,6,profile_mae,1.4609424702595355,0.985,1000
learned_active,6,profile_mae,1.5546066421067153,0.986,1000
learned_active,6,profile_mae,1.5745047287307727,0.987,1000
learned_active,6,profile_mae,1.6417998503591924,0.988,1000
learned_active,6,profile_mae,1.9100986607342252,0.989,1000
learned_active,6,profile_mae,1.9482697243357607,0.99,1000
learned_active,6,profile_mae,1.9760566669729684,0.991,1000
learned_active,6,profile_mae,2.4326608952370594,0.992,1000
learned_active,6,profile_mae,2.649723484386423,0.993,1000
learned_active,6,profile_mae,2.6598954793355,0.994,1000
learned_active,6,profile_mae,2.809560871438322,0.995,1000
learned_active,6,profile_mae,3.117346072731445,0.996,1000
learned_active,6,profile_mae,3.655328526118757,0.997,1000
learned_active,6,profile_mae,5.268858762603218,0.998,1000
learned_active,6,profile_mae,10.525066297067257,0.999,1000
learned_active,6,profile_mae,11.639651026298717,1.0,1000
learned_active,6,barrier_abs_error,0.0,0.001,1000
learned_active,6,barrier_abs_error,0.0,0.002,1000
learned_active,6,barrier_abs_error,0.0,0.003,1000
learned_active,6,barrier_abs_error,0.0,0.004,1000
learned_active,6,barrier_abs_error,0.0,0.005,1000
learned_active,6,barrier_abs_error,0.0,0.006,1000
learned_active,6,barrier_abs_error,0.0,0.007,1000
learned_active,6,barrier_abs_error,0.0,0.008,1000
learned_active,6,barrier_abs_error,0.0,0.009,1000
learned_active,6,barrier_abs_error,0.0,0.01,1000
learned_active,6,barrier_abs_error,0.0,0.011,1000
learned_active,6,barrier_abs_error,0.0,0.012,1000
learned_active,6,barrier_abs_error,0.0,0.013,1000
learned_active,6,barrier_abs_error,0.0,0.014,1000
learned_active,6,barrier_abs_error,0.0,0.015,1000
learned_active,6,barrier_abs_error,0.0,0.016,1000
learned_active,6,barrier_abs_error,0.0,0.017,1000
learned_active,6,barrier_abs_error,0.0,0.018,1000
learned_active,6,barrier_abs_error,0.0,0.019,1000
learned_active,6,barrier_abs_error,0.0,0.02,1000
learned_active,6,barrier_abs_error,0.0,0.021,1000
learned_active,6,barrier_abs_error,0.0,0.022,1000
learned_active,6,barrier_abs_error,0.0,0.023,1000
learned_active,6,barrier_abs_error,0.0,0.024,1000
learned_active,6,barrier_abs_error,0.0,0.025,1000
learned_active,6,barrier_abs_error,0.0,0.026,1000
learned_active,6,barrier_abs_error,0.0,0.027,1000
learned_active,6,barrier_abs_error,0.0,0.028,1000
learned_active,6,barrier_abs_error,0.0,0.029,1000
learned_active,6,barrier_abs_error,0.0,0.03,1000
learned_active,6,barrier_abs_error,0.0,0.031,1000
learned_active,6,barrier_abs_error,0.0,0.032,1000
learned_active,6,barrier_abs_error,0.0,0.033,1000
learned_active,6,barrier_abs_error,0.0,0.034,1000
learned_active,6,barrier_abs_error,0.0,0.035,1000
learned_active,6,barrier_abs_error,0.0,0.036,1000
learned_active,6,barrier_abs_error,0.0,0.037,1000
learned_active,6,barrier_abs_error,0.0,0.038,1000
learned_active,6,barrier_abs_error,0.0,0.039,1000
learned_active,6,barrier_abs_error,0.0,0.04,1000
learned_active,6,barrier_abs_error,0.0,0.041,1000
learned_active,6,barrier_abs_error,0.0,0.042,1000
learned_active,6,barrier_abs_error,0.0,0.043,1000
learned_active,6,barrier_abs_error,0.0,0.044,1000
learned_active,6,barrier_abs_error,0.0,0.045,1000
learned_active,6,barrier_abs_error,0.0,0.046,1000
learned_active,6,barrier_abs_error,0.0,0.047,1000
learned_active,6,barrier_abs_error,0.0,0.048,1000
learned_active,6,barrier_abs_error,0.0,0.049,1000
learned_active,6,barrier_abs_error,0.0,0.05,1000
learned_active,6,barrier_abs_error,0.0,0.051,1000
learned_active,6,barrier_abs_error,0.0,0.052,1000
learned_active,6,barrier_abs_error,0.0,0.053,1000
learned_active,6,barrier_abs_error,0.0,0.054,1000
learned_active,6,barrier_abs_error,0.0,0.055,1000
learned_active,6,barrier_abs_error,0.0,0.056,1000
learned_active,6,barrier_abs_error,0.0,0.057,1000
learned_active,6,barrier_abs_error,0.0,0.058,1000
learned_active,6,barrier_abs_error,0.0,0.059,1000
learned_active,6,barrier_abs_error,0.0,0.06,1000
learned_active,6,barrier_abs_error,0.0,0.061,1000
learned_active,6,barrier_abs_error,0.0,0.062,1000
learned_active,6,barrier_abs_error,0.0,0.063,1000
learned_active,6,barrier_abs_error,0.0,0.064,1000
learned_active,6,barrier_abs_error,0.0,0.065,1000
learned_active,6,barrier_abs_error,0.0,0.066,1000
learned_active,6,barrier_abs_error,0.0,0.067,1000
learned_active,6,barrier_abs_error,0.0,0.068,1000
learned_active,6,barrier_abs_error,0.0,0.069,1000
learned_active,6,barrier_abs_error,0.0,0.07,1000
learned_active,6,barrier_abs_error,0.0,0.071,1000
learned_active,6,barrier_abs_error,0.0,0.072,1000
learned_active,6,barrier_abs_error,0.0,0.073,1000
learned_active,6,barrier_abs_error,0.0,0.074,1000
learned_active,6,barrier_abs_error,0.0,0.075,1000
learned_active,6,barrier_abs_error,0.0,0.076,1000
learned_active,6,barrier_abs_error,0.0,0.077,1000
learned_active,6,barrier_abs_error,0.0,0.078,1000
learned_active,6,barrier_abs_error,0.0,0.079,1000
learned_active,6,barrier_abs_error,0.0,0.08,1000
learned_active,6,barrier_abs_error,0.0,0.081,1000
learned_active,6,barrier_abs_error,0.0,0.082,1000
learned_active,6,barrier_abs_error,0.0,0.083,1000
learned_active,6,barrier_abs_error,0.0,0.084,1000
learned_active,6,barrier_abs_error,0.0,0.085,1000
learned_active,6,barrier_abs_error,0.0,0.086,1000
learned_active,6,barrier_abs_error,0.0,0.087,1000
learned_active,6,barrier_abs_error,0.0,0.088,1000
learned_active,6,barrier_abs_error,0.0,0.089,1000
learned_active,6,barrier_abs_error,0.0,0.09,1000
learned_active,6,barrier_abs_error,0.0,0.091,1000
learned_active,6,barrier_abs_error,0.0,0.092,1000
learned_active,6,barrier_abs_error,0.0,0.093,1000
learned_active,6,barrier_abs_error,0.0,0.094,1000
learned_active,6,barrier_abs_error,0.0,0.095,1000
learned_active,6,barrier_abs_error,0.0,0.096,1000
learned_active,6,barrier_abs_error,0.0,0.097,1000
learned_active,6,barrier_abs_error,0.0,0.098,1000
learned_active,6,barrier_abs_error,0.0,0.099,1000
learned_active,6,barrier_abs_error,0.0,0.1,1000
learned_active,6,barrier_abs_error,0.0,0.101,1000
learned_active,6,barrier_abs_error,0.0,0.102,1000
learned_active,6,barrier_abs_error,0.0,0.103,1000
learned_active,6,barrier_abs_error,0.0,0.104,1000
learned_active,6,barrier_abs_error,0.0,0.105,1000
learned_active,6,barrier_abs_error,0.0,0.106,1000
learned_active,6,barrier_abs_error,0.0,0.107,1000
learned_active,6,barrier_abs_error,0.0,0.108,1000
learned_active,6,barrier_abs_error,0.0,0.109,1000
learned_active,6,barrier_abs_error,0.0,0.11,1000
learned_active,6,barrier_abs_error,0.0,0.111,1000
learned_active,6,barrier_abs_error,0.0,0.112,1000
learned_active,6,barrier_abs_error,0.0,0.113,1000
learned_active,6,barrier_abs_error,0.0,0.114,1000
learned_active,6,barrier_abs_error,0.0,0.115,1000
learned_active,6,barrier_abs_error,0.0,0.116,1000
learned_active,6,barrier_abs_error,0.0,0.117,1000
learned_active,6,barrier_abs_error,0.0,0.118,1000
learned_active,6,barrier_abs_error,0.0,0.119,1000
learned_active,6,barrier_abs_error,0.0,0.12,1000
learned_active,6,barrier_abs_error,0.0,0.121,1000
learned_active,6,barrier_abs_error,0.0,0.122,1000
learned_active,6,barrier_abs_error,0.0,0.123,1000
learned_active,6,barrier_abs_error,0.0,0.124,1000
learned_active,6,barrier_abs_error,0.0,0.125,1000
learned_active,6,barrier_abs_error,0.0,0.126,1000
learned_active,6,barrier_abs_error,0.0,0.127,1000
learned_active,6,barrier_abs_error,0.0,0.128,1000
learned_active,6,barrier_abs_error,0.0,0.129,1000
learned_active,6,barrier_abs_error,0.0,0.13,1000
learned_active,6,barrier_abs_error,0.0,0.131,1000
learned_active,6,barrier_abs_error,0.0,0.132,1000
learned_active,6,barrier_abs_error,0.0,0.133,1000
learned_active,6,barrier_abs_error,0.0,0.134,1000
learned_active,6,barrier_abs_error,0.0,0.135,1000
learned_active,6,barrier_abs_error,0.0,0.136,1000
learned_active,6,barrier_abs_error,0.0,0.137,1000
learned_active,6,barrier_abs_error,0.0,0.138,1000
learned_active,6,barrier_abs_error,0.0,0.139,1000
learned_active,6,barrier_abs_error,0.0,0.14,1000
learned_active,6,barrier_abs_error,0.0,0.141,1000
learned_active,6,barrier_abs_error,0.0,0.142,1000
learned_active,6,barrier_abs_error,0.0,0.143,1000
learned_active,6,barrier_abs_error,0.0,0.144,1000
learned_active,6,barrier_abs_error,0.0,0.145,1000
learned_active,6,barrier_abs_error,0.0,0.146,1000
learned_active,6,barrier_abs_error,0.0,0.147,1000
learned_active,6,barrier_abs_error,0.0,0.148,1000
learned_active,6,barrier_abs_error,0.0,0.149,1000
learned_active,6,barrier_abs_error,0.0,0.15,1000
learned_active,6,barrier_abs_error,0.0,0.151,1000
learned_active,6,barrier_abs_error,0.0,0.152,1000
learned_active,6,barrier_abs_error,0.0,0.153,1000
learned_active,6,barrier_abs_error,0.0,0.154,1000
learned_active,6,barrier_abs_error,0.0,0.155,1000
learned_active,6,barrier_abs_error,0.0,0.156,1000
learned_active,6,barrier_abs_error,0.0,0.157,1000
learned_active,6,barrier_abs_error,0.0,0.158,1000
learned_active,6,barrier_abs_error,0.0,0.159,1000
learned_active,6,barrier_abs_error,0.0,0.16,1000
learned_active,6,barrier_abs_error,0.0,0.161,1000
learned_active,6,barrier_abs_error,0.0,0.162,1000
learned_active,6,barrier_abs_error,0.0,0.163,1000
learned_active,6,barrier_abs_error,0.0,0.164,1000
learned_active,6,barrier_abs_error,0.0,0.165,1000
learned_active,6,barrier_abs_error,0.0,0.166,1000
learned_active,6,barrier_abs_error,0.0,0.167,1000
learned_active,6,barrier_abs_error,0.0,0.168,1000
learned_active,6,barrier_abs_error,0.0,0.169,1000
learned_active,6,barrier_abs_error,0.0,0.17,1000
learned_active,6,barrier_abs_error,0.0,0.171,1000
learned_active,6,barrier_abs_error,0.0,0.172,1000
learned_active,6,barrier_abs_error,0.0,0.173,1000
learned_active,6,barrier_abs_error,0.0,0.174,1000
learned_active,6,barrier_abs_error,0.0,0.175,1000
learned_active,6,barrier_abs_error,0.0,0.176,1000
learned_active,6,barrier_abs_error,0.0,0.177,1000
learned_active,6,barrier_abs_error,0.0,0.178,1000
learned_active,6,barrier_abs_error,0.0,0.179,1000
learned_active,6,barrier_abs_error,0.0,0.18,1000
learned_active,6,barrier_abs_error,0.0,0.181,1000
learned_active,6,barrier_abs_error,0.0,0.182,1000
learned_active,6,barrier_abs_error,0.0,0.183,1000
learned_active,6,barrier_abs_error,0.0,0.184,1000
learned_active,6,barrier_abs_error,0.0,0.185,1000
learned_active,6,barrier_abs_error,0.0,0.186,1000
learned_active,6,barrier_abs_error,0.0,0.187,1000
learned_active,6,barrier_abs_error,0.0,0.188,1000
learned_active,6,barrier_abs_error,0.0,0.189,1000
learned_active,6,barrier_abs_error,0.0,0.19,1000
learned_active,6,barrier_abs_error,0.0,0.191,1000
learned_active,6,barrier_abs_error,0.0,0.192,1000
learned_active,6,barrier_abs_error,0.0,0.193,1000
learned_active,6,barrier_abs_error,0.0,0.194,1000
learned_active,6,barrier_abs_error,0.0,0.195,1000
learned_active,6,barrier_abs_error,0.0,0.196,1000
learned_active,6,barrier_abs_error,0.0,0.197,1000
learned_active,6,barrier_abs_error,0.0,0.198,1000
learned_active,6,barrier_abs_error,0.0,0.199,1000
learned_active,6,barrier_abs_error,0.0,0.2,1000
learned_active,6,barrier_abs_error,0.0,0.201,1000
learned_active,6,barrier_abs_error,0.0,0.202,1000
learned_active,6,barrier_abs_error,0.0,0.203,1000
learned_active,6,barrier_abs_error,0.0,0.204,1000
learned_active,6,barrier_abs_error,0.0,0.205,1000
learned_active,6,barrier_abs_error,0.0,0.206,1000
learned_active,6,barrier_abs_error,0.0,0.207,1000
learned_active,6,barrier_abs_error,0.0,0.208,1000
learned_active,6,barrier_abs_error,0.0,0.209,1000
learned_active,6,barrier_abs_error,0.0,0.21,1000
learned_active,6,barrier_abs_error,0.0,0.211,1000
learned_active,6,barrier_abs_error,0.0,0.212,1000
learned_active,6,barrier_abs_error,0.0,0.213,1000
learned_active,6,barrier_abs_error,0.0,0.214,1000
learned_active,6,barrier_abs_error,0.0,0.215,1000
learned_active,6,barrier_abs_error,0.0,0.216,1000
learned_active,6,barrier_abs_error,0.0,0.217,1000
learned_active,6,barrier_abs_error,0.0,0.218,1000
learned_active,6,barrier_abs_error,0.0,0.219,1000
learned_active,6,barrier_abs_error,0.0,0.22,1000
learned_active,6,barrier_abs_error,0.0,0.221,1000
learned_active,6,barrier_abs_error,0.0,0.222,1000
learned_active,6,barrier_abs_error,0.0,0.223,1000
learned_active,6,barrier_abs_error,0.0,0.224,1000
learned_active,6,barrier_abs_error,0.0,0.225,1000
learned_active,6,barrier_abs_error,0.0,0.226,1000
learned_active,6,barrier_abs_error,0.0,0.227,1000
learned_active,6,barrier_abs_error,0.0,0.228,1000
learned_active,6,barrier_abs_error,0.0,0.229,1000
learned_active,6,barrier_abs_error,0.0,0.23,1000
learned_active,6,barrier_abs_error,0.0,0.231,1000
learned_active,6,barrier_abs_error,0.0,0.232,1000
learned_active,6,barrier_abs_error,0.0,0.233,1000
learned_active,6,barrier_abs_error,0.0,0.234,1000
learned_active,6,barrier_abs_error,0.0,0.235,1000
learned_active,6,barrier_abs_error,0.0,0.236,1000
learned_active,6,barrier_abs_error,0.0,0.237,1000
learned_active,6,barrier_abs_error,0.0,0.238,1000
learned_active,6,barrier_abs_error,0.0,0.239,1000
learned_active,6,barrier_abs_error,0.0,0.24,1000
learned_active,6,barrier_abs_error,0.0,0.241,1000
learned_active,6,barrier_abs_error,0.0,0.242,1000
learned_active,6,barrier_abs_error,0.0,0.243,1000
learned_active,6,barrier_abs_error,0.0,0.244,1000
learned_active,6,barrier_abs_error,0.0,0.245,1000
learned_active,6,barrier_abs_error,0.0,0.246,1000
learned_active,6,barrier_abs_error,0.0,0.247,1000
learned_active,6,barrier_abs_error,0.0,0.248,1000
learned_active,6,barrier_abs_error,0.0,0.249,1000
learned_active,6,barrier_abs_error,0.0,0.25,1000
learned_active,6,barrier_abs_error,0.0,0.251,1000
learned_active,6,barrier_abs_error,0.0,0.252,1000
learned_active,6,barrier_abs_error,0.0,0.253,1000
learned_active,6,barrier_abs_error,0.0,0.254,1000
learned_active,6,barrier_abs_error,0.0,0.255,1000
learned_active,6,barrier_abs_error,0.0,0.256,1000
learned_active,6,barrier_abs_error,0.0,0.257,1000
learned_active,6,barrier_abs_error,0.0,0.258,1000
learned_active,6,barrier_abs_error,0.0,0.259,1000
learned_active,6,barrier_abs_error,0.0,0.26,1000
learned_active,6,barrier_abs_error,0.0,0.261,1000
learned_active,6,barrier_abs_error,0.0,0.262,1000
learned_active,6,barrier_abs_error,0.0,0.263,1000
learned_active,6,barrier_abs_error,0.0,0.264,1000
learned_active,6,barrier_abs_error,0.0,0.265,1000
learned_active,6,barrier_abs_error,0.0,0.266,1000
learned_active,6,barrier_abs_error,0.0,0.267,1000
learned_active,6,barrier_abs_error,0.0,0.268,1000
learned_active,6,barrier_abs_error,0.0,0.269,1000
learned_active,6,barrier_abs_error,0.0,0.27,1000
learned_active,6,barrier_abs_error,0.0,0.271,1000
learned_active,6,barrier_abs_error,0.0,0.272,1000
learned_active,6,barrier_abs_error,0.0,0.273,1000
learned_active,6,barrier_abs_error,0.0,0.274,1000
learned_active,6,barrier_abs_error,0.0,0.275,1000
learned_active,6,barrier_abs_error,0.0,0.276,1000
learned_active,6,barrier_abs_error,0.0,0.277,1000
learned_active,6,barrier_abs_error,0.0,0.278,1000
learned_active,6,barrier_abs_error,0.0,0.279,1000
learned_active,6,barrier_abs_error,0.0,0.28,1000
learned_active,6,barrier_abs_error,0.0,0.281,1000
learned_active,6,barrier_abs_error,0.0,0.282,1000
learned_active,6,barrier_abs_error,0.0,0.283,1000
learned_active,6,barrier_abs_error,0.0,0.284,1000
learned_active,6,barrier_abs_error,0.0,0.285,1000
learned_active,6,barrier_abs_error,0.0,0.286,1000
learned_active,6,barrier_abs_error,0.0,0.287,1000
learned_active,6,barrier_abs_error,0.0,0.288,1000
learned_active,6,barrier_abs_error,0.0,0.289,1000
learned_active,6,barrier_abs_error,0.0,0.29,1000
learned_active,6,barrier_abs_error,0.0,0.291,1000
learned_active,6,barrier_abs_error,0.0,0.292,1000
learned_active,6,barrier_abs_error,0.0,0.293,1000
learned_active,6,barrier_abs_error,0.0,0.294,1000
learned_active,6,barrier_abs_error,0.0,0.295,1000
learned_active,6,barrier_abs_error,0.0,0.296,1000
learned_active,6,barrier_abs_error,0.0,0.297,1000
learned_active,6,barrier_abs_error,0.0,0.298,1000
learned_active,6,barrier_abs_error,0.0,0.299,1000
learned_active,6,barrier_abs_error,0.0,0.3,1000
learned_active,6,barrier_abs_error,0.0,0.301,1000
learned_active,6,barrier_abs_error,0.0,0.302,1000
learned_active,6,barrier_abs_error,0.0,0.303,1000
learned_active,6,barrier_abs_error,0.0,0.304,1000
learned_active,6,barrier_abs_error,0.0,0.305,1000
learned_active,6,barrier_abs_error,0.0,0.306,1000
learned_active,6,barrier_abs_error,0.0,0.307,1000
learned_active,6,barrier_abs_error,0.0,0.308,1000
learned_active,6,barrier_abs_error,0.0,0.309,1000
learned_active,6,barrier_abs_error,0.0,0.31,1000
learned_active,6,barrier_abs_error,0.0,0.311,1000
learned_active,6,barrier_abs_error,0.0,0.312,1000
learned_active,6,barrier_abs_error,0.0,0.313,1000
learned_active,6,barrier_abs_error,0.0,0.314,1000
learned_active,6,barrier_abs_error,0.0,0.315,1000
learned_active,6,barrier_abs_error,0.0,0.316,1000
learned_active,6,barrier_abs_error,0.0,0.317,1000
learned_active,6,barrier_abs_error,0.0,0.318,1000
learned_active,6,barrier_abs_error,0.0,0.319,1000
learned_active,6,barrier_abs_error,0.0,0.32,1000
learned_active,6,barrier_abs_error,0.0,0.321,1000
learned_active,6,barrier_abs_error,0.0,0.322,1000
learned_active,6,barrier_abs_error,0.0,0.323,1000
learned_active,6,barrier_abs_error,0.0,0.324,1000
learned_active,6,barrier_abs_error,0.0,0.325,1000
learned_active,6,barrier_abs_error,0.0,0.326,1000
learned_active,6,barrier_abs_error,0.0,0.327,1000
learned_active,6,barrier_abs_error,0.0,0.328,1000
learned_active,6,barrier_abs_error,0.0,0.329,1000
learned_active,6,barrier_abs_error,0.0,0.33,1000
learned_active,6,barrier_abs_error,0.0,0.331,1000
learned_active,6,barrier_abs_error,0.0,0.332,1000
learned_active,6,barrier_abs_error,0.0,0.333,1000
learned_active,6,barrier_abs_error,0.0,0.334,1000
learned_active,6,barrier_abs_error,0.0,0.335,1000
learned_active,6,barrier_abs_error,0.0,0.336,1000
learned_active,6,barrier_abs_error,0.0,0.337,1000
learned_active,6,barrier_abs_error,0.0,0.338,1000
learned_active,6,barrier_abs_error,0.0,0.339,1000
learned_active,6,barrier_abs_error,0.0,0.34,1000
learned_active,6,barrier_abs_error,0.0,0.341,1000
learned_active,6,barrier_abs_error,0.0,0.342,1000
learned_active,6,barrier_abs_error,0.0,0.343,1000
learned_active,6,barrier_abs_error,0.0,0.344,1000
learned_active,6,barrier_abs_error,0.0,0.345,1000
learned_active,6,barrier_abs_error,0.0,0.346,1000
learned_active,6,barrier_abs_error,0.0,0.347,1000
learned_active,6,barrier_abs_error,0.0,0.348,1000
learned_active,6,barrier_abs_error,0.0,0.349,1000
learned_active,6,barrier_abs_error,0.0,0.35,1000
learned_active,6,barrier_abs_error,0.0,0.351,1000
learned_active,6,barrier_abs_error,0.0,0.352,1000
learned_active,6,barrier_abs_error,0.0,0.353,1000
learned_active,6,barrier_abs_error,0.0,0.354,1000
learned_active,6,barrier_abs_error,0.0,0.355,1000
learned_active,6,barrier_abs_error,0.0,0.356,1000
learned_active,6,barrier_abs_error,0.0,0.357,1000
learned_active,6,barrier_abs_error,0.0,0.358,1000
learned_active,6,barrier_abs_error,0.0,0.359,1000
learned_active,6,barrier_abs_error,0.0,0.36,1000
learned_active,6,barrier_abs_error,0.0,0.361,1000
learned_active,6,barrier_abs_error,0.0,0.362,1000
learned_active,6,barrier_abs_error,0.0,0.363,1000
learned_active,6,barrier_abs_error,0.0,0.364,1000
learned_active,6,barrier_abs_error,0.0,0.365,1000
learned_active,6,barrier_abs_error,0.0,0.366,1000
learned_active,6,barrier_abs_error,0.0,0.367,1000
learned_active,6,barrier_abs_error,0.0,0.368,1000
learned_active,6,barrier_abs_error,0.0,0.369,1000
learned_active,6,barrier_abs_error,0.0,0.37,1000
learned_active,6,barrier_abs_error,0.0,0.371,1000
learned_active,6,barrier_abs_error,0.0,0.372,1000
learned_active,6,barrier_abs_error,0.0,0.373,1000
learned_active,6,barrier_abs_error,0.0,0.374,1000
learned_active,6,barrier_abs_error,0.0,0.375,1000
learned_active,6,barrier_abs_error,0.0,0.376,1000
learned_active,6,barrier_abs_error,0.0,0.377,1000
learned_active,6,barrier_abs_error,0.0,0.378,1000
learned_active,6,barrier_abs_error,0.0,0.379,1000
learned_active,6,barrier_abs_error,0.0,0.38,1000
learned_active,6,barrier_abs_error,0.0,0.381,1000
learned_active,6,barrier_abs_error,0.0,0.382,1000
learned_active,6,barrier_abs_error,0.0,0.383,1000
learned_active,6,barrier_abs_error,0.0,0.384,1000
learned_active,6,barrier_abs_error,0.0,0.385,1000
learned_active,6,barrier_abs_error,0.0,0.386,1000
learned_active,6,barrier_abs_error,0.0,0.387,1000
learned_active,6,barrier_abs_error,0.0,0.388,1000
learned_active,6,barrier_abs_error,0.0,0.389,1000
learned_active,6,barrier_abs_error,0.0,0.39,1000
learned_active,6,barrier_abs_error,0.0,0.391,1000
learned_active,6,barrier_abs_error,0.0,0.392,1000
learned_active,6,barrier_abs_error,0.0,0.393,1000
learned_active,6,barrier_abs_error,0.0,0.394,1000
learned_active,6,barrier_abs_error,0.0,0.395,1000
learned_active,6,barrier_abs_error,0.0,0.396,1000
learned_active,6,barrier_abs_error,0.0,0.397,1000
learned_active,6,barrier_abs_error,0.0,0.398,1000
learned_active,6,barrier_abs_error,0.0,0.399,1000
learned_active,6,barrier_abs_error,0.0,0.4,1000
learned_active,6,barrier_abs_error,0.0,0.401,1000
learned_active,6,barrier_abs_error,0.0,0.402,1000
learned_active,6,barrier_abs_error,0.0,0.403,1000
learned_active,6,barrier_abs_error,0.0,0.404,1000
learned_active,6,barrier_abs_error,0.0,0.405,1000
learned_active,6,barrier_abs_error,0.0,0.406,1000
learned_active,6,barrier_abs_error,0.0,0.407,1000
learned_active,6,barrier_abs_error,0.0,0.408,1000
learned_active,6,barrier_abs_error,0.0,0.409,1000
learned_active,6,barrier_abs_error,0.0,0.41,1000
learned_active,6,barrier_abs_error,0.0,0.411,1000
learned_active,6,barrier_abs_error,0.0,0.412,1000
learned_active,6,barrier_abs_error,0.0,0.413,1000
learned_active,6,barrier_abs_error,0.0,0.414,1000
learned_active,6,barrier_abs_error,0.0,0.415,1000
learned_active,6,barrier_abs_error,0.0,0.416,1000
learned_active,6,barrier_abs_error,0.0,0.417,1000
learned_active,6,barrier_abs_error,0.0,0.418,1000
learned_active,6,barrier_abs_error,0.0,0.419,1000
learned_active,6,barrier_abs_error,0.0,0.42,1000
learned_active,6,barrier_abs_error,0.0,0.421,1000
learned_active,6,barrier_abs_error,0.0,0.422,1000
learned_active,6,barrier_abs_error,0.0,0.423,1000
learned_active,6,barrier_abs_error,0.0,0.424,1000
learned_active,6,barrier_abs_error,0.0,0.425,1000
learned_active,6,barrier_abs_error,0.0,0.426,1000
learned_active,6,barrier_abs_error,0.0,0.427,1000
learned_active,6,barrier_abs_error,0.0,0.428,1000
learned_active,6,barrier_abs_error,0.0,0.429,1000
learned_active,6,barrier_abs_error,0.0,0.43,1000
learned_active,6,barrier_abs_error,0.0,0.431,1000
learned_active,6,barrier_abs_error,0.0,0.432,1000
learned_active,6,barrier_abs_error,0.0,0.433,1000
learned_active,6,barrier_abs_error,0.0,0.434,1000
learned_active,6,barrier_abs_error,0.0,0.435,1000
learned_active,6,barrier_abs_error,0.0,0.436,1000
learned_active,6,barrier_abs_error,0.0,0.437,1000
learned_active,6,barrier_abs_error,0.0,0.438,1000
learned_active,6,barrier_abs_error,0.0,0.439,1000
learned_active,6,barrier_abs_error,0.0,0.44,1000
learned_active,6,barrier_abs_error,0.0,0.441,1000
learned_active,6,barrier_abs_error,0.0,0.442,1000
learned_active,6,barrier_abs_error,0.0,0.443,1000
learned_active,6,barrier_abs_error,0.0,0.444,1000
learned_active,6,barrier_abs_error,0.0,0.445,1000
learned_active,6,barrier_abs_error,0.0,0.446,1000
learned_active,6,barrier_abs_error,0.0,0.447,1000
learned_active,6,barrier_abs_error,0.0,0.448,1000
learned_active,6,barrier_abs_error,0.0,0.449,1000
learned_active,6,barrier_abs_error,0.0,0.45,1000
learned_active,6,barrier_abs_error,0.0,0.451,1000
learned_active,6,barrier_abs_error,0.0,0.452,1000
learned_active,6,barrier_abs_error,0.0,0.453,1000
learned_active,6,barrier_abs_error,0.0,0.454,1000
learned_active,6,barrier_abs_error,0.0,0.455,1000
learned_active,6,barrier_abs_error,0.0,0.456,1000
learned_active,6,barrier_abs_error,0.0,0.457,1000
learned_active,6,barrier_abs_error,0.0,0.458,1000
learned_active,6,barrier_abs_error,0.0,0.459,1000
learned_active,6,barrier_abs_error,0.0,0.46,1000
learned_active,6,barrier_abs_error,0.0,0.461,1000
learned_active,6,barrier_abs_error,0.0,0.462,1000
learned_active,6,barrier_abs_error,0.0,0.463,1000
learned_active,6,barrier_abs_error,0.0,0.464,1000
learned_active,6,barrier_abs_error,0.0,0.465,1000
learned_active,6,barrier_abs_error,0.0,0.466,1000
learned_active,6,barrier_abs_error,0.0,0.467,1000
learned_active,6,barrier_abs_error,0.0,0.468,1000
learned_active,6,barrier_abs_error,0.0,0.469,1000
learned_active,6,barrier_abs_error,0.0,0.47,1000
learned_active,6,barrier_abs_error,0.0,0.471,1000
learned_active,6,barrier_abs_error,0.0,0.472,1000
learned_active,6,barrier_abs_error,0.0,0.473,1000
learned_active,6,barrier_abs_error,0.0,0.474,1000
learned_active,6,barrier_abs_error,0.0,0.475,1000
learned_active,6,barrier_abs_error,0.0,0.476,1000
learned_active,6,barrier_abs_error,0.0,0.477,1000
learned_active,6,barrier_abs_error,0.0,0.478,1000
learned_active,6,barrier_abs_error,0.0,0.479,1000
learned_active,6,barrier_abs_error,0.0,0.48,1000
learned_active,6,barrier_abs_error,0.0,0.481,1000
learned_active,6,barrier_abs_error,0.0,0.482,1000
learned_active,6,barrier_abs_error,0.0,0.483,1000
learned_active,6,barrier_abs_error,0.0,0.484,1000
learned_active,6,barrier_abs_error,0.0,0.485,1000
learned_active,6,barrier_abs_error,0.0,0.486,1000
learned_active,6,barrier_abs_error,0.0,0.487,1000
learned_active,6,barrier_abs_error,0.0,0.488,1000
learned_active,6,barrier_abs_error,0.0,0.489,1000
learned_active,6,barrier_abs_error,0.0,0.49,1000
learned_active,6,barrier_abs_error,0.0,0.491,1000
learned_active,6,barrier_abs_error,0.0,0.492,1000
learned_active,6,barrier_abs_error,0.0,0.493,1000
learned_active,6,barrier_abs_error,0.0,0.494,1000
learned_active,6,barrier_abs_error,0.0,0.495,1000
learned_active,6,barrier_abs_error,0.0,0.496,1000
learned_active,6,barrier_abs_error,0.0,0.497,1000
learned_active,6,barrier_abs_error,0.0,0.498,1000
learned_active,6,barrier_abs_error,0.0,0.499,1000
learned_active,6,barrier_abs_error,0.0,0.5,1000
learned_active,6,barrier_abs_error,0.0,0.501,1000
learned_active,6,barrier_abs_error,0.0,0.502,1000
learned_active,6,barrier_abs_error,0.0,0.503,1000
learned_active,6,barrier_abs_error,0.0,0.504,1000
learned_active,6,barrier_abs_error,0.0,0.505,1000
learned_active,6,barrier_abs_error,0.0,0.506,1000
learned_active,6,barrier_abs_error,0.0,0.507,1000
learned_active,6,barrier_abs_error,0.0,0.508,1000
learned_active,6,barrier_abs_error,0.0,0.509,1000
learned_active,6,barrier_abs_error,0.0,0.51,1000
learned_active,6,barrier_abs_error,0.0,0.511,1000
learned_active,6,barrier_abs_error,0.0,0.512,1000
learned_active,6,barrier_abs_error,0.0,0.513,1000
learned_active,6,barrier_abs_error,0.0,0.514,1000
learned_active,6,barrier_abs_error,0.0,0.515,1000
learned_active,6,barrier_abs_error,0.0,0.516,1000
learned_active,6,barrier_abs_error,0.0,0.517,1000
learned_active,6,barrier_abs_error,0.0,0.518,1000
learned_active,6,barrier_abs_error,0.0,0.519,1000
learned_active,6,barrier_abs_error,0.0,0.52,1000
learned_active,6,barrier_abs_error,0.0,0.521,1000
learned_active,6,barrier_abs_error,0.0,0.522,1000
learned_active,6,barrier_abs_error,0.0,0.523,1000
learned_active,6,barrier_abs_error,0.0,0.524,1000
learned_active,6,barrier_abs_error,0.0,0.525,1000
learned_active,6,barrier_abs_error,0.0,0.526,1000
learned_active,6,barrier_abs_error,0.0,0.527,1000
learned_active,6,barrier_abs_error,0.0,0.528,1000
learned_active,6,barrier_abs_error,0.0,0.529,1000
learned_active,6,barrier_abs_error,0.0,0.53,1000
learned_active,6,barrier_abs_error,0.0,0.531,1000
learned_active,6,barrier_abs_error,0.0,0.532,1000
learned_active,6,barrier_abs_error,0.0,0.533,1000
learned_active,6,barrier_abs_error,0.0,0.534,1000
learned_active,6,barrier_abs_error,0.0,0.535,1000
learned_active,6,barrier_abs_error,0.0,0.536,1000
learned_active,6,barrier_abs_error,0.0,0.537,1000
learned_active,6,barrier_abs_error,0.0,0.538,1000
learned_active,6,barrier_abs_error,0.0,0.539,1000
learned_active,6,barrier_abs_error,0.0,0.54,1000
learned_active,6,barrier_abs_error,0.0,0.541,1000
learned_active,6,barrier_abs_error,0.0,0.542,1000
learned_active,6,barrier_abs_error,0.0,0.543,1000
learned_active,6,barrier_abs_error,0.0,0.544,1000
learned_active,6,barrier_abs_error,0.0,0.545,1000
learned_active,6,barrier_abs_error,0.0,0.546,1000
learned_active,6,barrier_abs_error,0.0,0.547,1000
learned_active,6,barrier_abs_error,0.0,0.548,1000
learned_active,6,barrier_abs_error,0.0,0.549,1000
learned_active,6,barrier_abs_error,0.0,0.55,1000
learned_active,6,barrier_abs_error,0.0,0.551,1000
learned_active,6,barrier_abs_error,0.0,0.552,1000
learned_active,6,barrier_abs_error,0.0,0.553,1000
learned_active,6,barrier_abs_error,0.0,0.554,1000
learned_active,6,barrier_abs_error,0.0,0.555,1000
learned_active,6,barrier_abs_error,0.0,0.556,1000
learned_active,6,barrier_abs_error,0.0,0.557,1000
learned_active,6,barrier_abs_error,0.0,0.558,1000
learned_active,6,barrier_abs_error,0.0,0.559,1000
learned_active,6,barrier_abs_error,0.0,0.56,1000
learned_active,6,barrier_abs_error,0.0,0.561,1000
learned_active,6,barrier_abs_error,0.0,0.562,1000
learned_active,6,barrier_abs_error,0.0,0.563,1000
learned_active,6,barrier_abs_error,0.0,0.564,1000
learned_active,6,barrier_abs_error,0.0,0.565,1000
learned_active,6,barrier_abs_error,0.0,0.566,1000
learned_active,6,barrier_abs_error,0.0,0.567,1000
learned_active,6,barrier_abs_error,0.0,0.568,1000
learned_active,6,barrier_abs_error,0.0,0.569,1000
learned_active,6,barrier_abs_error,0.0,0.57,1000
learned_active,6,barrier_abs_error,0.0,0.571,1000
learned_active,6,barrier_abs_error,0.0,0.572,1000
learned_active,6,barrier_abs_error,0.0,0.573,1000
learned_active,6,barrier_abs_error,0.0,0.574,1000
learned_active,6,barrier_abs_error,0.0,0.575,1000
learned_active,6,barrier_abs_error,0.0,0.576,1000
learned_active,6,barrier_abs_error,0.0,0.577,1000
learned_active,6,barrier_abs_error,0.0,0.578,1000
learned_active,6,barrier_abs_error,0.0,0.579,1000
learned_active,6,barrier_abs_error,0.0,0.58,1000
learned_active,6,barrier_abs_error,0.0,0.581,1000
learned_active,6,barrier_abs_error,0.0,0.582,1000
learned_active,6,barrier_abs_error,0.0,0.583,1000
learned_active,6,barrier_abs_error,0.0,0.584,1000
learned_active,6,barrier_abs_error,0.0,0.585,1000
learned_active,6,barrier_abs_error,0.0,0.586,1000
learned_active,6,barrier_abs_error,0.0,0.587,1000
learned_active,6,barrier_abs_error,0.0,0.588,1000
learned_active,6,barrier_abs_error,0.0,0.589,1000
learned_active,6,barrier_abs_error,0.0,0.59,1000
learned_active,6,barrier_abs_error,0.0,0.591,1000
learned_active,6,barrier_abs_error,0.0,0.592,1000
learned_active,6,barrier_abs_error,0.0,0.593,1000
learned_active,6,barrier_abs_error,0.0,0.594,1000
learned_active,6,barrier_abs_error,0.0,0.595,1000
learned_active,6,barrier_abs_error,0.0,0.596,1000
learned_active,6,barrier_abs_error,0.0,0.597,1000
learned_active,6,barrier_abs_error,0.0,0.598,1000
learned_active,6,barrier_abs_error,0.0,0.599,1000
learned_active,6,barrier_abs_error,0.0,0.6,1000
learned_active,6,barrier_abs_error,0.0,0.601,1000
learned_active,6,barrier_abs_error,0.0,0.602,1000
learned_active,6,barrier_abs_error,0.0,0.603,1000
learned_active,6,barrier_abs_error,0.0,0.604,1000
learned_active,6,barrier_abs_error,0.0,0.605,1000
learned_active,6,barrier_abs_error,0.0,0.606,1000
learned_active,6,barrier_abs_error,0.0,0.607,1000
learned_active,6,barrier_abs_error,0.000408560911147,0.608,1000
learned_active,6,barrier_abs_error,0.0016806145040852,0.609,1000
learned_active,6,barrier_abs_error,0.002140219663536,0.61,1000
learned_active,6,barrier_abs_error,0.0035302690537619,0.611,1000
learned_active,6,barrier_abs_error,0.0035681362419026,0.612,1000
learned_active,6,barrier_abs_error,0.0036395420912942,0.613,1000
learned_active,6,barrier_abs_error,0.003958992199557,0.614,1000
learned_active,6,barrier_abs_error,0.0041534174680073,0.615,1000
learned_active,6,barrier_abs_error,0.0043361813250193,0.616,1000
learned_active,6,barrier_abs_error,0.0044179589899853,0.617,1000
learned_active,6,barrier_abs_error,0.0052488901864258,0.618,1000
learned_active,6,barrier_abs_error,0.0056412751741135,0.619,1000
learned_active,6,barrier_abs_error,0.0057136435497628,0.62,1000
learned_active,6,barrier_abs_error,0.0065548108149284,0.621,1000
learned_active,6,barrier_abs_error,0.008294805606039,0.622,1000
learned_active,6,barrier_abs_error,0.0090045188823104,0.623,1000
learned_active,6,barrier_abs_error,0.0092072833889123,0.624,1000
learned_active,6,barrier_abs_error,0.0092910921973523,0.625,1000
learned_active,6,barrier_abs_error,0.0101789348538599,0.626,1000
learned_active,6,barrier_abs_error,0.0102662566809783,0.627,1000
learned_active,6,barrier_abs_error,0.0112177965799036,0.628,1000
learned_active,6,barrier_abs_error,0.0118527735916522,0.629,1000
learned_active,6,barrier_abs_error,0.0119794176883978,0.63,1000
learned_active,6,barrier_abs_error,0.0136360875093939,0.631,1000
learned_active,6,barrier_abs_error,0.0137053170825751,0.632,1000
learned_active,6,barrier_abs_error,0.0152160689126219,0.633,1000
learned_active,6,barrier_abs_error,0.0155411570529331,0.634,1000
learned_active,6,barrier_abs_error,0.015625,0.635,1000
learned_active,6,barrier_abs_error,0.0158544358865171,0.636,1000
learned_active,6,barrier_abs_error,0.0158923311909404,0.637,1000
learned_active,6,barrier_abs_error,0.0163620699348552,0.638,1000
learned_active,6,barrier_abs_error,0.0166404023646684,0.639,1000
learned_active,6,barrier_abs_error,0.0168644212007098,0.64,1000
learned_active,6,barrier_abs_error,0.0179967431565915,0.641,1000
learned_active,6,barrier_abs_error,0.0191090294254587,0.642,1000
learned_active,6,barrier_abs_error,0.0195377226355102,0.643,1000
learned_active,6,barrier_abs_error,0.0205896684258259,0.644,1000
learned_active,6,barrier_abs_error,0.0214507955227136,0.645,1000
learned_active,6,barrier_abs_error,0.0215115064591273,0.646,1000
learned_active,6,barrier_abs_error,0.0228353255760147,0.647,1000
learned_active,6,barrier_abs_error,0.023628790796188,0.648,1000
learned_active,6,barrier_abs_error,0.0237613509572334,0.649,1000
learned_active,6,barrier_abs_error,0.024115663599538,0.65,1000
learned_active,6,barrier_abs_error,0.0242725944947688,0.651,1000
learned_active,6,barrier_abs_error,0.0244149105802575,0.652,1000
learned_active,6,barrier_abs_error,0.024540397248014,0.653,1000
learned_active,6,barrier_abs_error,0.024943312785048,0.654,1000
learned_active,6,barrier_abs_error,0.0251272661966179,0.655,1000
learned_active,6,barrier_abs_error,0.0255900349083018,0.656,1000
learned_active,6,barrier_abs_error,0.0278485288233572,0.657,1000
learned_active,6,barrier_abs_error,0.029878150223503,0.658,1000
learned_active,6,barrier_abs_error,0.0299286968687528,0.659,1000
learned_active,6,barrier_abs_error,0.0306408862484914,0.66,1000
learned_active,6,barrier_abs_error,0.031038146348731,0.661,1000
learned_active,6,barrier_abs_error,0.0311451952917893,0.662,1000
learned_active,6,barrier_abs_error,0.03125,0.663,1000
learned_active,6,barrier_abs_error,0.03125,0.664,1000
learned_active,6,barrier_abs_error,0.03125,0.665,1000
learned_active,6,barrier_abs_error,0.03125,0.666,1000
learned_active,6,barrier_abs_error,0.03125,0.667,1000
learned_active,6,barrier_abs_error,0.03125,0.668,1000
learned_active,6,barrier_abs_error,0.03125,0.669,1000
learned_active,6,barrier_abs_error,0.03125,0.67,1000
learned_active,6,barrier_abs_error,0.03125,0.671,1000
learned_active,6,barrier_abs_error,0.03125,0.672,1000
learned_active,6,barrier_abs_error,0.03125,0.673,1000
learned_active,6,barrier_abs_error,0.03125,0.674,1000
learned_active,6,barrier_abs_error,0.03125,0.675,1000
learned_active,6,barrier_abs_error,0.032241050612189,0.676,1000
learned_active,6,barrier_abs_error,0.032355957884711,0.677,1000
learned_active,6,barrier_abs_error,0.0323781235866373,0.678,1000
learned_active,6,barrier_abs_error,0.0326875427610726,0.679,1000
learned_active,6,barrier_abs_error,0.0333658513597825,0.68,1000
learned_active,6,barrier_abs_error,0.0338265760171303,0.681,1000
learned_active,6,barrier_abs_error,0.03409175488013,0.682,1000
learned_active,6,barrier_abs_error,0.0352657009631265,0.683,1000
learned_active,6,barrier_abs_error,0.0355540734432953,0.684,1000
learned_active,6,barrier_abs_error,0.0362906054943561,0.685,1000
learned_active,6,barrier_abs_error,0.0367575872476635,0.686,1000
learned_active,6,barrier_abs_error,0.0369618363603496,0.687,1000
learned_active,6,barrier_abs_error,0.0370565066437897,0.688,1000
learned_active,6,barrier_abs_error,0.0372489326847702,0.689,1000
learned_active,6,barrier_abs_error,0.0383736072354761,0.69,1000
learned_active,6,barrier_abs_error,0.0391531478529687,0.691,1000
learned_active,6,barrier_abs_error,0.0393029874378001,0.692,1000
learned_active,6,barrier_abs_error,0.0399497108046276,0.693,1000
learned_active,6,barrier_abs_error,0.0403179460303597,0.694,1000
learned_active,6,barrier_abs_error,0.0410810978907889,0.695,1000
learned_active,6,barrier_abs_error,0.0414085563762505,0.696,1000
learned_active,6,barrier_abs_error,0.0447806380715389,0.697,1000
learned_active,6,barrier_abs_error,0.0450484956867733,0.698,1000
learned_active,6,barrier_abs_error,0.0457386432212341,0.699,1000
learned_active,6,barrier_abs_error,0.045981424246527,0.7,1000
learned_active,6,barrier_abs_error,0.0466882809633837,0.701,1000
learned_active,6,barrier_abs_error,0.04727787845039,0.702,1000
learned_active,6,barrier_abs_error,0.0486896170602193,0.703,1000
learned_active,6,barrier_abs_error,0.0505027144800607,0.704,1000
learned_active,6,barrier_abs_error,0.0505054441558758,0.705,1000
learned_active,6,barrier_abs_error,0.0506171139794844,0.706,1000
learned_active,6,barrier_abs_error,0.0513387627939003,0.707,1000
learned_active,6,barrier_abs_error,0.0525896398483176,0.708,1000
learned_active,6,barrier_abs_error,0.0526904450520397,0.709,1000
learned_active,6,barrier_abs_error,0.0527078594898513,0.71,1000
learned_active,6,barrier_abs_error,0.054071636350331,0.711,1000
learned_active,6,barrier_abs_error,0.0544090297942294,0.712,1000
learned_active,6,barrier_abs_error,0.0546796315674846,0.713,1000
learned_active,6,barrier_abs_error,0.0551389358301896,0.714,1000
learned_active,6,barrier_abs_error,0.0553993114140496,0.715,1000
learned_active,6,barrier_abs_error,0.0556219969711087,0.716,1000
learned_active,6,barrier_abs_error,0.0573682253290357,0.717,1000
learned_active,6,barrier_abs_error,0.0583437003237055,0.718,1000
learned_active,6,barrier_abs_error,0.0588807224726046,0.719,1000
learned_active,6,barrier_abs_error,0.0600973727141747,0.72,1000
learned_active,6,barrier_abs_error,0.0608788679468439,0.721,1000
learned_active,6,barrier_abs_error,0.0615119732819842,0.722,1000
learned_active,6,barrier_abs_error,0.0616743881149464,0.723,1000
learned_active,6,barrier_abs_error,0.0625,0.724,1000
learned_active,6,barrier_abs_error,0.0625,0.725,1000
learned_active,6,barrier_abs_error,0.0625,0.726,1000
learned_active,6,barrier_abs_error,0.0625,0.727,1000
learned_active,6,barrier_abs_error,0.0625,0.728,1000
learned_active,6,barrier_abs_error,0.0625,0.729,1000
learned_active,6,barrier_abs_error,0.0625,0.73,1000
learned_active,6,barrier_abs_error,0.0625,0.731,1000
learned_active,6,barrier_abs_error,0.0625,0.732,1000
learned_active,6,barrier_abs_error,0.0625,0.733,1000
learned_active,6,barrier_abs_error,0.0625,0.734,1000
learned_active,6,barrier_abs_error,0.0625,0.735,1000
learned_active,6,barrier_abs_error,0.0625,0.736,1000
learned_active,6,barrier_abs_error,0.0625,0.737,1000
learned_active,6,barrier_abs_error,0.0625,0.738,1000
learned_active,6,barrier_abs_error,0.0625,0.739,1000
learned_active,6,barrier_abs_error,0.0625,0.74,1000
learned_active,6,barrier_abs_error,0.0625,0.741,1000
learned_active,6,barrier_abs_error,0.0625,0.742,1000
learned_active,6,barrier_abs_error,0.0625,0.743,1000
learned_active,6,barrier_abs_error,0.0625,0.744,1000
learned_active,6,barrier_abs_error,0.0625,0.745,1000
learned_active,6,barrier_abs_error,0.0625,0.746,1000
learned_active,6,barrier_abs_error,0.0631470498671546,0.747,1000
learned_active,6,barrier_abs_error,0.0651676658528348,0.748,1000
learned_active,6,barrier_abs_error,0.0656927610045867,0.749,1000
learned_active,6,barrier_abs_error,0.0679259210809632,0.75,1000
learned_active,6,barrier_abs_error,0.0684972771922929,0.751,1000
learned_active,6,barrier_abs_error,0.0711709371013267,0.752,1000
learned_active,6,barrier_abs_error,0.0713277697290593,0.753,1000
learned_active,6,barrier_abs_error,0.0718731729165504,0.754,1000
learned_active,6,barrier_abs_error,0.0749606780663256,0.755,1000
learned_active,6,barrier_abs_error,0.0752831038764618,0.756,1000
learned_active,6,barrier_abs_error,0.0762966422787183,0.757,1000
learned_active,6,barrier_abs_error,0.0777258604027135,0.758,1000
learned_active,6,barrier_abs_error,0.0795308746931375,0.759,1000
learned_active,6,barrier_abs_error,0.0801914016078413,0.76,1000
learned_active,6,barrier_abs_error,0.0802781567722803,0.761,1000
learned_active,6,barrier_abs_error,0.0810711482932617,0.762,1000
learned_active,6,barrier_abs_error,0.0824720316949374,0.763,1000
learned_active,6,barrier_abs_error,0.0843802286154762,0.764,1000
learned_active,6,barrier_abs_error,0.084679679886964,0.765,1000
learned_active,6,barrier_abs_error,0.0849328963494429,0.766,1000
learned_active,6,barrier_abs_error,0.085084571349582,0.767,1000
learned_active,6,barrier_abs_error,0.0853007720641274,0.768,1000
learned_active,6,barrier_abs_error,0.0855005251972276,0.769,1000
learned_active,6,barrier_abs_error,0.086056630714026,0.77,1000
learned_active,6,barrier_abs_error,0.0869725347777039,0.771,1000
learned_active,6,barrier_abs_error,0.0871946417433955,0.772,1000
learned_active,6,barrier_abs_error,0.0880045662089585,0.773,1000
learned_active,6,barrier_abs_error,0.0906557182427105,0.774,1000
learned_active,6,barrier_abs_error,0.0909694727416425,0.775,1000
learned_active,6,barrier_abs_error,0.0928891217020648,0.776,1000
learned_active,6,barrier_abs_error,0.09375,0.777,1000
learned_active,6,barrier_abs_error,0.09375,0.778,1000
learned_active,6,barrier_abs_error,0.09375,0.779,1000
learned_active,6,barrier_abs_error,0.09375,0.78,1000
learned_active,6,barrier_abs_error,0.09375,0.781,1000
learned_active,6,barrier_abs_error,0.09375,0.782,1000
learned_active,6,barrier_abs_error,0.09375,0.783,1000
learned_active,6,barrier_abs_error,0.09375,0.784,1000
learned_active,6,barrier_abs_error,0.0942685849534576,0.785,1000
learned_active,6,barrier_abs_error,0.0958792357678,0.786,1000
learned_active,6,barrier_abs_error,0.0991805415993996,0.787,1000
learned_active,6,barrier_abs_error,0.0993968689205067,0.788,1000
learned_active,6,barrier_abs_error,0.0996009898942542,0.789,1000
learned_active,6,barrier_abs_error,0.1006809601331717,0.79,1000
learned_active,6,barrier_abs_error,0.1011069742436934,0.791,1000
learned_active,6,barrier_abs_error,0.1061169721638872,0.792,1000
learned_active,6,barrier_abs_error,0.1065967923785162,0.793,1000
learned_active,6,barrier_abs_error,0.1103687616671447,0.794,1000
learned_active,6,barrier_abs_error,0.1105882142698817,0.795,1000
learned_active,6,barrier_abs_error,0.1119267521774678,0.796,1000
learned_active,6,barrier_abs_error,0.1134660025119238,0.797,1000
learned_active,6,barrier_abs_error,0.1144290658137876,0.798,1000
learned_active,6,barrier_abs_error,0.116436478781944,0.799,1000
learned_active,6,barrier_abs_error,0.1192460037598941,0.8,1000
learned_active,6,barrier_abs_error,0.1212062116418444,0.801,1000
learned_active,6,barrier_abs_error,0.1225401575962585,0.802,1000
learned_active,6,barrier_abs_error,0.1228709777289227,0.803,1000
learned_active,6,barrier_abs_error,0.123516277938001,0.804,1000
learned_active,6,barrier_abs_error,0.1238345361485819,0.805,1000
learned_active,6,barrier_abs_error,0.125,0.806,1000
learned_active,6,barrier_abs_error,0.125,0.807,1000
learned_active,6,barrier_abs_error,0.125,0.808,1000
learned_active,6,barrier_abs_error,0.125,0.809,1000
learned_active,6,barrier_abs_error,0.125,0.81,1000
learned_active,6,barrier_abs_error,0.125,0.811,1000
learned_active,6,barrier_abs_error,0.125,0.812,1000
learned_active,6,barrier_abs_error,0.125,0.813,1000
learned_active,6,barrier_abs_error,0.125,0.814,1000
learned_active,6,barrier_abs_error,0.125,0.815,1000
learned_active,6,barrier_abs_error,0.125,0.816,1000
learned_active,6,barrier_abs_error,0.125,0.817,1000
learned_active,6,barrier_abs_error,0.125,0.818,1000
learned_active,6,barrier_abs_error,0.125,0.819,1000
learned_active,6,barrier_abs_error,0.125,0.82,1000
learned_active,6,barrier_abs_error,0.125,0.821,1000
learned_active,6,barrier_abs_error,0.125,0.822,1000
learned_active,6,barrier_abs_error,0.125,0.823,1000
learned_active,6,barrier_abs_error,0.125,0.824,1000
learned_active,6,barrier_abs_error,0.125,0.825,1000
learned_active,6,barrier_abs_error,0.1283165430271502,0.826,1000
learned_active,6,barrier_abs_error,0.1298458195029397,0.827,1000
learned_active,6,barrier_abs_error,0.1309554460485209,0.828,1000
learned_active,6,barrier_abs_error,0.1334873549343243,0.829,1000
learned_active,6,barrier_abs_error,0.133759031883951,0.83,1000
learned_active,6,barrier_abs_error,0.1358091428288652,0.831,1000
learned_active,6,barrier_abs_error,0.1408652801612113,0.832,1000
learned_active,6,barrier_abs_error,0.1410495416386066,0.833,1000
learned_active,6,barrier_abs_error,0.1419249759450558,0.834,1000
learned_active,6,barrier_abs_error,0.1454829418831522,0.835,1000
learned_active,6,barrier_abs_error,0.1455129464375257,0.836,1000
learned_active,6,barrier_abs_error,0.1459088340757723,0.837,1000
learned_active,6,barrier_abs_error,0.1461226365800598,0.838,1000
learned_active,6,barrier_abs_error,0.1470967420078572,0.839,1000
learned_active,6,barrier_abs_error,0.1498422914741652,0.84,1000
learned_active,6,barrier_abs_error,0.1498752923815445,0.841,1000
learned_active,6,barrier_abs_error,0.1509036122423142,0.842,1000
learned_active,6,barrier_abs_error,0.1527614841325544,0.843,1000
learned_active,6,barrier_abs_error,0.1556220052738943,0.844,1000
learned_active,6,barrier_abs_error,0.15625,0.845,1000
learned_active,6,barrier_abs_error,0.15625,0.846,1000
learned_active,6,barrier_abs_error,0.1603634602227845,0.847,1000
learned_active,6,barrier_abs_error,0.1614669947111444,0.848,1000
learned_active,6,barrier_abs_error,0.162924379064826,0.849,1000
learned_active,6,barrier_abs_error,0.1700993896746574,0.85,1000
learned_active,6,barrier_abs_error,0.1705714002024052,0.851,1000
learned_active,6,barrier_abs_error,0.1715094294111985,0.852,1000
learned_active,6,barrier_abs_error,0.1749084905150013,0.853,1000
learned_active,6,barrier_abs_error,0.1782573678507297,0.854,1000
learned_active,6,barrier_abs_error,0.1786989699096257,0.855,1000
learned_active,6,barrier_abs_error,0.1791907575358475,0.856,1000
learned_active,6,barrier_abs_error,0.1802950213115295,0.857,1000
learned_active,6,barrier_abs_error,0.1826791399443799,0.858,1000
learned_active,6,barrier_abs_error,0.1834965064885008,0.859,1000
learned_active,6,barrier_abs_error,0.1849608503573296,0.86,1000
learned_active,6,barrier_abs_error,0.1851948300805772,0.861,1000
learned_active,6,barrier_abs_error,0.1865281852258533,0.862,1000
learned_active,6,barrier_abs_error,0.1875,0.863,1000
learned_active,6,barrier_abs_error,0.1875,0.864,1000
learned_active,6,barrier_abs_error,0.1875,0.865,1000
learned_active,6,barrier_abs_error,0.1875,0.866,1000
learned_active,6,barrier_abs_error,0.1875,0.867,1000
learned_active,6,barrier_abs_error,0.1875,0.868,1000
learned_active,6,barrier_abs_error,0.1875,0.869,1000
learned_active,6,barrier_abs_error,0.1875,0.87,1000
learned_active,6,barrier_abs_error,0.1875,0.871,1000
learned_active,6,barrier_abs_error,0.1875,0.872,1000
learned_active,6,barrier_abs_error,0.1875,0.873,1000
learned_active,6,barrier_abs_error,0.1875,0.874,1000
learned_active,6,barrier_abs_error,0.1875,0.875,1000
learned_active,6,barrier_abs_error,0.1898957353329073,0.876,1000
learned_active,6,barrier_abs_error,0.1955904407270754,0.877,1000
learned_active,6,barrier_abs_error,0.1962715724983539,0.878,1000
learned_active,6,barrier_abs_error,0.1963594954939713,0.879,1000
learned_active,6,barrier_abs_error,0.197748706616025,0.88,1000
learned_active,6,barrier_abs_error,0.2026953076131405,0.881,1000
learned_active,6,barrier_abs_error,0.2066330983068454,0.882,1000
learned_active,6,barrier_abs_error,0.2089740938967974,0.883,1000
learned_active,6,barrier_abs_error,0.2120349089648385,0.884,1000
learned_active,6,barrier_abs_error,0.2122030847934048,0.885,1000
learned_active,6,barrier_abs_error,0.21875,0.886,1000
learned_active,6,barrier_abs_error,0.2262707765522744,0.887,1000
learned_active,6,barrier_abs_error,0.2351878695670972,0.888,1000
learned_active,6,barrier_abs_error,0.2411876021335572,0.889,1000
learned_active,6,barrier_abs_error,0.25,0.89,1000
learned_active,6,barrier_abs_error,0.25,0.891,1000
learned_active,6,barrier_abs_error,0.25,0.892,1000
learned_active,6,barrier_abs_error,0.25,0.893,1000
learned_active,6,barrier_abs_error,0.25,0.894,1000
learned_active,6,barrier_abs_error,0.25,0.895,1000
learned_active,6,barrier_abs_error,0.25,0.896,1000
learned_active,6,barrier_abs_error,0.25,0.897,1000
learned_active,6,barrier_abs_error,0.25,0.898,1000
learned_active,6,barrier_abs_error,0.25,0.899,1000
learned_active,6,barrier_abs_error,0.25,0.9,1000
learned_active,6,barrier_abs_error,0.25,0.901,1000
learned_active,6,barrier_abs_error,0.2507265226482076,0.902,1000
learned_active,6,barrier_abs_error,0.2541393344906879,0.903,1000
learned_active,6,barrier_abs_error,0.2553745646513974,0.904,1000
learned_active,6,barrier_abs_error,0.2628728355975838,0.905,1000
learned_active,6,barrier_abs_error,0.274118860365272,0.906,1000
learned_active,6,barrier_abs_error,0.28125,0.907,1000
learned_active,6,barrier_abs_error,0.28125,0.908,1000
learned_active,6,barrier_abs_error,0.28125,0.909,1000
learned_active,6,barrier_abs_error,0.2833787823552107,0.91,1000
learned_active,6,barrier_abs_error,0.2892962800762415,0.911,1000
learned_active,6,barrier_abs_error,0.291082198082659,0.912,1000
learned_active,6,barrier_abs_error,0.2955542578930838,0.913,1000
learned_active,6,barrier_abs_error,0.3031811515108611,0.914,1000
learned_active,6,barrier_abs_error,0.3125,0.915,1000
learned_active,6,barrier_abs_error,0.3125,0.916,1000
learned_active,6,barrier_abs_error,0.3125,0.917,1000
learned_active,6,barrier_abs_error,0.3152637595833027,0.918,1000
learned_active,6,barrier_abs_error,0.3236665995212799,0.919,1000
learned_active,6,barrier_abs_error,0.3500660097677333,0.92,1000
learned_active,6,barrier_abs_error,0.3522308242438718,0.921,1000
learned_active,6,barrier_abs_error,0.3593562580178719,0.922,1000
learned_active,6,barrier_abs_error,0.3716783774501806,0.923,1000
learned_active,6,barrier_abs_error,0.375,0.924,1000
learned_active,6,barrier_abs_error,0.375,0.925,1000
learned_active,6,barrier_abs_error,0.375,0.926,1000
learned_active,6,barrier_abs_error,0.3760413932477568,0.927,1000
learned_active,6,barrier_abs_error,0.3768020691587352,0.928,1000
learned_active,6,barrier_abs_error,0.3843015231639226,0.929,1000
learned_active,6,barrier_abs_error,0.3917737668867609,0.93,1000
learned_active,6,barrier_abs_error,0.3938490046051512,0.931,1000
learned_active,6,barrier_abs_error,0.4013234090077358,0.932,1000
learned_active,6,barrier_abs_error,0.4054259695253366,0.933,1000
learned_active,6,barrier_abs_error,0.40625,0.934,1000
learned_active,6,barrier_abs_error,0.4087582050479348,0.935,1000
learned_active,6,barrier_abs_error,0.4140221351142106,0.936,1000
learned_active,6,barrier_abs_error,0.418173575205909,0.937,1000
learned_active,6,barrier_abs_error,0.4264638923112622,0.938,1000
learned_active,6,barrier_abs_error,0.4266512872695396,0.939,1000
learned_active,6,barrier_abs_error,0.4375,0.94,1000
learned_active,6,barrier_abs_error,0.4375,0.941,1000
learned_active,6,barrier_abs_error,0.4375,0.942,1000
learned_active,6,barrier_abs_error,0.4388816414452408,0.943,1000
learned_active,6,barrier_abs_error,0.4525022271028902,0.944,1000
learned_active,6,barrier_abs_error,0.4556589103775152,0.945,1000
learned_active,6,barrier_abs_error,0.4591183660892488,0.946,1000
learned_active,6,barrier_abs_error,0.4617707039121477,0.947,1000
learned_active,6,barrier_abs_error,0.5,0.948,1000
learned_active,6,barrier_abs_error,0.5,0.949,1000
learned_active,6,barrier_abs_error,0.5068200457538481,0.95,1000
learned_active,6,barrier_abs_error,0.5104834135452734,0.951,1000
learned_active,6,barrier_abs_error,0.53125,0.952,1000
learned_active,6,barrier_abs_error,0.5625,0.953,1000
learned_active,6,barrier_abs_error,0.59375,0.954,1000
learned_active,6,barrier_abs_error,0.59375,0.955,1000
learned_active,6,barrier_abs_error,0.6181843154209048,0.956,1000
learned_active,6,barrier_abs_error,0.623532403111229,0.957,1000
learned_active,6,barrier_abs_error,0.625,0.958,1000
learned_active,6,barrier_abs_error,0.625,0.959,1000
learned_active,6,barrier_abs_error,0.6346763580375576,0.96,1000
learned_active,6,barrier_abs_error,0.6433560088455952,0.961,1000
learned_active,6,barrier_abs_error,0.6536965677527125,0.962,1000
learned_active,6,barrier_abs_error,0.6875,0.963,1000
learned_active,6,barrier_abs_error,0.714135100609333,0.964,1000
learned_active,6,barrier_abs_error,0.71875,0.965,1000
learned_active,6,barrier_abs_error,0.7304070058249419,0.966,1000
learned_active,6,barrier_abs_error,0.75,0.967,1000
learned_active,6,barrier_abs_error,0.75,0.968,1000
learned_active,6,barrier_abs_error,0.7535221284880222,0.969,1000
learned_active,6,barrier_abs_error,0.8789943955582613,0.97,1000
learned_active,6,barrier_abs_error,0.8989254863526579,0.971,1000
learned_active,6,barrier_abs_error,0.957678463411531,0.972,1000
learned_active,6,barrier_abs_error,1.0442549725067485,0.973,1000
learned_active,6,barrier_abs_error,1.0625,0.974,1000
learned_active,6,barrier_abs_error,1.0906553626091997,0.975,1000
learned_active,6,barrier_abs_error,1.099441206765075,0.976,1000
learned_active,6,barrier_abs_error,1.138834577559653,0.977,1000
learned_active,6,barrier_abs_error,1.3125,0.978,1000
learned_active,6,barrier_abs_error,1.3125,0.979,1000
learned_active,6,barrier_abs_error,1.4005561314874455,0.98,1000
learned_active,6,barrier_abs_error,1.4375,0.981,1000
learned_active,6,barrier_abs_error,1.5157884480370818,0.982,1000
learned_active,6,barrier_abs_error,1.5659518344681662,0.983,1000
learned_active,6,barrier_abs_error,1.6733289023338642,0.984,1000
learned_active,6,barrier_abs_error,1.6875,0.985,1000
learned_active,6,barrier_abs_error,1.690211913975002,0.986,1000
learned_active,6,barrier_abs_error,1.8125,0.987,1000
learned_active,6,barrier_abs_error,1.875,0.988,1000
learned_active,6,barrier_abs_error,2.0625,0.989,1000
learned_active,6,barrier_abs_error,2.0625,0.99,1000
learned_active,6,barrier_abs_error,2.085830968233359,0.991,1000
learned_active,6,barrier_abs_error,2.1340927531252483,0.992,1000
learned_active,6,barrier_abs_error,2.1981641853708176,0.993,1000
learned_active,6,barrier_abs_error,2.263542273172032,0.994,1000
learned_active,6,barrier_abs_error,2.542445800254427,0.995,1000
learned_active,6,barrier_abs_error,2.931402980502332,0.996,1000
learned_active,6,barrier_abs_error,3.2270937581069994,0.997,1000
learned_active,6,barrier_abs_error,8.560578998352776,0.998,1000
learned_active,6,barrier_abs_error,15.972403857764329,0.999,1000
learned_active,6,barrier_abs_error,23.564278598524364,1.0,1000
zero_shot_active,6,profile_mae,0.009199757092965,0.001,1000
zero_shot_active,6,profile_mae,0.0143896519796294,0.002,1000
zero_shot_active,6,profile_mae,0.0148883852045698,0.003,1000
zero_shot_active,6,profile_mae,0.0158944471938391,0.004,1000
zero_shot_active,6,profile_mae,0.0160622394074518,0.005,1000
zero_shot_active,6,profile_mae,0.0163067149016021,0.006,1000
zero_shot_active,6,profile_mae,0.016416750498271,0.007,1000
zero_shot_active,6,profile_mae,0.0168716118214629,0.008,1000
zero_shot_active,6,profile_mae,0.017960861485473,0.009,1000
zero_shot_active,6,profile_mae,0.0206044795713858,0.01,1000
zero_shot_active,6,profile_mae,0.0217254015098798,0.011,1000
zero_shot_active,6,profile_mae,0.0238738738613714,0.012,1000
zero_shot_active,6,profile_mae,0.0250776240569805,0.013,1000
zero_shot_active,6,profile_mae,0.0257454255244374,0.014,1000
zero_shot_active,6,profile_mae,0.0265612465768448,0.015,1000
zero_shot_active,6,profile_mae,0.0271742957621219,0.016,1000
zero_shot_active,6,profile_mae,0.0279937560839244,0.017,1000
zero_shot_active,6,profile_mae,0.0299224317142814,0.018,1000
zero_shot_active,6,profile_mae,0.0304921705634625,0.019,1000
zero_shot_active,6,profile_mae,0.030865388084425,0.02,1000
zero_shot_active,6,profile_mae,0.0308753156223805,0.021,1000
zero_shot_active,6,profile_mae,0.0311534615948535,0.022,1000
zero_shot_active,6,profile_mae,0.0312379040640427,0.023,1000
zero_shot_active,6,profile_mae,0.0325555225186408,0.024,1000
zero_shot_active,6,profile_mae,0.0336933691583689,0.025,1000
zero_shot_active,6,profile_mae,0.0340229955146548,0.026,1000
zero_shot_active,6,profile_mae,0.0343112161611161,0.027,1000
zero_shot_active,6,profile_mae,0.0343817487867194,0.028,1000
zero_shot_active,6,profile_mae,0.0381265803069492,0.029,1000
zero_shot_active,6,profile_mae,0.0381910458677827,0.03,1000
zero_shot_active,6,profile_mae,0.0387599744970414,0.031,1000
zero_shot_active,6,profile_mae,0.0390735721072362,0.032,1000
zero_shot_active,6,profile_mae,0.0391815734473104,0.033,1000
zero_shot_active,6,profile_mae,0.0400987312200614,0.034,1000
zero_shot_active,6,profile_mae,0.0422135820926784,0.035,1000
zero_shot_active,6,profile_mae,0.0423071782223398,0.036,1000
zero_shot_active,6,profile_mae,0.0423264938919334,0.037,1000
zero_shot_active,6,profile_mae,0.0435552167508732,0.038,1000
zero_shot_active,6,profile_mae,0.0440616583320996,0.039,1000
zero_shot_active,6,profile_mae,0.0443573913433326,0.04,1000
zero_shot_active,6,profile_mae,0.0444807183206968,0.041,1000
zero_shot_active,6,profile_mae,0.0457414386740792,0.042,1000
zero_shot_active,6,profile_mae,0.0462977813521035,0.043,1000
zero_shot_active,6,profile_mae,0.0463856171249771,0.044,1000
zero_shot_active,6,profile_mae,0.0471807848981682,0.045,1000
zero_shot_active,6,profile_mae,0.0483665419380635,0.046,1000
zero_shot_active,6,profile_mae,0.0484374643479414,0.047,1000
zero_shot_active,6,profile_mae,0.0491262540451314,0.048,1000
zero_shot_active,6,profile_mae,0.0498713841914288,0.049,1000
zero_shot_active,6,profile_mae,0.0501388613731972,0.05,1000
zero_shot_active,6,profile_mae,0.0512181894725296,0.051,1000
zero_shot_active,6,profile_mae,0.0514301903953767,0.052,1000
zero_shot_active,6,profile_mae,0.0515579281359979,0.053,1000
zero_shot_active,6,profile_mae,0.0517069093218754,0.054,1000
zero_shot_active,6,profile_mae,0.0518159906140405,0.055,1000
zero_shot_active,6,profile_mae,0.0518692877627447,0.056,1000
zero_shot_active,6,profile_mae,0.0522997882292375,0.057,1000
zero_shot_active,6,profile_mae,0.052409255041731,0.058,1000
zero_shot_active,6,profile_mae,0.0526868166927017,0.059,1000
zero_shot_active,6,profile_mae,0.0527059850559407,0.06,1000
zero_shot_active,6,profile_mae,0.0538693929446697,0.061,1000
zero_shot_active,6,profile_mae,0.0539727650545117,0.062,1000
zero_shot_active,6,profile_mae,0.0553954469446721,0.063,1000
zero_shot_active,6,profile_mae,0.0554028189554497,0.064,1000
zero_shot_active,6,profile_mae,0.0556279221319477,0.065,1000
zero_shot_active,6,profile_mae,0.0560845372706755,0.066,1000
zero_shot_active,6,profile_mae,0.0563508065362285,0.067,1000
zero_shot_active,6,profile_mae,0.05689771664492,0.068,1000
zero_shot_active,6,profile_mae,0.0569978537489893,0.069,1000
zero_shot_active,6,profile_mae,0.0570369007069924,0.07,1000
zero_shot_active,6,profile_mae,0.0572794090746523,0.071,1000
zero_shot_active,6,profile_mae,0.0578161147890789,0.072,1000
zero_shot_active,6,profile_mae,0.0583022581816544,0.073,1000
zero_shot_active,6,profile_mae,0.0586563575052544,0.074,1000
zero_shot_active,6,profile_mae,0.059728733901196,0.075,1000
zero_shot_active,6,profile_mae,0.060442753988375,0.076,1000
zero_shot_active,6,profile_mae,0.0605265132910416,0.077,1000
zero_shot_active,6,profile_mae,0.0606631722753698,0.078,1000
zero_shot_active,6,profile_mae,0.0608232213699447,0.079,1000
zero_shot_active,6,profile_mae,0.0616676996438355,0.08,1000
zero_shot_active,6,profile_mae,0.0625711695110788,0.081,1000
zero_shot_active,6,profile_mae,0.0642262803901246,0.082,1000
zero_shot_active,6,profile_mae,0.0643862780352345,0.083,1000
zero_shot_active,6,profile_mae,0.0648142252794069,0.084,1000
zero_shot_active,6,profile_mae,0.0653246529193143,0.085,1000
zero_shot_active,6,profile_mae,0.0653789699121268,0.086,1000
zero_shot_active,6,profile_mae,0.0654064341624203,0.087,1000
zero_shot_active,6,profile_mae,0.0665717902905485,0.088,1000
zero_shot_active,6,profile_mae,0.0666320004159644,0.089,1000
zero_shot_active,6,profile_mae,0.0671240142887881,0.09,1000
zero_shot_active,6,profile_mae,0.067426152925325,0.091,1000
zero_shot_active,6,profile_mae,0.0677009727912889,0.092,1000
zero_shot_active,6,profile_mae,0.0677199282973083,0.093,1000
zero_shot_active,6,profile_mae,0.0678701421894311,0.094,1000
zero_shot_active,6,profile_mae,0.0706775079841065,0.095,1000
zero_shot_active,6,profile_mae,0.0710775009415155,0.096,1000
zero_shot_active,6,profile_mae,0.0711371592893597,0.097,1000
zero_shot_active,6,profile_mae,0.0714830490372049,0.098,1000
zero_shot_active,6,profile_mae,0.0717706508980224,0.099,1000
zero_shot_active,6,profile_mae,0.0719645344232597,0.1,1000
zero_shot_active,6,profile_mae,0.072334844351774,0.101,1000
zero_shot_active,6,profile_mae,0.0725537050193012,0.102,1000
zero_shot_active,6,profile_mae,0.0730150794514967,0.103,1000
zero_shot_active,6,profile_mae,0.0731171202086677,0.104,1000
zero_shot_active,6,profile_mae,0.0738699607999526,0.105,1000
zero_shot_active,6,profile_mae,0.0739574601464561,0.106,1000
zero_shot_active,6,profile_mae,0.0740534728798916,0.107,1000
zero_shot_active,6,profile_mae,0.0754318501718298,0.108,1000
zero_shot_active,6,profile_mae,0.075518941454436,0.109,1000
zero_shot_active,6,profile_mae,0.0763752819681958,0.11,1000
zero_shot_active,6,profile_mae,0.0768380296336135,0.111,1000
zero_shot_active,6,profile_mae,0.0776750014768909,0.112,1000
zero_shot_active,6,profile_mae,0.0779499569633929,0.113,1000
zero_shot_active,6,profile_mae,0.07814123741522,0.114,1000
zero_shot_active,6,profile_mae,0.0783037147691995,0.115,1000
zero_shot_active,6,profile_mae,0.079021622774505,0.116,1000
zero_shot_active,6,profile_mae,0.0793432574534702,0.117,1000
zero_shot_active,6,profile_mae,0.0794898384787839,0.118,1000
zero_shot_active,6,profile_mae,0.0802117598837024,0.119,1000
zero_shot_active,6,profile_mae,0.0805238854323394,0.12,1000
zero_shot_active,6,profile_mae,0.0809921571983507,0.121,1000
zero_shot_active,6,profile_mae,0.0811506530715897,0.122,1000
zero_shot_active,6,profile_mae,0.0815121302238069,0.123,1000
zero_shot_active,6,profile_mae,0.0818404854735887,0.124,1000
zero_shot_active,6,profile_mae,0.0819994260049071,0.125,1000
zero_shot_active,6,profile_mae,0.0827818558046758,0.126,1000
zero_shot_active,6,profile_mae,0.0827951345656542,0.127,1000
zero_shot_active,6,profile_mae,0.0836362896286987,0.128,1000
zero_shot_active,6,profile_mae,0.0842808490207625,0.129,1000
zero_shot_active,6,profile_mae,0.0852930554877128,0.13,1000
zero_shot_active,6,profile_mae,0.0853516119236789,0.131,1000
zero_shot_active,6,profile_mae,0.0853717310275728,0.132,1000
zero_shot_active,6,profile_mae,0.0865658170258502,0.133,1000
zero_shot_active,6,profile_mae,0.0866524115797508,0.134,1000
zero_shot_active,6,profile_mae,0.0873903999563953,0.135,1000
zero_shot_active,6,profile_mae,0.0875435747589721,0.136,1000
zero_shot_active,6,profile_mae,0.0876970797620292,0.137,1000
zero_shot_active,6,profile_mae,0.0886608689224794,0.138,1000
zero_shot_active,6,profile_mae,0.0893117218990935,0.139,1000
zero_shot_active,6,profile_mae,0.089852005244165,0.14,1000
zero_shot_active,6,profile_mae,0.0898600856813576,0.141,1000
zero_shot_active,6,profile_mae,0.0902993287554696,0.142,1000
zero_shot_active,6,profile_mae,0.0904908702041527,0.143,1000
zero_shot_active,6,profile_mae,0.0912862567942333,0.144,1000
zero_shot_active,6,profile_mae,0.0920844905955813,0.145,1000
zero_shot_active,6,profile_mae,0.0942026126655811,0.146,1000
zero_shot_active,6,profile_mae,0.0953618156238025,0.147,1000
zero_shot_active,6,profile_mae,0.0955200089117427,0.148,1000
zero_shot_active,6,profile_mae,0.095735009794594,0.149,1000
zero_shot_active,6,profile_mae,0.0970603470963576,0.15,1000
zero_shot_active,6,profile_mae,0.0970727834629854,0.151,1000
zero_shot_active,6,profile_mae,0.0974786059512073,0.152,1000
zero_shot_active,6,profile_mae,0.0981275356232108,0.153,1000
zero_shot_active,6,profile_mae,0.0981633337120702,0.154,1000
zero_shot_active,6,profile_mae,0.0985418312072178,0.155,1000
zero_shot_active,6,profile_mae,0.0985541168827383,0.156,1000
zero_shot_active,6,profile_mae,0.0988302281229688,0.157,1000
zero_shot_active,6,profile_mae,0.0999458042796433,0.158,1000
zero_shot_active,6,profile_mae,0.1001872145764993,0.159,1000
zero_shot_active,6,profile_mae,0.1003396807879478,0.16,1000
zero_shot_active,6,profile_mae,0.1005270248096062,0.161,1000
zero_shot_active,6,profile_mae,0.1015770662569503,0.162,1000
zero_shot_active,6,profile_mae,0.102129038419062,0.163,1000
zero_shot_active,6,profile_mae,0.1028671278716436,0.164,1000
zero_shot_active,6,profile_mae,0.1031176912919764,0.165,1000
zero_shot_active,6,profile_mae,0.1031791104340684,0.166,1000
zero_shot_active,6,profile_mae,0.1031974173889576,0.167,1000
zero_shot_active,6,profile_mae,0.1039042416072062,0.168,1000
zero_shot_active,6,profile_mae,0.104743669538513,0.169,1000
zero_shot_active,6,profile_mae,0.1047990014894757,0.17,1000
zero_shot_active,6,profile_mae,0.1055837528505402,0.171,1000
zero_shot_active,6,profile_mae,0.1058844508126353,0.172,1000
zero_shot_active,6,profile_mae,0.107252335449974,0.173,1000
zero_shot_active,6,profile_mae,0.1074421530591094,0.174,1000
zero_shot_active,6,profile_mae,0.1074611881973888,0.175,1000
zero_shot_active,6,profile_mae,0.1083048726302835,0.176,1000
zero_shot_active,6,profile_mae,0.1091660501193755,0.177,1000
zero_shot_active,6,profile_mae,0.1091918281806389,0.178,1000
zero_shot_active,6,profile_mae,0.1094373032776058,0.179,1000
zero_shot_active,6,profile_mae,0.1096795903151651,0.18,1000
zero_shot_active,6,profile_mae,0.111302613763751,0.181,1000
zero_shot_active,6,profile_mae,0.1114899564055436,0.182,1000
zero_shot_active,6,profile_mae,0.1118274902970873,0.183,1000
zero_shot_active,6,profile_mae,0.1119840677915495,0.184,1000
zero_shot_active,6,profile_mae,0.1136518522018289,0.185,1000
zero_shot_active,6,profile_mae,0.1143038706105671,0.186,1000
zero_shot_active,6,profile_mae,0.1152621647663263,0.187,1000
zero_shot_active,6,profile_mae,0.1154889993916749,0.188,1000
zero_shot_active,6,profile_mae,0.1155596649300487,0.189,1000
zero_shot_active,6,profile_mae,0.1167467266317952,0.19,1000
zero_shot_active,6,profile_mae,0.1178271158795965,0.191,1000
zero_shot_active,6,profile_mae,0.1179997209539169,0.192,1000
zero_shot_active,6,profile_mae,0.1182299583333105,0.193,1000
zero_shot_active,6,profile_mae,0.1183103438268006,0.194,1000
zero_shot_active,6,profile_mae,0.1185215604793393,0.195,1000
zero_shot_active,6,profile_mae,0.1190334854197709,0.196,1000
zero_shot_active,6,profile_mae,0.1197397025941959,0.197,1000
zero_shot_active,6,profile_mae,0.1197741237301992,0.198,1000
zero_shot_active,6,profile_mae,0.1199589875773875,0.199,1000
zero_shot_active,6,profile_mae,0.1204836044030712,0.2,1000
zero_shot_active,6,profile_mae,0.12079258707143,0.201,1000
zero_shot_active,6,profile_mae,0.1222129253994058,0.202,1000
zero_shot_active,6,profile_mae,0.1226737176152316,0.203,1000
zero_shot_active,6,profile_mae,0.1231274928076808,0.204,1000
zero_shot_active,6,profile_mae,0.1236804905691969,0.205,1000
zero_shot_active,6,profile_mae,0.1239026760694185,0.206,1000
zero_shot_active,6,profile_mae,0.1241027016958717,0.207,1000
zero_shot_active,6,profile_mae,0.1246044198667688,0.208,1000
zero_shot_active,6,profile_mae,0.1252218936916105,0.209,1000
zero_shot_active,6,profile_mae,0.125387279831944,0.21,1000
zero_shot_active,6,profile_mae,0.1257243036343736,0.211,1000
zero_shot_active,6,profile_mae,0.1258459325320456,0.212,1000
zero_shot_active,6,profile_mae,0.1260263647895114,0.213,1000
zero_shot_active,6,profile_mae,0.1262673686243276,0.214,1000
zero_shot_active,6,profile_mae,0.1268381626103201,0.215,1000
zero_shot_active,6,profile_mae,0.1272499950368452,0.216,1000
zero_shot_active,6,profile_mae,0.1273872928597869,0.217,1000
zero_shot_active,6,profile_mae,0.1274592771431834,0.218,1000
zero_shot_active,6,profile_mae,0.1283288470249985,0.219,1000
zero_shot_active,6,profile_mae,0.1288988055782233,0.22,1000
zero_shot_active,6,profile_mae,0.1295665567967907,0.221,1000
zero_shot_active,6,profile_mae,0.1299877066383948,0.222,1000
zero_shot_active,6,profile_mae,0.1300022500777253,0.223,1000
zero_shot_active,6,profile_mae,0.1301320317958893,0.224,1000
zero_shot_active,6,profile_mae,0.1304477072975848,0.225,1000
zero_shot_active,6,profile_mae,0.1312236132143833,0.226,1000
zero_shot_active,6,profile_mae,0.1312944151937739,0.227,1000
zero_shot_active,6,profile_mae,0.1312970030670624,0.228,1000
zero_shot_active,6,profile_mae,0.1313340266865196,0.229,1000
zero_shot_active,6,profile_mae,0.1315095825191065,0.23,1000
zero_shot_active,6,profile_mae,0.1322465047714457,0.231,1000
zero_shot_active,6,profile_mae,0.1329239521957547,0.232,1000
zero_shot_active,6,profile_mae,0.1330251800420968,0.233,1000
zero_shot_active,6,profile_mae,0.1338563562781891,0.234,1000
zero_shot_active,6,profile_mae,0.1345699729544947,0.235,1000
zero_shot_active,6,profile_mae,0.1345893625820323,0.236,1000
zero_shot_active,6,profile_mae,0.1345996163707848,0.237,1000
zero_shot_active,6,profile_mae,0.1353993874909976,0.238,1000
zero_shot_active,6,profile_mae,0.1354182050897339,0.239,1000
zero_shot_active,6,profile_mae,0.1357835005325084,0.24,1000
zero_shot_active,6,profile_mae,0.1357889419272742,0.241,1000
zero_shot_active,6,profile_mae,0.1361598654661,0.242,1000
zero_shot_active,6,profile_mae,0.1362028031151389,0.243,1000
zero_shot_active,6,profile_mae,0.1365992006593462,0.244,1000
zero_shot_active,6,profile_mae,0.1366850881136418,0.245,1000
zero_shot_active,6,profile_mae,0.1372579492005813,0.246,1000
zero_shot_active,6,profile_mae,0.1373425714047437,0.247,1000
zero_shot_active,6,profile_mae,0.1376585371424736,0.248,1000
zero_shot_active,6,profile_mae,0.1380302418919718,0.249,1000
zero_shot_active,6,profile_mae,0.1382587408355039,0.25,1000
zero_shot_active,6,profile_mae,0.1387077787251773,0.251,1000
zero_shot_active,6,profile_mae,0.1389198145005029,0.252,1000
zero_shot_active,6,profile_mae,0.1390104251899032,0.253,1000
zero_shot_active,6,profile_mae,0.1390958124358686,0.254,1000
zero_shot_active,6,profile_mae,0.1396880986185174,0.255,1000
zero_shot_active,6,profile_mae,0.1402355733015297,0.256,1000
zero_shot_active,6,profile_mae,0.1403137434537482,0.257,1000
zero_shot_active,6,profile_mae,0.1407215506087368,0.258,1000
zero_shot_active,6,profile_mae,0.1407462913517272,0.259,1000
zero_shot_active,6,profile_mae,0.1409775050445014,0.26,1000
zero_shot_active,6,profile_mae,0.1420249382814762,0.261,1000
zero_shot_active,6,profile_mae,0.1423150684523253,0.262,1000
zero_shot_active,6,profile_mae,0.1430663533096017,0.263,1000
zero_shot_active,6,profile_mae,0.1431967725119056,0.264,1000
zero_shot_active,6,profile_mae,0.1433729004662598,0.265,1000
zero_shot_active,6,profile_mae,0.1439801270763865,0.266,1000
zero_shot_active,6,profile_mae,0.1442877971698467,0.267,1000
zero_shot_active,6,profile_mae,0.1443263913630502,0.268,1000
zero_shot_active,6,profile_mae,0.1444296168160146,0.269,1000
zero_shot_active,6,profile_mae,0.1448579176933936,0.27,1000
zero_shot_active,6,profile_mae,0.1452937624579703,0.271,1000
zero_shot_active,6,profile_mae,0.1460138103658167,0.272,1000
zero_shot_active,6,profile_mae,0.1462189490721884,0.273,1000
zero_shot_active,6,profile_mae,0.1463552792089935,0.274,1000
zero_shot_active,6,profile_mae,0.1474169821629772,0.275,1000
zero_shot_active,6,profile_mae,0.1474186129682928,0.276,1000
zero_shot_active,6,profile_mae,0.1488554092694609,0.277,1000
zero_shot_active,6,profile_mae,0.1488662118816099,0.278,1000
zero_shot_active,6,profile_mae,0.1494100014094944,0.279,1000
zero_shot_active,6,profile_mae,0.1494554874991587,0.28,1000
zero_shot_active,6,profile_mae,0.1496868667210751,0.281,1000
zero_shot_active,6,profile_mae,0.1502568214075441,0.282,1000
zero_shot_active,6,profile_mae,0.1508383893844235,0.283,1000
zero_shot_active,6,profile_mae,0.1509200574534083,0.284,1000
zero_shot_active,6,profile_mae,0.15137270580196,0.285,1000
zero_shot_active,6,profile_mae,0.1514670319219731,0.286,1000
zero_shot_active,6,profile_mae,0.151727166933616,0.287,1000
zero_shot_active,6,profile_mae,0.1521078359185446,0.288,1000
zero_shot_active,6,profile_mae,0.1529245162012076,0.289,1000
zero_shot_active,6,profile_mae,0.1536257922172062,0.29,1000
zero_shot_active,6,profile_mae,0.1539396916625896,0.291,1000
zero_shot_active,6,profile_mae,0.1540132992926101,0.292,1000
zero_shot_active,6,profile_mae,0.1541195227610783,0.293,1000
zero_shot_active,6,profile_mae,0.1544973266987224,0.294,1000
zero_shot_active,6,profile_mae,0.1547197450727757,0.295,1000
zero_shot_active,6,profile_mae,0.1547220051010438,0.296,1000
zero_shot_active,6,profile_mae,0.1551673725461187,0.297,1000
zero_shot_active,6,profile_mae,0.1551704553113299,0.298,1000
zero_shot_active,6,profile_mae,0.155296262478727,0.299,1000
zero_shot_active,6,profile_mae,0.1555005752961187,0.3,1000
zero_shot_active,6,profile_mae,0.1556445501213889,0.301,1000
zero_shot_active,6,profile_mae,0.1557068823968107,0.302,1000
zero_shot_active,6,profile_mae,0.1558931394057081,0.303,1000
zero_shot_active,6,profile_mae,0.156657458082703,0.304,1000
zero_shot_active,6,profile_mae,0.1576280410505799,0.305,1000
zero_shot_active,6,profile_mae,0.1576547449107601,0.306,1000
zero_shot_active,6,profile_mae,0.1583878175607982,0.307,1000
zero_shot_active,6,profile_mae,0.1584325021752973,0.308,1000
zero_shot_active,6,profile_mae,0.158721230405319,0.309,1000
zero_shot_active,6,profile_mae,0.1590349997528108,0.31,1000
zero_shot_active,6,profile_mae,0.159184106817234,0.311,1000
zero_shot_active,6,profile_mae,0.1596626201695619,0.312,1000
zero_shot_active,6,profile_mae,0.1612184909512777,0.313,1000
zero_shot_active,6,profile_mae,0.1616718660280014,0.314,1000
zero_shot_active,6,profile_mae,0.1623262097007484,0.315,1000
zero_shot_active,6,profile_mae,0.1625850206278241,0.316,1000
zero_shot_active,6,profile_mae,0.1626513411273817,0.317,1000
zero_shot_active,6,profile_mae,0.1628750939640421,0.318,1000
zero_shot_active,6,profile_mae,0.1639935820859007,0.319,1000
zero_shot_active,6,profile_mae,0.165366321406638,0.32,1000
zero_shot_active,6,profile_mae,0.1658985000044759,0.321,1000
zero_shot_active,6,profile_mae,0.1659130422390324,0.322,1000
zero_shot_active,6,profile_mae,0.1661204872993239,0.323,1000
zero_shot_active,6,profile_mae,0.1664034827732255,0.324,1000
zero_shot_active,6,profile_mae,0.1665540107725116,0.325,1000
zero_shot_active,6,profile_mae,0.1679329171782449,0.326,1000
zero_shot_active,6,profile_mae,0.1682015696540677,0.327,1000
zero_shot_active,6,profile_mae,0.1692818321197478,0.328,1000
zero_shot_active,6,profile_mae,0.1694903892237357,0.329,1000
zero_shot_active,6,profile_mae,0.1697119657927475,0.33,1000
zero_shot_active,6,profile_mae,0.1700007681777942,0.331,1000
zero_shot_active,6,profile_mae,0.1700682681497023,0.332,1000
zero_shot_active,6,profile_mae,0.170404231241146,0.333,1000
zero_shot_active,6,profile_mae,0.171215371361888,0.334,1000
zero_shot_active,6,profile_mae,0.1714183753845779,0.335,1000
zero_shot_active,6,profile_mae,0.1714956173193399,0.336,1000
zero_shot_active,6,profile_mae,0.1720301466700066,0.337,1000
zero_shot_active,6,profile_mae,0.173658092139951,0.338,1000
zero_shot_active,6,profile_mae,0.1739157055721265,0.339,1000
zero_shot_active,6,profile_mae,0.1754240562961569,0.34,1000
zero_shot_active,6,profile_mae,0.1757223446438478,0.341,1000
zero_shot_active,6,profile_mae,0.1758443947158007,0.342,1000
zero_shot_active,6,profile_mae,0.1761247591196492,0.343,1000
zero_shot_active,6,profile_mae,0.1764271965001655,0.344,1000
zero_shot_active,6,profile_mae,0.1773315826154995,0.345,1000
zero_shot_active,6,profile_mae,0.1778021233048841,0.346,1000
zero_shot_active,6,profile_mae,0.1780428736730289,0.347,1000
zero_shot_active,6,profile_mae,0.1788827486424092,0.348,1000
zero_shot_active,6,profile_mae,0.1797243288510111,0.349,1000
zero_shot_active,6,profile_mae,0.1797537786399843,0.35,1000
zero_shot_active,6,profile_mae,0.1798045014443122,0.351,1000
zero_shot_active,6,profile_mae,0.1806243009882452,0.352,1000
zero_shot_active,6,profile_mae,0.1812539863615138,0.353,1000
zero_shot_active,6,profile_mae,0.1815519224454174,0.354,1000
zero_shot_active,6,profile_mae,0.1848800551141388,0.355,1000
zero_shot_active,6,profile_mae,0.1849464583465979,0.356,1000
zero_shot_active,6,profile_mae,0.1857228273207793,0.357,1000
zero_shot_active,6,profile_mae,0.1864221235784873,0.358,1000
zero_shot_active,6,profile_mae,0.1864970198030986,0.359,1000
zero_shot_active,6,profile_mae,0.1868529187612874,0.36,1000
zero_shot_active,6,profile_mae,0.1869353061490835,0.361,1000
zero_shot_active,6,profile_mae,0.1870807302964793,0.362,1000
zero_shot_active,6,profile_mae,0.1877151353531173,0.363,1000
zero_shot_active,6,profile_mae,0.187794418698438,0.364,1000
zero_shot_active,6,profile_mae,0.1881993861702976,0.365,1000
zero_shot_active,6,profile_mae,0.1890724019335799,0.366,1000
zero_shot_active,6,profile_mae,0.1896896061187317,0.367,1000
zero_shot_active,6,profile_mae,0.18972836395055,0.368,1000
zero_shot_active,6,profile_mae,0.1907498149217786,0.369,1000
zero_shot_active,6,profile_mae,0.1907942767145961,0.37,1000
zero_shot_active,6,profile_mae,0.1924969273482316,0.371,1000
zero_shot_active,6,profile_mae,0.1926349490255686,0.372,1000
zero_shot_active,6,profile_mae,0.1927143246818102,0.373,1000
zero_shot_active,6,profile_mae,0.1932844289872834,0.374,1000
zero_shot_active,6,profile_mae,0.19413358821555,0.375,1000
zero_shot_active,6,profile_mae,0.1942319784754028,0.376,1000
zero_shot_active,6,profile_mae,0.1946393248987687,0.377,1000
zero_shot_active,6,profile_mae,0.1946713953998418,0.378,1000
zero_shot_active,6,profile_mae,0.1949244360445459,0.379,1000
zero_shot_active,6,profile_mae,0.1957872216146889,0.38,1000
zero_shot_active,6,profile_mae,0.1971761490891329,0.381,1000
zero_shot_active,6,profile_mae,0.1973610132767854,0.382,1000
zero_shot_active,6,profile_mae,0.197792435839209,0.383,1000
zero_shot_active,6,profile_mae,0.1979640146549418,0.384,1000
zero_shot_active,6,profile_mae,0.1981396869688582,0.385,1000
zero_shot_active,6,profile_mae,0.1981400497364905,0.386,1000
zero_shot_active,6,profile_mae,0.1983044286809706,0.387,1000
zero_shot_active,6,profile_mae,0.199062465301084,0.388,1000
zero_shot_active,6,profile_mae,0.1991929142150524,0.389,1000
zero_shot_active,6,profile_mae,0.199726349202539,0.39,1000
zero_shot_active,6,profile_mae,0.2008462558067871,0.391,1000
zero_shot_active,6,profile_mae,0.201537364155167,0.392,1000
zero_shot_active,6,profile_mae,0.2023831295176673,0.393,1000
zero_shot_active,6,profile_mae,0.2029274942165627,0.394,1000
zero_shot_active,6,profile_mae,0.2038975620193833,0.395,1000
zero_shot_active,6,profile_mae,0.2045587237191557,0.396,1000
zero_shot_active,6,profile_mae,0.2046295034385664,0.397,1000
zero_shot_active,6,profile_mae,0.2053818943231779,0.398,1000
zero_shot_active,6,profile_mae,0.2057422465020998,0.399,1000
zero_shot_active,6,profile_mae,0.2060548479047767,0.4,1000
zero_shot_active,6,profile_mae,0.206374034706898,0.401,1000
zero_shot_active,6,profile_mae,0.2064097066371763,0.402,1000
zero_shot_active,6,profile_mae,0.2065883668051368,0.403,1000
zero_shot_active,6,profile_mae,0.2071981285793609,0.404,1000
zero_shot_active,6,profile_mae,0.2073724388753417,0.405,1000
zero_shot_active,6,profile_mae,0.2076743752598158,0.406,1000
zero_shot_active,6,profile_mae,0.2081518819025792,0.407,1000
zero_shot_active,6,profile_mae,0.2083846627920636,0.408,1000
zero_shot_active,6,profile_mae,0.2085276107662329,0.409,1000
zero_shot_active,6,profile_mae,0.2096785396418659,0.41,1000
zero_shot_active,6,profile_mae,0.2097531533353006,0.411,1000
zero_shot_active,6,profile_mae,0.2098291769798197,0.412,1000
zero_shot_active,6,profile_mae,0.2103661553545791,0.413,1000
zero_shot_active,6,profile_mae,0.2113773135199192,0.414,1000
zero_shot_active,6,profile_mae,0.2125704309861703,0.415,1000
zero_shot_active,6,profile_mae,0.2126056301447784,0.416,1000
zero_shot_active,6,profile_mae,0.2130890214772844,0.417,1000
zero_shot_active,6,profile_mae,0.2133951210655364,0.418,1000
zero_shot_active,6,profile_mae,0.2134407915615438,0.419,1000
zero_shot_active,6,profile_mae,0.213628375510314,0.42,1000
zero_shot_active,6,profile_mae,0.2140347569304523,0.421,1000
zero_shot_active,6,profile_mae,0.2141361842668557,0.422,1000
zero_shot_active,6,profile_mae,0.2142242190073087,0.423,1000
zero_shot_active,6,profile_mae,0.2149698752097628,0.424,1000
zero_shot_active,6,profile_mae,0.2150678441997302,0.425,1000
zero_shot_active,6,profile_mae,0.2169356150609422,0.426,1000
zero_shot_active,6,profile_mae,0.2169683319317939,0.427,1000
zero_shot_active,6,profile_mae,0.2173422710401498,0.428,1000
zero_shot_active,6,profile_mae,0.2188003297297578,0.429,1000
zero_shot_active,6,profile_mae,0.2188572975589965,0.43,1000
zero_shot_active,6,profile_mae,0.220072185797942,0.431,1000
zero_shot_active,6,profile_mae,0.220078129115272,0.432,1000
zero_shot_active,6,profile_mae,0.2217085234119634,0.433,1000
zero_shot_active,6,profile_mae,0.2226819944255652,0.434,1000
zero_shot_active,6,profile_mae,0.2239514985187329,0.435,1000
zero_shot_active,6,profile_mae,0.2240934434136655,0.436,1000
zero_shot_active,6,profile_mae,0.2241047815498165,0.437,1000
zero_shot_active,6,profile_mae,0.224118215552845,0.438,1000
zero_shot_active,6,profile_mae,0.2243180653610248,0.439,1000
zero_shot_active,6,profile_mae,0.2245357936890303,0.44,1000
zero_shot_active,6,profile_mae,0.2246885138357361,0.441,1000
zero_shot_active,6,profile_mae,0.2261350521317806,0.442,1000
zero_shot_active,6,profile_mae,0.2262273728475945,0.443,1000
zero_shot_active,6,profile_mae,0.2266369922444006,0.444,1000
zero_shot_active,6,profile_mae,0.2278953438702709,0.445,1000
zero_shot_active,6,profile_mae,0.2297255039901191,0.446,1000
zero_shot_active,6,profile_mae,0.2301295365763281,0.447,1000
zero_shot_active,6,profile_mae,0.2322489544252853,0.448,1000
zero_shot_active,6,profile_mae,0.2340673252253959,0.449,1000
zero_shot_active,6,profile_mae,0.2349429133686912,0.45,1000
zero_shot_active,6,profile_mae,0.2350834976330381,0.451,1000
zero_shot_active,6,profile_mae,0.2366658042327165,0.452,1000
zero_shot_active,6,profile_mae,0.2373326046287722,0.453,1000
zero_shot_active,6,profile_mae,0.2379893783028731,0.454,1000
zero_shot_active,6,profile_mae,0.2383900741625073,0.455,1000
zero_shot_active,6,profile_mae,0.2385565233525517,0.456,1000
zero_shot_active,6,profile_mae,0.2389771022654394,0.457,1000
zero_shot_active,6,profile_mae,0.2402943145395384,0.458,1000
zero_shot_active,6,profile_mae,0.2404695764054047,0.459,1000
zero_shot_active,6,profile_mae,0.2410072033072633,0.46,1000
zero_shot_active,6,profile_mae,0.2411403369550062,0.461,1000
zero_shot_active,6,profile_mae,0.241681634895865,0.462,1000
zero_shot_active,6,profile_mae,0.2421592232631315,0.463,1000
zero_shot_active,6,profile_mae,0.2427352244356845,0.464,1000
zero_shot_active,6,profile_mae,0.2429090032008505,0.465,1000
zero_shot_active,6,profile_mae,0.2431236825759467,0.466,1000
zero_shot_active,6,profile_mae,0.2433038350552168,0.467,1000
zero_shot_active,6,profile_mae,0.2433838703415035,0.468,1000
zero_shot_active,6,profile_mae,0.24371297834025,0.469,1000
zero_shot_active,6,profile_mae,0.2441552839976132,0.47,1000
zero_shot_active,6,profile_mae,0.2445707229945009,0.471,1000
zero_shot_active,6,profile_mae,0.2446839186186429,0.472,1000
zero_shot_active,6,profile_mae,0.2458687260774065,0.473,1000
zero_shot_active,6,profile_mae,0.2464940179468295,0.474,1000
zero_shot_active,6,profile_mae,0.2467930090122584,0.475,1000
zero_shot_active,6,profile_mae,0.2470369948580221,0.476,1000
zero_shot_active,6,profile_mae,0.2471576441667627,0.477,1000
zero_shot_active,6,profile_mae,0.2472989480047366,0.478,1000
zero_shot_active,6,profile_mae,0.2474957475550486,0.479,1000
zero_shot_active,6,profile_mae,0.2483442128148789,0.48,1000
zero_shot_active,6,profile_mae,0.2497073607577234,0.481,1000
zero_shot_active,6,profile_mae,0.2497414162919553,0.482,1000
zero_shot_active,6,profile_mae,0.2499210491444976,0.483,1000
zero_shot_active,6,profile_mae,0.2508165615393973,0.484,1000
zero_shot_active,6,profile_mae,0.250976640561092,0.485,1000
zero_shot_active,6,profile_mae,0.2511314425390931,0.486,1000
zero_shot_active,6,profile_mae,0.2532244666272114,0.487,1000
zero_shot_active,6,profile_mae,0.2535858365745371,0.488,1000
zero_shot_active,6,profile_mae,0.2540927987815556,0.489,1000
zero_shot_active,6,profile_mae,0.2544395289670211,0.49,1000
zero_shot_active,6,profile_mae,0.2549101379403613,0.491,1000
zero_shot_active,6,profile_mae,0.2561086600241514,0.492,1000
zero_shot_active,6,profile_mae,0.2566307478253976,0.493,1000
zero_shot_active,6,profile_mae,0.2581213093422573,0.494,1000
zero_shot_active,6,profile_mae,0.2583110697622317,0.495,1000
zero_shot_active,6,profile_mae,0.2584426383426214,0.496,1000
zero_shot_active,6,profile_mae,0.2591283737703886,0.497,1000
zero_shot_active,6,profile_mae,0.2592398217716218,0.498,1000
zero_shot_active,6,profile_mae,0.2596797927204465,0.499,1000
zero_shot_active,6,profile_mae,0.2606712275835692,0.5,1000
zero_shot_active,6,profile_mae,0.2607176060222271,0.501,1000
zero_shot_active,6,profile_mae,0.2608812615602749,0.502,1000
zero_shot_active,6,profile_mae,0.2610704963058588,0.503,1000
zero_shot_active,6,profile_mae,0.2618784758328589,0.504,1000
zero_shot_active,6,profile_mae,0.2628298759131218,0.505,1000
zero_shot_active,6,profile_mae,0.2636058481404881,0.506,1000
zero_shot_active,6,profile_mae,0.2638566303023301,0.507,1000
zero_shot_active,6,profile_mae,0.2640185439710114,0.508,1000
zero_shot_active,6,profile_mae,0.2641050774471179,0.509,1000
zero_shot_active,6,profile_mae,0.2642210987670362,0.51,1000
zero_shot_active,6,profile_mae,0.2647373792933964,0.511,1000
zero_shot_active,6,profile_mae,0.2651181074981475,0.512,1000
zero_shot_active,6,profile_mae,0.2658827799139539,0.513,1000
zero_shot_active,6,profile_mae,0.2661261582261552,0.514,1000
zero_shot_active,6,profile_mae,0.2674468852260503,0.515,1000
zero_shot_active,6,profile_mae,0.2678624239658088,0.516,1000
zero_shot_active,6,profile_mae,0.2700784159028169,0.517,1000
zero_shot_active,6,profile_mae,0.2702175856731038,0.518,1000
zero_shot_active,6,profile_mae,0.2703316942269964,0.519,1000
zero_shot_active,6,profile_mae,0.2704190897750278,0.52,1000
zero_shot_active,6,profile_mae,0.2709394304453217,0.521,1000
zero_shot_active,6,profile_mae,0.2713528112392256,0.522,1000
zero_shot_active,6,profile_mae,0.2718749978461003,0.523,1000
zero_shot_active,6,profile_mae,0.272305497495735,0.524,1000
zero_shot_active,6,profile_mae,0.2726023515348391,0.525,1000
zero_shot_active,6,profile_mae,0.2733662699503539,0.526,1000
zero_shot_active,6,profile_mae,0.2735122569756467,0.527,1000
zero_shot_active,6,profile_mae,0.2745614422985157,0.528,1000
zero_shot_active,6,profile_mae,0.274716271459897,0.529,1000
zero_shot_active,6,profile_mae,0.2750599479762629,0.53,1000
zero_shot_active,6,profile_mae,0.276383404696983,0.531,1000
zero_shot_active,6,profile_mae,0.2764876260662487,0.532,1000
zero_shot_active,6,profile_mae,0.2768420982997635,0.533,1000
zero_shot_active,6,profile_mae,0.2773725173361883,0.534,1000
zero_shot_active,6,profile_mae,0.2777627553724135,0.535,1000
zero_shot_active,6,profile_mae,0.2783212081289248,0.536,1000
zero_shot_active,6,profile_mae,0.2785877193908546,0.537,1000
zero_shot_active,6,profile_mae,0.2789297639781051,0.538,1000
zero_shot_active,6,profile_mae,0.2793156858429363,0.539,1000
zero_shot_active,6,profile_mae,0.2809235615157578,0.54,1000
zero_shot_active,6,profile_mae,0.2813453652237824,0.541,1000
zero_shot_active,6,profile_mae,0.2820005818406642,0.542,1000
zero_shot_active,6,profile_mae,0.2820306003883545,0.543,1000
zero_shot_active,6,profile_mae,0.2828821455259487,0.544,1000
zero_shot_active,6,profile_mae,0.2855095605159854,0.545,1000
zero_shot_active,6,profile_mae,0.2876547442067172,0.546,1000
zero_shot_active,6,profile_mae,0.2877934522756057,0.547,1000
zero_shot_active,6,profile_mae,0.2878527291357764,0.548,1000
zero_shot_active,6,profile_mae,0.2879447052689844,0.549,1000
zero_shot_active,6,profile_mae,0.2890952248016311,0.55,1000
zero_shot_active,6,profile_mae,0.2890981183612711,0.551,1000
zero_shot_active,6,profile_mae,0.2897423143434409,0.552,1000
zero_shot_active,6,profile_mae,0.2900454768126587,0.553,1000
zero_shot_active,6,profile_mae,0.2901100729999173,0.554,1000
zero_shot_active,6,profile_mae,0.2909498267163193,0.555,1000
zero_shot_active,6,profile_mae,0.2922152135433827,0.556,1000
zero_shot_active,6,profile_mae,0.2922834024483827,0.557,1000
zero_shot_active,6,profile_mae,0.2937820523743853,0.558,1000
zero_shot_active,6,profile_mae,0.2950468212957605,0.559,1000
zero_shot_active,6,profile_mae,0.2960365582957612,0.56,1000
zero_shot_active,6,profile_mae,0.2979274595095625,0.561,1000
zero_shot_active,6,profile_mae,0.2981599747851495,0.562,1000
zero_shot_active,6,profile_mae,0.2992963437233587,0.563,1000
zero_shot_active,6,profile_mae,0.2999487500839867,0.564,1000
zero_shot_active,6,profile_mae,0.3000289242958476,0.565,1000
zero_shot_active,6,profile_mae,0.3018616865498362,0.566,1000
zero_shot_active,6,profile_mae,0.3023561087437794,0.567,1000
zero_shot_active,6,profile_mae,0.3026123129402156,0.568,1000
zero_shot_active,6,profile_mae,0.3032836367528322,0.569,1000
zero_shot_active,6,profile_mae,0.3037236486447385,0.57,1000
zero_shot_active,6,profile_mae,0.3048040456833177,0.571,1000
zero_shot_active,6,profile_mae,0.3052283708173592,0.572,1000
zero_shot_active,6,profile_mae,0.3055267947860418,0.573,1000
zero_shot_active,6,profile_mae,0.3076281042050371,0.574,1000
zero_shot_active,6,profile_mae,0.3081583562719178,0.575,1000
zero_shot_active,6,profile_mae,0.3085603789146091,0.576,1000
zero_shot_active,6,profile_mae,0.3090467756079366,0.577,1000
zero_shot_active,6,profile_mae,0.3092143363400118,0.578,1000
zero_shot_active,6,profile_mae,0.3095700199387707,0.579,1000
zero_shot_active,6,profile_mae,0.3101419628059595,0.58,1000
zero_shot_active,6,profile_mae,0.3105321386403747,0.581,1000
zero_shot_active,6,profile_mae,0.3111117290221616,0.582,1000
zero_shot_active,6,profile_mae,0.3140276283611583,0.583,1000
zero_shot_active,6,profile_mae,0.3140373877921728,0.584,1000
zero_shot_active,6,profile_mae,0.3155430983903135,0.585,1000
zero_shot_active,6,profile_mae,0.3170191108751267,0.586,1000
zero_shot_active,6,profile_mae,0.317452483320532,0.587,1000
zero_shot_active,6,profile_mae,0.3180257651246748,0.588,1000
zero_shot_active,6,profile_mae,0.3192106396249148,0.589,1000
zero_shot_active,6,profile_mae,0.3207852945261735,0.59,1000
zero_shot_active,6,profile_mae,0.321826761869991,0.591,1000
zero_shot_active,6,profile_mae,0.3219580267504051,0.592,1000
zero_shot_active,6,profile_mae,0.322600987436585,0.593,1000
zero_shot_active,6,profile_mae,0.3231695506137802,0.594,1000
zero_shot_active,6,profile_mae,0.3240067837558903,0.595,1000
zero_shot_active,6,profile_mae,0.3251984475024103,0.596,1000
zero_shot_active,6,profile_mae,0.3288355981129354,0.597,1000
zero_shot_active,6,profile_mae,0.3294578156337955,0.598,1000
zero_shot_active,6,profile_mae,0.3294888333816308,0.599,1000
zero_shot_active,6,profile_mae,0.3318162276318968,0.6,1000
zero_shot_active,6,profile_mae,0.3332629830050911,0.601,1000
zero_shot_active,6,profile_mae,0.3342538519629241,0.602,1000
zero_shot_active,6,profile_mae,0.3373072336979048,0.603,1000
zero_shot_active,6,profile_mae,0.3379013378768458,0.604,1000
zero_shot_active,6,profile_mae,0.338225220964887,0.605,1000
zero_shot_active,6,profile_mae,0.3393464329300091,0.606,1000
zero_shot_active,6,profile_mae,0.3396233360224136,0.607,1000
zero_shot_active,6,profile_mae,0.3399425296620348,0.608,1000
zero_shot_active,6,profile_mae,0.3401796423756661,0.609,1000
zero_shot_active,6,profile_mae,0.3407293129829187,0.61,1000
zero_shot_active,6,profile_mae,0.3422257109393773,0.611,1000
zero_shot_active,6,profile_mae,0.3434676343518518,0.612,1000
zero_shot_active,6,profile_mae,0.3454442235356228,0.613,1000
zero_shot_active,6,profile_mae,0.3459205084665608,0.614,1000
zero_shot_active,6,profile_mae,0.3466629645910024,0.615,1000
zero_shot_active,6,profile_mae,0.3493423703069944,0.616,1000
zero_shot_active,6,profile_mae,0.3493895060021648,0.617,1000
zero_shot_active,6,profile_mae,0.3498055861065299,0.618,1000
zero_shot_active,6,profile_mae,0.3500043615560462,0.619,1000
zero_shot_active,6,profile_mae,0.3504770452394348,0.62,1000
zero_shot_active,6,profile_mae,0.3511826439492478,0.621,1000
zero_shot_active,6,profile_mae,0.3514250988813678,0.622,1000
zero_shot_active,6,profile_mae,0.3517155497341986,0.623,1000
zero_shot_active,6,profile_mae,0.3521668362532898,0.624,1000
zero_shot_active,6,profile_mae,0.3533098603717978,0.625,1000
zero_shot_active,6,profile_mae,0.355920912319623,0.626,1000
zero_shot_active,6,profile_mae,0.3565178019234479,0.627,1000
zero_shot_active,6,profile_mae,0.357068443229231,0.628,1000
zero_shot_active,6,profile_mae,0.3576123718005972,0.629,1000
zero_shot_active,6,profile_mae,0.3585799666589911,0.63,1000
zero_shot_active,6,profile_mae,0.3631908655649887,0.631,1000
zero_shot_active,6,profile_mae,0.3631958432617301,0.632,1000
zero_shot_active,6,profile_mae,0.3634408020162771,0.633,1000
zero_shot_active,6,profile_mae,0.363920158952294,0.634,1000
zero_shot_active,6,profile_mae,0.3641769359495823,0.635,1000
zero_shot_active,6,profile_mae,0.3649453795243053,0.636,1000
zero_shot_active,6,profile_mae,0.3697057258985344,0.637,1000
zero_shot_active,6,profile_mae,0.370968757888527,0.638,1000
zero_shot_active,6,profile_mae,0.3725077651469433,0.639,1000
zero_shot_active,6,profile_mae,0.3737964574336567,0.64,1000
zero_shot_active,6,profile_mae,0.3744562847969137,0.641,1000
zero_shot_active,6,profile_mae,0.3751260076358866,0.642,1000
zero_shot_active,6,profile_mae,0.3753358421592845,0.643,1000
zero_shot_active,6,profile_mae,0.3763547307259273,0.644,1000
zero_shot_active,6,profile_mae,0.3770268987416805,0.645,1000
zero_shot_active,6,profile_mae,0.3805966982273916,0.646,1000
zero_shot_active,6,profile_mae,0.3819257280690991,0.647,1000
zero_shot_active,6,profile_mae,0.3823173589736089,0.648,1000
zero_shot_active,6,profile_mae,0.3830421317321202,0.649,1000
zero_shot_active,6,profile_mae,0.3893685530858965,0.65,1000
zero_shot_active,6,profile_mae,0.3898727323001688,0.651,1000
zero_shot_active,6,profile_mae,0.3899253488370096,0.652,1000
zero_shot_active,6,profile_mae,0.3904802952330827,0.653,1000
zero_shot_active,6,profile_mae,0.3913325136301198,0.654,1000
zero_shot_active,6,profile_mae,0.393458479824623,0.655,1000
zero_shot_active,6,profile_mae,0.3935215731702998,0.656,1000
zero_shot_active,6,profile_mae,0.3938768652743738,0.657,1000
zero_shot_active,6,profile_mae,0.3948281406200868,0.658,1000
zero_shot_active,6,profile_mae,0.3975960950082018,0.659,1000
zero_shot_active,6,profile_mae,0.3979707088639654,0.66,1000
zero_shot_active,6,profile_mae,0.3981811832070062,0.661,1000
zero_shot_active,6,profile_mae,0.3984784006120294,0.662,1000
zero_shot_active,6,profile_mae,0.3998980422054624,0.663,1000
zero_shot_active,6,profile_mae,0.4008655558703095,0.664,1000
zero_shot_active,6,profile_mae,0.4016175233188095,0.665,1000
zero_shot_active,6,profile_mae,0.4020313726317331,0.666,1000
zero_shot_active,6,profile_mae,0.4025092776110989,0.667,1000
zero_shot_active,6,profile_mae,0.4036877441376678,0.668,1000
zero_shot_active,6,profile_mae,0.4045507331463573,0.669,1000
zero_shot_active,6,profile_mae,0.4045685846613436,0.67,1000
zero_shot_active,6,profile_mae,0.4055466704103601,0.671,1000
zero_shot_active,6,profile_mae,0.4065996914960815,0.672,1000
zero_shot_active,6,profile_mae,0.4069817520068967,0.673,1000
zero_shot_active,6,profile_mae,0.4078922057648579,0.674,1000
zero_shot_active,6,profile_mae,0.4111765437966649,0.675,1000
zero_shot_active,6,profile_mae,0.4119952273354866,0.676,1000
zero_shot_active,6,profile_mae,0.4122164144267584,0.677,1000
zero_shot_active,6,profile_mae,0.4128535330044502,0.678,1000
zero_shot_active,6,profile_mae,0.412951916486528,0.679,1000
zero_shot_active,6,profile_mae,0.4152737752186048,0.68,1000
zero_shot_active,6,profile_mae,0.4158720693121751,0.681,1000
zero_shot_active,6,profile_mae,0.4164947520609277,0.682,1000
zero_shot_active,6,profile_mae,0.4177754368099397,0.683,1000
zero_shot_active,6,profile_mae,0.4181626074650392,0.684,1000
zero_shot_active,6,profile_mae,0.4190009373203655,0.685,1000
zero_shot_active,6,profile_mae,0.4208001832459088,0.686,1000
zero_shot_active,6,profile_mae,0.4218430700780438,0.687,1000
zero_shot_active,6,profile_mae,0.422505145473214,0.688,1000
zero_shot_active,6,profile_mae,0.425938831327527,0.689,1000
zero_shot_active,6,profile_mae,0.4268218727219545,0.69,1000
zero_shot_active,6,profile_mae,0.4269212422343966,0.691,1000
zero_shot_active,6,profile_mae,0.4271186519065524,0.692,1000
zero_shot_active,6,profile_mae,0.4271297787304773,0.693,1000
zero_shot_active,6,profile_mae,0.4345892915286675,0.694,1000
zero_shot_active,6,profile_mae,0.4365439469699529,0.695,1000
zero_shot_active,6,profile_mae,0.4383388656770351,0.696,1000
zero_shot_active,6,profile_mae,0.4399414574658118,0.697,1000
zero_shot_active,6,profile_mae,0.4441048611392428,0.698,1000
zero_shot_active,6,profile_mae,0.4447308721918885,0.699,1000
zero_shot_active,6,profile_mae,0.4450530477771244,0.7,1000
zero_shot_active,6,profile_mae,0.4461153306585246,0.701,1000
zero_shot_active,6,profile_mae,0.446891309709735,0.702,1000
zero_shot_active,6,profile_mae,0.4471944333308307,0.703,1000
zero_shot_active,6,profile_mae,0.4478450590329823,0.704,1000
zero_shot_active,6,profile_mae,0.4488826164495328,0.705,1000
zero_shot_active,6,profile_mae,0.4509745986056199,0.706,1000
zero_shot_active,6,profile_mae,0.4517862277322846,0.707,1000
zero_shot_active,6,profile_mae,0.452190241456181,0.708,1000
zero_shot_active,6,profile_mae,0.4525146217726967,0.709,1000
zero_shot_active,6,profile_mae,0.4525277845265381,0.71,1000
zero_shot_active,6,profile_mae,0.4533231935964514,0.711,1000
zero_shot_active,6,profile_mae,0.4542283850579441,0.712,1000
zero_shot_active,6,profile_mae,0.454660924239493,0.713,1000
zero_shot_active,6,profile_mae,0.4546876615148632,0.714,1000
zero_shot_active,6,profile_mae,0.4583123165451505,0.715,1000
zero_shot_active,6,profile_mae,0.4585095423709449,0.716,1000
zero_shot_active,6,profile_mae,0.4592028669481247,0.717,1000
zero_shot_active,6,profile_mae,0.4595269255373009,0.718,1000
zero_shot_active,6,profile_mae,0.4598467666178478,0.719,1000
zero_shot_active,6,profile_mae,0.4604440519342718,0.72,1000
zero_shot_active,6,profile_mae,0.4610922277491809,0.721,1000
zero_shot_active,6,profile_mae,0.4616430562413011,0.722,1000
zero_shot_active,6,profile_mae,0.4626708478648315,0.723,1000
zero_shot_active,6,profile_mae,0.4627089555661492,0.724,1000
zero_shot_active,6,profile_mae,0.4643195787169374,0.725,1000
zero_shot_active,6,profile_mae,0.4644186777035626,0.726,1000
zero_shot_active,6,profile_mae,0.4655793808166578,0.727,1000
zero_shot_active,6,profile_mae,0.466218195316592,0.728,1000
zero_shot_active,6,profile_mae,0.4671079651820475,0.729,1000
zero_shot_active,6,profile_mae,0.4696227067852932,0.73,1000
zero_shot_active,6,profile_mae,0.4725736679289357,0.731,1000
zero_shot_active,6,profile_mae,0.4789782318333614,0.732,1000
zero_shot_active,6,profile_mae,0.4793664619086145,0.733,1000
zero_shot_active,6,profile_mae,0.4798580874612638,0.734,1000
zero_shot_active,6,profile_mae,0.4806440156296822,0.735,1000
zero_shot_active,6,profile_mae,0.4812533004824726,0.736,1000
zero_shot_active,6,profile_mae,0.4845471436077082,0.737,1000
zero_shot_active,6,profile_mae,0.4863329380530432,0.738,1000
zero_shot_active,6,profile_mae,0.4930401063030397,0.739,1000
zero_shot_active,6,profile_mae,0.4937131991677208,0.74,1000
zero_shot_active,6,profile_mae,0.5002558601884596,0.741,1000
zero_shot_active,6,profile_mae,0.5003586533273184,0.742,1000
zero_shot_active,6,profile_mae,0.5004703568662591,0.743,1000
zero_shot_active,6,profile_mae,0.5010783913793122,0.744,1000
zero_shot_active,6,profile_mae,0.502319443155255,0.745,1000
zero_shot_active,6,profile_mae,0.503362325921218,0.746,1000
zero_shot_active,6,profile_mae,0.5063215761115157,0.747,1000
zero_shot_active,6,profile_mae,0.5077247011700011,0.748,1000
zero_shot_active,6,profile_mae,0.511938711886184,0.749,1000
zero_shot_active,6,profile_mae,0.5156507951225217,0.75,1000
zero_shot_active,6,profile_mae,0.5181884672987305,0.751,1000
zero_shot_active,6,profile_mae,0.5184491283161999,0.752,1000
zero_shot_active,6,profile_mae,0.5188905111047953,0.753,1000
zero_shot_active,6,profile_mae,0.5206535837142034,0.754,1000
zero_shot_active,6,profile_mae,0.5218783408158844,0.755,1000
zero_shot_active,6,profile_mae,0.5222216331706194,0.756,1000
zero_shot_active,6,profile_mae,0.5226312173556763,0.757,1000
zero_shot_active,6,profile_mae,0.5257472936078914,0.758,1000
zero_shot_active,6,profile_mae,0.528655470149113,0.759,1000
zero_shot_active,6,profile_mae,0.5298191429202207,0.76,1000
zero_shot_active,6,profile_mae,0.5301457789425336,0.761,1000
zero_shot_active,6,profile_mae,0.5312171267828052,0.762,1000
zero_shot_active,6,profile_mae,0.531658534596119,0.763,1000
zero_shot_active,6,profile_mae,0.5323743894911689,0.764,1000
zero_shot_active,6,profile_mae,0.5338758166207113,0.765,1000
zero_shot_active,6,profile_mae,0.5350588646146975,0.766,1000
zero_shot_active,6,profile_mae,0.5350669568174962,0.767,1000
zero_shot_active,6,profile_mae,0.5373120986562326,0.768,1000
zero_shot_active,6,profile_mae,0.5377199667189262,0.769,1000
zero_shot_active,6,profile_mae,0.5378917906569142,0.77,1000
zero_shot_active,6,profile_mae,0.5384373644481738,0.771,1000
zero_shot_active,6,profile_mae,0.5390886795919104,0.772,1000
zero_shot_active,6,profile_mae,0.5417866093802276,0.773,1000
zero_shot_active,6,profile_mae,0.5429162120439448,0.774,1000
zero_shot_active,6,profile_mae,0.5445463073683147,0.775,1000
zero_shot_active,6,profile_mae,0.5453089929435867,0.776,1000
zero_shot_active,6,profile_mae,0.5462175204156913,0.777,1000
zero_shot_active,6,profile_mae,0.5466918614452944,0.778,1000
zero_shot_active,6,profile_mae,0.5467034602119744,0.779,1000
zero_shot_active,6,profile_mae,0.5482450674462389,0.78,1000
zero_shot_active,6,profile_mae,0.5493030217565745,0.781,1000
zero_shot_active,6,profile_mae,0.5495644720701593,0.782,1000
zero_shot_active,6,profile_mae,0.5509198185531138,0.783,1000
zero_shot_active,6,profile_mae,0.552103427007265,0.784,1000
zero_shot_active,6,profile_mae,0.5537151213083993,0.785,1000
zero_shot_active,6,profile_mae,0.5541572249068062,0.786,1000
zero_shot_active,6,profile_mae,0.5577490547938381,0.787,1000
zero_shot_active,6,profile_mae,0.5592374951367369,0.788,1000
zero_shot_active,6,profile_mae,0.5605252078271156,0.789,1000
zero_shot_active,6,profile_mae,0.5610105861713031,0.79,1000
zero_shot_active,6,profile_mae,0.561363857553759,0.791,1000
zero_shot_active,6,profile_mae,0.5621378410527721,0.792,1000
zero_shot_active,6,profile_mae,0.57665359772575,0.793,1000
zero_shot_active,6,profile_mae,0.5827060371282583,0.794,1000
zero_shot_active,6,profile_mae,0.5828875404063552,0.795,1000
zero_shot_active,6,profile_mae,0.5839437304591396,0.796,1000
zero_shot_active,6,profile_mae,0.5878613037847384,0.797,1000
zero_shot_active,6,profile_mae,0.5878775183915516,0.798,1000
zero_shot_active,6,profile_mae,0.5915387308614285,0.799,1000
zero_shot_active,6,profile_mae,0.593594170439507,0.8,1000
zero_shot_active,6,profile_mae,0.5956897890869093,0.801,1000
zero_shot_active,6,profile_mae,0.6001080679155789,0.802,1000
zero_shot_active,6,profile_mae,0.6046563642759458,0.803,1000
zero_shot_active,6,profile_mae,0.6064942811560031,0.804,1000
zero_shot_active,6,profile_mae,0.6076845833504004,0.805,1000
zero_shot_active,6,profile_mae,0.612892186787212,0.806,1000
zero_shot_active,6,profile_mae,0.616869165515407,0.807,1000
zero_shot_active,6,profile_mae,0.6235103070560982,0.808,1000
zero_shot_active,6,profile_mae,0.6239471844004247,0.809,1000
zero_shot_active,6,profile_mae,0.6269950362250966,0.81,1000
zero_shot_active,6,profile_mae,0.6289995131540838,0.811,1000
zero_shot_active,6,profile_mae,0.6294722042735096,0.812,1000
zero_shot_active,6,profile_mae,0.6305375908365521,0.813,1000
zero_shot_active,6,profile_mae,0.6331646266200771,0.814,1000
zero_shot_active,6,profile_mae,0.6331864224312781,0.815,1000
zero_shot_active,6,profile_mae,0.6351306704443199,0.816,1000
zero_shot_active,6,profile_mae,0.6387475043435882,0.817,1000
zero_shot_active,6,profile_mae,0.639426421163085,0.818,1000
zero_shot_active,6,profile_mae,0.6406166742874633,0.819,1000
zero_shot_active,6,profile_mae,0.6425330948236275,0.82,1000
zero_shot_active,6,profile_mae,0.6469890925436855,0.821,1000
zero_shot_active,6,profile_mae,0.6538632992213013,0.822,1000
zero_shot_active,6,profile_mae,0.6573671457015341,0.823,1000
zero_shot_active,6,profile_mae,0.6594385500741016,0.824,1000
zero_shot_active,6,profile_mae,0.6622683198606527,0.825,1000
zero_shot_active,6,profile_mae,0.6652499293180775,0.826,1000
zero_shot_active,6,profile_mae,0.6654012702612123,0.827,1000
zero_shot_active,6,profile_mae,0.6671404675886492,0.828,1000
zero_shot_active,6,profile_mae,0.6748428187627423,0.829,1000
zero_shot_active,6,profile_mae,0.6794095155370105,0.83,1000
zero_shot_active,6,profile_mae,0.6839750955678742,0.831,1000
zero_shot_active,6,profile_mae,0.6853356926143004,0.832,1000
zero_shot_active,6,profile_mae,0.6864291808065167,0.833,1000
zero_shot_active,6,profile_mae,0.6872177358281942,0.834,1000
zero_shot_active,6,profile_mae,0.6915636749294481,0.835,1000
zero_shot_active,6,profile_mae,0.6922737820581853,0.836,1000
zero_shot_active,6,profile_mae,0.6965688106143846,0.837,1000
zero_shot_active,6,profile_mae,0.6966403246994854,0.838,1000
zero_shot_active,6,profile_mae,0.6984655033327472,0.839,1000
zero_shot_active,6,profile_mae,0.7032923263876945,0.84,1000
zero_shot_active,6,profile_mae,0.7037989531983143,0.841,1000
zero_shot_active,6,profile_mae,0.7067429475301283,0.842,1000
zero_shot_active,6,profile_mae,0.7203581998899741,0.843,1000
zero_shot_active,6,profile_mae,0.7204214089932014,0.844,1000
zero_shot_active,6,profile_mae,0.7253456684563003,0.845,1000
zero_shot_active,6,profile_mae,0.7315455857012351,0.846,1000
zero_shot_active,6,profile_mae,0.7349151400222809,0.847,1000
zero_shot_active,6,profile_mae,0.7378598612498483,0.848,1000
zero_shot_active,6,profile_mae,0.7382280150283309,0.849,1000
zero_shot_active,6,profile_mae,0.7426924082021769,0.85,1000
zero_shot_active,6,profile_mae,0.7454963673293351,0.851,1000
zero_shot_active,6,profile_mae,0.7460187362544328,0.852,1000
zero_shot_active,6,profile_mae,0.7478134969660329,0.853,1000
zero_shot_active,6,profile_mae,0.7567313795085294,0.854,1000
zero_shot_active,6,profile_mae,0.761585372090035,0.855,1000
zero_shot_active,6,profile_mae,0.7667943336368803,0.856,1000
zero_shot_active,6,profile_mae,0.7707904090648293,0.857,1000
zero_shot_active,6,profile_mae,0.7750811962632097,0.858,1000
zero_shot_active,6,profile_mae,0.7789470090198591,0.859,1000
zero_shot_active,6,profile_mae,0.7798838129796394,0.86,1000
zero_shot_active,6,profile_mae,0.7799799196153547,0.861,1000
zero_shot_active,6,profile_mae,0.782394495427865,0.862,1000
zero_shot_active,6,profile_mae,0.7885752369509241,0.863,1000
zero_shot_active,6,profile_mae,0.7887560016347747,0.864,1000
zero_shot_active,6,profile_mae,0.7955929980951185,0.865,1000
zero_shot_active,6,profile_mae,0.7982356192517788,0.866,1000
zero_shot_active,6,profile_mae,0.7989737036477053,0.867,1000
zero_shot_active,6,profile_mae,0.8116720982681348,0.868,1000
zero_shot_active,6,profile_mae,0.8162589522639779,0.869,1000
zero_shot_active,6,profile_mae,0.8200342994901817,0.87,1000
zero_shot_active,6,profile_mae,0.8230054569571141,0.871,1000
zero_shot_active,6,profile_mae,0.825144138723069,0.872,1000
zero_shot_active,6,profile_mae,0.8271835908704247,0.873,1000
zero_shot_active,6,profile_mae,0.8308273780090603,0.874,1000
zero_shot_active,6,profile_mae,0.8317487156685138,0.875,1000
zero_shot_active,6,profile_mae,0.8398466031184343,0.876,1000
zero_shot_active,6,profile_mae,0.8432336577313615,0.877,1000
zero_shot_active,6,profile_mae,0.8433722948408225,0.878,1000
zero_shot_active,6,profile_mae,0.8435259074381083,0.879,1000
zero_shot_active,6,profile_mae,0.8487372042997111,0.88,1000
zero_shot_active,6,profile_mae,0.8494592911207134,0.881,1000
zero_shot_active,6,profile_mae,0.855083037874472,0.882,1000
zero_shot_active,6,profile_mae,0.8569934671007307,0.883,1000
zero_shot_active,6,profile_mae,0.8589503020137018,0.884,1000
zero_shot_active,6,profile_mae,0.8639589037369042,0.885,1000
zero_shot_active,6,profile_mae,0.8678955361773334,0.886,1000
zero_shot_active,6,profile_mae,0.8693737354830886,0.887,1000
zero_shot_active,6,profile_mae,0.8750562234162502,0.888,1000
zero_shot_active,6,profile_mae,0.8837702886735991,0.889,1000
zero_shot_active,6,profile_mae,0.8837921884723382,0.89,1000
zero_shot_active,6,profile_mae,0.8845242875999336,0.891,1000
zero_shot_active,6,profile_mae,0.9005653967762711,0.892,1000
zero_shot_active,6,profile_mae,0.9041590535190126,0.893,1000
zero_shot_active,6,profile_mae,0.912735559209806,0.894,1000
zero_shot_active,6,profile_mae,0.9157760483406704,0.895,1000
zero_shot_active,6,profile_mae,0.9167307613030872,0.896,1000
zero_shot_active,6,profile_mae,0.9278317741678712,0.897,1000
zero_shot_active,6,profile_mae,0.9306170640080542,0.898,1000
zero_shot_active,6,profile_mae,0.9329215971914282,0.899,1000
zero_shot_active,6,profile_mae,0.9338232225933342,0.9,1000
zero_shot_active,6,profile_mae,0.9340691885914882,0.901,1000
zero_shot_active,6,profile_mae,0.9393186161573116,0.902,1000
zero_shot_active,6,profile_mae,0.9432962599736452,0.903,1000
zero_shot_active,6,profile_mae,0.9464004972103084,0.904,1000
zero_shot_active,6,profile_mae,0.9488538950604996,0.905,1000
zero_shot_active,6,profile_mae,0.9493996113328714,0.906,1000
zero_shot_active,6,profile_mae,0.956335384824634,0.907,1000
zero_shot_active,6,profile_mae,0.9607721190112412,0.908,1000
zero_shot_active,6,profile_mae,0.9676904597836858,0.909,1000
zero_shot_active,6,profile_mae,0.971748236438112,0.91,1000
zero_shot_active,6,profile_mae,0.986046406715428,0.911,1000
zero_shot_active,6,profile_mae,0.9898975369816152,0.912,1000
zero_shot_active,6,profile_mae,1.0180026326285334,0.913,1000
zero_shot_active,6,profile_mae,1.0292680053638603,0.914,1000
zero_shot_active,6,profile_mae,1.0309363115409582,0.915,1000
zero_shot_active,6,profile_mae,1.0339810438100638,0.916,1000
zero_shot_active,6,profile_mae,1.0578149574589044,0.917,1000
zero_shot_active,6,profile_mae,1.0595453168005935,0.918,1000
zero_shot_active,6,profile_mae,1.0617864374040278,0.919,1000
zero_shot_active,6,profile_mae,1.0617935918900645,0.92,1000
zero_shot_active,6,profile_mae,1.067139894440536,0.921,1000
zero_shot_active,6,profile_mae,1.0759675870246364,0.922,1000
zero_shot_active,6,profile_mae,1.0814747380715273,0.923,1000
zero_shot_active,6,profile_mae,1.0922938256081585,0.924,1000
zero_shot_active,6,profile_mae,1.0978484929058463,0.925,1000
zero_shot_active,6,profile_mae,1.101970271462534,0.926,1000
zero_shot_active,6,profile_mae,1.1072932684036647,0.927,1000
zero_shot_active,6,profile_mae,1.114387378151063,0.928,1000
zero_shot_active,6,profile_mae,1.1274984544112574,0.929,1000
zero_shot_active,6,profile_mae,1.1332162069964795,0.93,1000
zero_shot_active,6,profile_mae,1.1384321558998411,0.931,1000
zero_shot_active,6,profile_mae,1.145063172045651,0.932,1000
zero_shot_active,6,profile_mae,1.1683332558882755,0.933,1000
zero_shot_active,6,profile_mae,1.1764641990782894,0.934,1000
zero_shot_active,6,profile_mae,1.1782364924920978,0.935,1000
zero_shot_active,6,profile_mae,1.1826702657715906,0.936,1000
zero_shot_active,6,profile_mae,1.1966628703399576,0.937,1000
zero_shot_active,6,profile_mae,1.206480852147386,0.938,1000
zero_shot_active,6,profile_mae,1.2075800715030385,0.939,1000
zero_shot_active,6,profile_mae,1.20990114990557,0.94,1000
zero_shot_active,6,profile_mae,1.2191139555167556,0.941,1000
zero_shot_active,6,profile_mae,1.2263117936214487,0.942,1000
zero_shot_active,6,profile_mae,1.2408427333252658,0.943,1000
zero_shot_active,6,profile_mae,1.248246945811445,0.944,1000
zero_shot_active,6,profile_mae,1.25327612941782,0.945,1000
zero_shot_active,6,profile_mae,1.2643688993775732,0.946,1000
zero_shot_active,6,profile_mae,1.2664679669061891,0.947,1000
zero_shot_active,6,profile_mae,1.2903722524071504,0.948,1000
zero_shot_active,6,profile_mae,1.2928196168270478,0.949,1000
zero_shot_active,6,profile_mae,1.3047256796267623,0.95,1000
zero_shot_active,6,profile_mae,1.3215962911916983,0.951,1000
zero_shot_active,6,profile_mae,1.3345291299533877,0.952,1000
zero_shot_active,6,profile_mae,1.3455348886874947,0.953,1000
zero_shot_active,6,profile_mae,1.3497061574312532,0.954,1000
zero_shot_active,6,profile_mae,1.387642212509724,0.955,1000
zero_shot_active,6,profile_mae,1.4027603083608775,0.956,1000
zero_shot_active,6,profile_mae,1.4078670927991157,0.957,1000
zero_shot_active,6,profile_mae,1.4594170692203403,0.958,1000
zero_shot_active,6,profile_mae,1.4820441148515824,0.959,1000
zero_shot_active,6,profile_mae,1.5545717503087697,0.96,1000
zero_shot_active,6,profile_mae,1.5580936777151797,0.961,1000
zero_shot_active,6,profile_mae,1.5871928561504571,0.962,1000
zero_shot_active,6,profile_mae,1.596331087400687,0.963,1000
zero_shot_active,6,profile_mae,1.6157926603189694,0.964,1000
zero_shot_active,6,profile_mae,1.6632104447397424,0.965,1000
zero_shot_active,6,profile_mae,1.6746569682533217,0.966,1000
zero_shot_active,6,profile_mae,1.6822001322794824,0.967,1000
zero_shot_active,6,profile_mae,1.7937177596560956,0.968,1000
zero_shot_active,6,profile_mae,1.8017667196553528,0.969,1000
zero_shot_active,6,profile_mae,1.8219745904697635,0.97,1000
zero_shot_active,6,profile_mae,1.8365207186972647,0.971,1000
zero_shot_active,6,profile_mae,1.84677453471961,0.972,1000
zero_shot_active,6,profile_mae,1.849376497614228,0.973,1000
zero_shot_active,6,profile_mae,1.8788271002125971,0.974,1000
zero_shot_active,6,profile_mae,1.906881726607197,0.975,1000
zero_shot_active,6,profile_mae,1.9446405607874937,0.976,1000
zero_shot_active,6,profile_mae,2.0296486204288087,0.977,1000
zero_shot_active,6,profile_mae,2.05991243151724,0.978,1000
zero_shot_active,6,profile_mae,2.1000754512580797,0.979,1000
zero_shot_active,6,profile_mae,2.110130437763149,0.98,1000
zero_shot_active,6,profile_mae,2.1398793935881737,0.981,1000
zero_shot_active,6,profile_mae,2.203029654343288,0.982,1000
zero_shot_active,6,profile_mae,2.278391406482278,0.983,1000
zero_shot_active,6,profile_mae,2.3038870776734117,0.984,1000
zero_shot_active,6,profile_mae,2.372735043031518,0.985,1000
zero_shot_active,6,profile_mae,2.463332459464352,0.986,1000
zero_shot_active,6,profile_mae,2.61340871614539,0.987,1000
zero_shot_active,6,profile_mae,2.7775952260810537,0.988,1000
zero_shot_active,6,profile_mae,3.619918668945399,0.989,1000
zero_shot_active,6,profile_mae,3.6271652933163017,0.99,1000
zero_shot_active,6,profile_mae,3.675019039337471,0.991,1000
zero_shot_active,6,profile_mae,3.793755328885465,0.992,1000
zero_shot_active,6,profile_mae,4.002915127739218,0.993,1000
zero_shot_active,6,profile_mae,4.080685402570328,0.994,1000
zero_shot_active,6,profile_mae,4.996466238660051,0.995,1000
zero_shot_active,6,profile_mae,5.137452087895944,0.996,1000
zero_shot_active,6,profile_mae,5.462453094464053,0.997,1000
zero_shot_active,6,profile_mae,5.557383878865143,0.998,1000
zero_shot_active,6,profile_mae,7.341105559708723,0.999,1000
zero_shot_active,6,profile_mae,10.95672247632612,1.0,1000
zero_shot_active,6,barrier_abs_error,0.0,0.001,1000
zero_shot_active,6,barrier_abs_error,0.0,0.002,1000
zero_shot_active,6,barrier_abs_error,0.0,0.003,1000
zero_shot_active,6,barrier_abs_error,0.0,0.004,1000
zero_shot_active,6,barrier_abs_error,0.0,0.005,1000
zero_shot_active,6,barrier_abs_error,0.0,0.006,1000
zero_shot_active,6,barrier_abs_error,0.0,0.007,1000
zero_shot_active,6,barrier_abs_error,0.0,0.008,1000
zero_shot_active,6,barrier_abs_error,0.0,0.009,1000
zero_shot_active,6,barrier_abs_error,0.0,0.01,1000
zero_shot_active,6,barrier_abs_error,0.0,0.011,1000
zero_shot_active,6,barrier_abs_error,0.0,0.012,1000
zero_shot_active,6,barrier_abs_error,0.0,0.013,1000
zero_shot_active,6,barrier_abs_error,0.0,0.014,1000
zero_shot_active,6,barrier_abs_error,0.0,0.015,1000
zero_shot_active,6,barrier_abs_error,0.0,0.016,1000
zero_shot_active,6,barrier_abs_error,0.0,0.017,1000
zero_shot_active,6,barrier_abs_error,0.0,0.018,1000
zero_shot_active,6,barrier_abs_error,0.0,0.019,1000
zero_shot_active,6,barrier_abs_error,0.0,0.02,1000
zero_shot_active,6,barrier_abs_error,0.0,0.021,1000
zero_shot_active,6,barrier_abs_error,0.0,0.022,1000
zero_shot_active,6,barrier_abs_error,0.0,0.023,1000
zero_shot_active,6,barrier_abs_error,0.0,0.024,1000
zero_shot_active,6,barrier_abs_error,0.0,0.025,1000
zero_shot_active,6,barrier_abs_error,0.0,0.026,1000
zero_shot_active,6,barrier_abs_error,0.0,0.027,1000
zero_shot_active,6,barrier_abs_error,0.0,0.028,1000
zero_shot_active,6,barrier_abs_error,0.0,0.029,1000
zero_shot_active,6,barrier_abs_error,0.0,0.03,1000
zero_shot_active,6,barrier_abs_error,0.0,0.031,1000
zero_shot_active,6,barrier_abs_error,0.0,0.032,1000
zero_shot_active,6,barrier_abs_error,0.0,0.033,1000
zero_shot_active,6,barrier_abs_error,0.0,0.034,1000
zero_shot_active,6,barrier_abs_error,0.0,0.035,1000
zero_shot_active,6,barrier_abs_error,0.0,0.036,1000
zero_shot_active,6,barrier_abs_error,0.0,0.037,1000
zero_shot_active,6,barrier_abs_error,0.0,0.038,1000
zero_shot_active,6,barrier_abs_error,0.0,0.039,1000
zero_shot_active,6,barrier_abs_error,0.0,0.04,1000
zero_shot_active,6,barrier_abs_error,0.0,0.041,1000
zero_shot_active,6,barrier_abs_error,0.0,0.042,1000
zero_shot_active,6,barrier_abs_error,0.0,0.043,1000
zero_shot_active,6,barrier_abs_error,0.0,0.044,1000
zero_shot_active,6,barrier_abs_error,0.0,0.045,1000
zero_shot_active,6,barrier_abs_error,0.0,0.046,1000
zero_shot_active,6,barrier_abs_error,0.0,0.047,1000
zero_shot_active,6,barrier_abs_error,0.0,0.048,1000
zero_shot_active,6,barrier_abs_error,0.0,0.049,1000
zero_shot_active,6,barrier_abs_error,0.0,0.05,1000
zero_shot_active,6,barrier_abs_error,0.0,0.051,1000
zero_shot_active,6,barrier_abs_error,0.0,0.052,1000
zero_shot_active,6,barrier_abs_error,0.0,0.053,1000
zero_shot_active,6,barrier_abs_error,0.0,0.054,1000
zero_shot_active,6,barrier_abs_error,0.0,0.055,1000
zero_shot_active,6,barrier_abs_error,0.0,0.056,1000
zero_shot_active,6,barrier_abs_error,0.0,0.057,1000
zero_shot_active,6,barrier_abs_error,0.0,0.058,1000
zero_shot_active,6,barrier_abs_error,0.0,0.059,1000
zero_shot_active,6,barrier_abs_error,0.0,0.06,1000
zero_shot_active,6,barrier_abs_error,0.0,0.061,1000
zero_shot_active,6,barrier_abs_error,0.0,0.062,1000
zero_shot_active,6,barrier_abs_error,0.0,0.063,1000
zero_shot_active,6,barrier_abs_error,0.0,0.064,1000
zero_shot_active,6,barrier_abs_error,0.0,0.065,1000
zero_shot_active,6,barrier_abs_error,0.0,0.066,1000
zero_shot_active,6,barrier_abs_error,0.0,0.067,1000
zero_shot_active,6,barrier_abs_error,0.0,0.068,1000
zero_shot_active,6,barrier_abs_error,0.0,0.069,1000
zero_shot_active,6,barrier_abs_error,0.0,0.07,1000
zero_shot_active,6,barrier_abs_error,0.0,0.071,1000
zero_shot_active,6,barrier_abs_error,0.0,0.072,1000
zero_shot_active,6,barrier_abs_error,0.0,0.073,1000
zero_shot_active,6,barrier_abs_error,0.0,0.074,1000
zero_shot_active,6,barrier_abs_error,0.0,0.075,1000
zero_shot_active,6,barrier_abs_error,0.0,0.076,1000
zero_shot_active,6,barrier_abs_error,0.0,0.077,1000
zero_shot_active,6,barrier_abs_error,0.0,0.078,1000
zero_shot_active,6,barrier_abs_error,0.0,0.079,1000
zero_shot_active,6,barrier_abs_error,0.0,0.08,1000
zero_shot_active,6,barrier_abs_error,0.0,0.081,1000
zero_shot_active,6,barrier_abs_error,0.0,0.082,1000
zero_shot_active,6,barrier_abs_error,0.0,0.083,1000
zero_shot_active,6,barrier_abs_error,0.0,0.084,1000
zero_shot_active,6,barrier_abs_error,0.0,0.085,1000
zero_shot_active,6,barrier_abs_error,0.0,0.086,1000
zero_shot_active,6,barrier_abs_error,0.0,0.087,1000
zero_shot_active,6,barrier_abs_error,0.0,0.088,1000
zero_shot_active,6,barrier_abs_error,0.0,0.089,1000
zero_shot_active,6,barrier_abs_error,0.0,0.09,1000
zero_shot_active,6,barrier_abs_error,0.0,0.091,1000
zero_shot_active,6,barrier_abs_error,0.0,0.092,1000
zero_shot_active,6,barrier_abs_error,0.0,0.093,1000
zero_shot_active,6,barrier_abs_error,0.0,0.094,1000
zero_shot_active,6,barrier_abs_error,0.0,0.095,1000
zero_shot_active,6,barrier_abs_error,0.0,0.096,1000
zero_shot_active,6,barrier_abs_error,0.0,0.097,1000
zero_shot_active,6,barrier_abs_error,0.0,0.098,1000
zero_shot_active,6,barrier_abs_error,0.0,0.099,1000
zero_shot_active,6,barrier_abs_error,0.0,0.1,1000
zero_shot_active,6,barrier_abs_error,0.0,0.101,1000
zero_shot_active,6,barrier_abs_error,0.0,0.102,1000
zero_shot_active,6,barrier_abs_error,0.0,0.103,1000
zero_shot_active,6,barrier_abs_error,0.0,0.104,1000
zero_shot_active,6,barrier_abs_error,0.0,0.105,1000
zero_shot_active,6,barrier_abs_error,0.0,0.106,1000
zero_shot_active,6,barrier_abs_error,0.0,0.107,1000
zero_shot_active,6,barrier_abs_error,0.0,0.108,1000
zero_shot_active,6,barrier_abs_error,0.0,0.109,1000
zero_shot_active,6,barrier_abs_error,0.0,0.11,1000
zero_shot_active,6,barrier_abs_error,0.0,0.111,1000
zero_shot_active,6,barrier_abs_error,0.0,0.112,1000
zero_shot_active,6,barrier_abs_error,0.0,0.113,1000
zero_shot_active,6,barrier_abs_error,0.0,0.114,1000
zero_shot_active,6,barrier_abs_error,0.0,0.115,1000
zero_shot_active,6,barrier_abs_error,0.0,0.116,1000
zero_shot_active,6,barrier_abs_error,0.0,0.117,1000
zero_shot_active,6,barrier_abs_error,0.0,0.118,1000
zero_shot_active,6,barrier_abs_error,0.0,0.119,1000
zero_shot_active,6,barrier_abs_error,0.0,0.12,1000
zero_shot_active,6,barrier_abs_error,0.0,0.121,1000
zero_shot_active,6,barrier_abs_error,0.0,0.122,1000
zero_shot_active,6,barrier_abs_error,0.0,0.123,1000
zero_shot_active,6,barrier_abs_error,0.0,0.124,1000
zero_shot_active,6,barrier_abs_error,0.0,0.125,1000
zero_shot_active,6,barrier_abs_error,0.0,0.126,1000
zero_shot_active,6,barrier_abs_error,0.0,0.127,1000
zero_shot_active,6,barrier_abs_error,0.0,0.128,1000
zero_shot_active,6,barrier_abs_error,0.0,0.129,1000
zero_shot_active,6,barrier_abs_error,0.0,0.13,1000
zero_shot_active,6,barrier_abs_error,0.0,0.131,1000
zero_shot_active,6,barrier_abs_error,0.0,0.132,1000
zero_shot_active,6,barrier_abs_error,0.0,0.133,1000
zero_shot_active,6,barrier_abs_error,0.0,0.134,1000
zero_shot_active,6,barrier_abs_error,0.0,0.135,1000
zero_shot_active,6,barrier_abs_error,0.0,0.136,1000
zero_shot_active,6,barrier_abs_error,0.0,0.137,1000
zero_shot_active,6,barrier_abs_error,0.0,0.138,1000
zero_shot_active,6,barrier_abs_error,0.0,0.139,1000
zero_shot_active,6,barrier_abs_error,0.0,0.14,1000
zero_shot_active,6,barrier_abs_error,0.0,0.141,1000
zero_shot_active,6,barrier_abs_error,0.0,0.142,1000
zero_shot_active,6,barrier_abs_error,0.0,0.143,1000
zero_shot_active,6,barrier_abs_error,0.0,0.144,1000
zero_shot_active,6,barrier_abs_error,0.0,0.145,1000
zero_shot_active,6,barrier_abs_error,0.0,0.146,1000
zero_shot_active,6,barrier_abs_error,0.0,0.147,1000
zero_shot_active,6,barrier_abs_error,0.0,0.148,1000
zero_shot_active,6,barrier_abs_error,0.0,0.149,1000
zero_shot_active,6,barrier_abs_error,0.0,0.15,1000
zero_shot_active,6,barrier_abs_error,0.0,0.151,1000
zero_shot_active,6,barrier_abs_error,0.0,0.152,1000
zero_shot_active,6,barrier_abs_error,0.0,0.153,1000
zero_shot_active,6,barrier_abs_error,0.0,0.154,1000
zero_shot_active,6,barrier_abs_error,0.0,0.155,1000
zero_shot_active,6,barrier_abs_error,0.0,0.156,1000
zero_shot_active,6,barrier_abs_error,0.0,0.157,1000
zero_shot_active,6,barrier_abs_error,0.0,0.158,1000
zero_shot_active,6,barrier_abs_error,0.0,0.159,1000
zero_shot_active,6,barrier_abs_error,0.0,0.16,1000
zero_shot_active,6,barrier_abs_error,0.0,0.161,1000
zero_shot_active,6,barrier_abs_error,0.0,0.162,1000
zero_shot_active,6,barrier_abs_error,0.0,0.163,1000
zero_shot_active,6,barrier_abs_error,0.0,0.164,1000
zero_shot_active,6,barrier_abs_error,0.0,0.165,1000
zero_shot_active,6,barrier_abs_error,0.0,0.166,1000
zero_shot_active,6,barrier_abs_error,0.0,0.167,1000
zero_shot_active,6,barrier_abs_error,0.0,0.168,1000
zero_shot_active,6,barrier_abs_error,0.0,0.169,1000
zero_shot_active,6,barrier_abs_error,0.0,0.17,1000
zero_shot_active,6,barrier_abs_error,0.0,0.171,1000
zero_shot_active,6,barrier_abs_error,0.0,0.172,1000
zero_shot_active,6,barrier_abs_error,0.0,0.173,1000
zero_shot_active,6,barrier_abs_error,0.0,0.174,1000
zero_shot_active,6,barrier_abs_error,0.0,0.175,1000
zero_shot_active,6,barrier_abs_error,0.0,0.176,1000
zero_shot_active,6,barrier_abs_error,0.0,0.177,1000
zero_shot_active,6,barrier_abs_error,0.0,0.178,1000
zero_shot_active,6,barrier_abs_error,0.0,0.179,1000
zero_shot_active,6,barrier_abs_error,0.0,0.18,1000
zero_shot_active,6,barrier_abs_error,0.0,0.181,1000
zero_shot_active,6,barrier_abs_error,0.0,0.182,1000
zero_shot_active,6,barrier_abs_error,0.0,0.183,1000
zero_shot_active,6,barrier_abs_error,0.0,0.184,1000
zero_shot_active,6,barrier_abs_error,0.0,0.185,1000
zero_shot_active,6,barrier_abs_error,0.0,0.186,1000
zero_shot_active,6,barrier_abs_error,0.0,0.187,1000
zero_shot_active,6,barrier_abs_error,0.0,0.188,1000
zero_shot_active,6,barrier_abs_error,0.0,0.189,1000
zero_shot_active,6,barrier_abs_error,0.0,0.19,1000
zero_shot_active,6,barrier_abs_error,0.0,0.191,1000
zero_shot_active,6,barrier_abs_error,0.0,0.192,1000
zero_shot_active,6,barrier_abs_error,0.0,0.193,1000
zero_shot_active,6,barrier_abs_error,0.0,0.194,1000
zero_shot_active,6,barrier_abs_error,0.0,0.195,1000
zero_shot_active,6,barrier_abs_error,0.0,0.196,1000
zero_shot_active,6,barrier_abs_error,0.0,0.197,1000
zero_shot_active,6,barrier_abs_error,0.0,0.198,1000
zero_shot_active,6,barrier_abs_error,0.0,0.199,1000
zero_shot_active,6,barrier_abs_error,0.0,0.2,1000
zero_shot_active,6,barrier_abs_error,0.0,0.201,1000
zero_shot_active,6,barrier_abs_error,0.0,0.202,1000
zero_shot_active,6,barrier_abs_error,0.0,0.203,1000
zero_shot_active,6,barrier_abs_error,0.0,0.204,1000
zero_shot_active,6,barrier_abs_error,0.0,0.205,1000
zero_shot_active,6,barrier_abs_error,0.0,0.206,1000
zero_shot_active,6,barrier_abs_error,0.0,0.207,1000
zero_shot_active,6,barrier_abs_error,0.0,0.208,1000
zero_shot_active,6,barrier_abs_error,0.0,0.209,1000
zero_shot_active,6,barrier_abs_error,0.0,0.21,1000
zero_shot_active,6,barrier_abs_error,0.0,0.211,1000
zero_shot_active,6,barrier_abs_error,0.0,0.212,1000
zero_shot_active,6,barrier_abs_error,0.0,0.213,1000
zero_shot_active,6,barrier_abs_error,0.0,0.214,1000
zero_shot_active,6,barrier_abs_error,0.0,0.215,1000
zero_shot_active,6,barrier_abs_error,0.0,0.216,1000
zero_shot_active,6,barrier_abs_error,0.0,0.217,1000
zero_shot_active,6,barrier_abs_error,0.0,0.218,1000
zero_shot_active,6,barrier_abs_error,0.0,0.219,1000
zero_shot_active,6,barrier_abs_error,0.0,0.22,1000
zero_shot_active,6,barrier_abs_error,0.0,0.221,1000
zero_shot_active,6,barrier_abs_error,0.0,0.222,1000
zero_shot_active,6,barrier_abs_error,0.0,0.223,1000
zero_shot_active,6,barrier_abs_error,0.0,0.224,1000
zero_shot_active,6,barrier_abs_error,0.0,0.225,1000
zero_shot_active,6,barrier_abs_error,0.0,0.226,1000
zero_shot_active,6,barrier_abs_error,0.0,0.227,1000
zero_shot_active,6,barrier_abs_error,0.0,0.228,1000
zero_shot_active,6,barrier_abs_error,0.0,0.229,1000
zero_shot_active,6,barrier_abs_error,0.0,0.23,1000
zero_shot_active,6,barrier_abs_error,0.0,0.231,1000
zero_shot_active,6,barrier_abs_error,0.0,0.232,1000
zero_shot_active,6,barrier_abs_error,0.0,0.233,1000
zero_shot_active,6,barrier_abs_error,0.0,0.234,1000
zero_shot_active,6,barrier_abs_error,0.0,0.235,1000
zero_shot_active,6,barrier_abs_error,0.0,0.236,1000
zero_shot_active,6,barrier_abs_error,0.0,0.237,1000
zero_shot_active,6,barrier_abs_error,0.0,0.238,1000
zero_shot_active,6,barrier_abs_error,0.0,0.239,1000
zero_shot_active,6,barrier_abs_error,0.0,0.24,1000
zero_shot_active,6,barrier_abs_error,0.0,0.241,1000
zero_shot_active,6,barrier_abs_error,0.0,0.242,1000
zero_shot_active,6,barrier_abs_error,0.0,0.243,1000
zero_shot_active,6,barrier_abs_error,0.0,0.244,1000
zero_shot_active,6,barrier_abs_error,0.0,0.245,1000
zero_shot_active,6,barrier_abs_error,0.0,0.246,1000
zero_shot_active,6,barrier_abs_error,0.0,0.247,1000
zero_shot_active,6,barrier_abs_error,0.0,0.248,1000
zero_shot_active,6,barrier_abs_error,0.0,0.249,1000
zero_shot_active,6,barrier_abs_error,0.0,0.25,1000
zero_shot_active,6,barrier_abs_error,0.0,0.251,1000
zero_shot_active,6,barrier_abs_error,0.0,0.252,1000
zero_shot_active,6,barrier_abs_error,0.0,0.253,1000
zero_shot_active,6,barrier_abs_error,0.0,0.254,1000
zero_shot_active,6,barrier_abs_error,0.0,0.255,1000
zero_shot_active,6,barrier_abs_error,0.0,0.256,1000
zero_shot_active,6,barrier_abs_error,0.0,0.257,1000
zero_shot_active,6,barrier_abs_error,0.0,0.258,1000
zero_shot_active,6,barrier_abs_error,0.0,0.259,1000
zero_shot_active,6,barrier_abs_error,0.0,0.26,1000
zero_shot_active,6,barrier_abs_error,0.0,0.261,1000
zero_shot_active,6,barrier_abs_error,0.0,0.262,1000
zero_shot_active,6,barrier_abs_error,0.0,0.263,1000
zero_shot_active,6,barrier_abs_error,0.0,0.264,1000
zero_shot_active,6,barrier_abs_error,0.0,0.265,1000
zero_shot_active,6,barrier_abs_error,0.0,0.266,1000
zero_shot_active,6,barrier_abs_error,0.0,0.267,1000
zero_shot_active,6,barrier_abs_error,0.0,0.268,1000
zero_shot_active,6,barrier_abs_error,0.0,0.269,1000
zero_shot_active,6,barrier_abs_error,0.0,0.27,1000
zero_shot_active,6,barrier_abs_error,0.0,0.271,1000
zero_shot_active,6,barrier_abs_error,0.0,0.272,1000
zero_shot_active,6,barrier_abs_error,0.0,0.273,1000
zero_shot_active,6,barrier_abs_error,0.0,0.274,1000
zero_shot_active,6,barrier_abs_error,0.0,0.275,1000
zero_shot_active,6,barrier_abs_error,0.0,0.276,1000
zero_shot_active,6,barrier_abs_error,0.0,0.277,1000
zero_shot_active,6,barrier_abs_error,0.0,0.278,1000
zero_shot_active,6,barrier_abs_error,0.0,0.279,1000
zero_shot_active,6,barrier_abs_error,0.0,0.28,1000
zero_shot_active,6,barrier_abs_error,0.0,0.281,1000
zero_shot_active,6,barrier_abs_error,0.0,0.282,1000
zero_shot_active,6,barrier_abs_error,0.0,0.283,1000
zero_shot_active,6,barrier_abs_error,0.0,0.284,1000
zero_shot_active,6,barrier_abs_error,0.0,0.285,1000
zero_shot_active,6,barrier_abs_error,0.0,0.286,1000
zero_shot_active,6,barrier_abs_error,0.0,0.287,1000
zero_shot_active,6,barrier_abs_error,0.0,0.288,1000
zero_shot_active,6,barrier_abs_error,0.0,0.289,1000
zero_shot_active,6,barrier_abs_error,0.0,0.29,1000
zero_shot_active,6,barrier_abs_error,0.0,0.291,1000
zero_shot_active,6,barrier_abs_error,0.0,0.292,1000
zero_shot_active,6,barrier_abs_error,0.0,0.293,1000
zero_shot_active,6,barrier_abs_error,0.0,0.294,1000
zero_shot_active,6,barrier_abs_error,0.0,0.295,1000
zero_shot_active,6,barrier_abs_error,0.0,0.296,1000
zero_shot_active,6,barrier_abs_error,0.0,0.297,1000
zero_shot_active,6,barrier_abs_error,0.0,0.298,1000
zero_shot_active,6,barrier_abs_error,0.0,0.299,1000
zero_shot_active,6,barrier_abs_error,0.0,0.3,1000
zero_shot_active,6,barrier_abs_error,0.0,0.301,1000
zero_shot_active,6,barrier_abs_error,0.0,0.302,1000
zero_shot_active,6,barrier_abs_error,0.0,0.303,1000
zero_shot_active,6,barrier_abs_error,0.0,0.304,1000
zero_shot_active,6,barrier_abs_error,0.0,0.305,1000
zero_shot_active,6,barrier_abs_error,0.0,0.306,1000
zero_shot_active,6,barrier_abs_error,0.0,0.307,1000
zero_shot_active,6,barrier_abs_error,0.0,0.308,1000
zero_shot_active,6,barrier_abs_error,0.0,0.309,1000
zero_shot_active,6,barrier_abs_error,0.0,0.31,1000
zero_shot_active,6,barrier_abs_error,0.0,0.311,1000
zero_shot_active,6,barrier_abs_error,0.0,0.312,1000
zero_shot_active,6,barrier_abs_error,0.0,0.313,1000
zero_shot_active,6,barrier_abs_error,0.0,0.314,1000
zero_shot_active,6,barrier_abs_error,0.0,0.315,1000
zero_shot_active,6,barrier_abs_error,0.0,0.316,1000
zero_shot_active,6,barrier_abs_error,0.0,0.317,1000
zero_shot_active,6,barrier_abs_error,0.0,0.318,1000
zero_shot_active,6,barrier_abs_error,0.0,0.319,1000
zero_shot_active,6,barrier_abs_error,0.0,0.32,1000
zero_shot_active,6,barrier_abs_error,0.0,0.321,1000
zero_shot_active,6,barrier_abs_error,0.0,0.322,1000
zero_shot_active,6,barrier_abs_error,0.0,0.323,1000
zero_shot_active,6,barrier_abs_error,0.0,0.324,1000
zero_shot_active,6,barrier_abs_error,0.0,0.325,1000
zero_shot_active,6,barrier_abs_error,0.0,0.326,1000
zero_shot_active,6,barrier_abs_error,0.0,0.327,1000
zero_shot_active,6,barrier_abs_error,0.0,0.328,1000
zero_shot_active,6,barrier_abs_error,0.0,0.329,1000
zero_shot_active,6,barrier_abs_error,0.0,0.33,1000
zero_shot_active,6,barrier_abs_error,0.0,0.331,1000
zero_shot_active,6,barrier_abs_error,0.0,0.332,1000
zero_shot_active,6,barrier_abs_error,0.0,0.333,1000
zero_shot_active,6,barrier_abs_error,0.0,0.334,1000
zero_shot_active,6,barrier_abs_error,0.0,0.335,1000
zero_shot_active,6,barrier_abs_error,0.0,0.336,1000
zero_shot_active,6,barrier_abs_error,0.0,0.337,1000
zero_shot_active,6,barrier_abs_error,0.0,0.338,1000
zero_shot_active,6,barrier_abs_error,0.0,0.339,1000
zero_shot_active,6,barrier_abs_error,0.0,0.34,1000
zero_shot_active,6,barrier_abs_error,0.0,0.341,1000
zero_shot_active,6,barrier_abs_error,0.0,0.342,1000
zero_shot_active,6,barrier_abs_error,0.0,0.343,1000
zero_shot_active,6,barrier_abs_error,0.0,0.344,1000
zero_shot_active,6,barrier_abs_error,0.0,0.345,1000
zero_shot_active,6,barrier_abs_error,0.0,0.346,1000
zero_shot_active,6,barrier_abs_error,0.0,0.347,1000
zero_shot_active,6,barrier_abs_error,0.0,0.348,1000
zero_shot_active,6,barrier_abs_error,0.0,0.349,1000
zero_shot_active,6,barrier_abs_error,0.0,0.35,1000
zero_shot_active,6,barrier_abs_error,0.0,0.351,1000
zero_shot_active,6,barrier_abs_error,0.0,0.352,1000
zero_shot_active,6,barrier_abs_error,0.0,0.353,1000
zero_shot_active,6,barrier_abs_error,0.0,0.354,1000
zero_shot_active,6,barrier_abs_error,0.0,0.355,1000
zero_shot_active,6,barrier_abs_error,0.0,0.356,1000
zero_shot_active,6,barrier_abs_error,0.0,0.357,1000
zero_shot_active,6,barrier_abs_error,0.0,0.358,1000
zero_shot_active,6,barrier_abs_error,0.0,0.359,1000
zero_shot_active,6,barrier_abs_error,0.0,0.36,1000
zero_shot_active,6,barrier_abs_error,0.0,0.361,1000
zero_shot_active,6,barrier_abs_error,0.0,0.362,1000
zero_shot_active,6,barrier_abs_error,0.0,0.363,1000
zero_shot_active,6,barrier_abs_error,0.0,0.364,1000
zero_shot_active,6,barrier_abs_error,0.0,0.365,1000
zero_shot_active,6,barrier_abs_error,0.0,0.366,1000
zero_shot_active,6,barrier_abs_error,0.0,0.367,1000
zero_shot_active,6,barrier_abs_error,0.0,0.368,1000
zero_shot_active,6,barrier_abs_error,0.0,0.369,1000
zero_shot_active,6,barrier_abs_error,0.0,0.37,1000
zero_shot_active,6,barrier_abs_error,0.0,0.371,1000
zero_shot_active,6,barrier_abs_error,0.0,0.372,1000
zero_shot_active,6,barrier_abs_error,0.0,0.373,1000
zero_shot_active,6,barrier_abs_error,0.0,0.374,1000
zero_shot_active,6,barrier_abs_error,0.0,0.375,1000
zero_shot_active,6,barrier_abs_error,0.0,0.376,1000
zero_shot_active,6,barrier_abs_error,0.0,0.377,1000
zero_shot_active,6,barrier_abs_error,0.0,0.378,1000
zero_shot_active,6,barrier_abs_error,0.0,0.379,1000
zero_shot_active,6,barrier_abs_error,0.0,0.38,1000
zero_shot_active,6,barrier_abs_error,0.0,0.381,1000
zero_shot_active,6,barrier_abs_error,0.0,0.382,1000
zero_shot_active,6,barrier_abs_error,0.0,0.383,1000
zero_shot_active,6,barrier_abs_error,0.0,0.384,1000
zero_shot_active,6,barrier_abs_error,0.0,0.385,1000
zero_shot_active,6,barrier_abs_error,0.0,0.386,1000
zero_shot_active,6,barrier_abs_error,0.0,0.387,1000
zero_shot_active,6,barrier_abs_error,0.0,0.388,1000
zero_shot_active,6,barrier_abs_error,0.0,0.389,1000
zero_shot_active,6,barrier_abs_error,0.0,0.39,1000
zero_shot_active,6,barrier_abs_error,0.0,0.391,1000
zero_shot_active,6,barrier_abs_error,0.0,0.392,1000
zero_shot_active,6,barrier_abs_error,0.0,0.393,1000
zero_shot_active,6,barrier_abs_error,0.0,0.394,1000
zero_shot_active,6,barrier_abs_error,0.0,0.395,1000
zero_shot_active,6,barrier_abs_error,0.0,0.396,1000
zero_shot_active,6,barrier_abs_error,0.0,0.397,1000
zero_shot_active,6,barrier_abs_error,0.0,0.398,1000
zero_shot_active,6,barrier_abs_error,0.0,0.399,1000
zero_shot_active,6,barrier_abs_error,0.0,0.4,1000
zero_shot_active,6,barrier_abs_error,0.0,0.401,1000
zero_shot_active,6,barrier_abs_error,0.0,0.402,1000
zero_shot_active,6,barrier_abs_error,0.0,0.403,1000
zero_shot_active,6,barrier_abs_error,0.0,0.404,1000
zero_shot_active,6,barrier_abs_error,0.0,0.405,1000
zero_shot_active,6,barrier_abs_error,0.0,0.406,1000
zero_shot_active,6,barrier_abs_error,0.0,0.407,1000
zero_shot_active,6,barrier_abs_error,0.0,0.408,1000
zero_shot_active,6,barrier_abs_error,0.0,0.409,1000
zero_shot_active,6,barrier_abs_error,0.0,0.41,1000
zero_shot_active,6,barrier_abs_error,0.0,0.411,1000
zero_shot_active,6,barrier_abs_error,0.0,0.412,1000
zero_shot_active,6,barrier_abs_error,0.0,0.413,1000
zero_shot_active,6,barrier_abs_error,0.0,0.414,1000
zero_shot_active,6,barrier_abs_error,0.0,0.415,1000
zero_shot_active,6,barrier_abs_error,0.0,0.416,1000
zero_shot_active,6,barrier_abs_error,0.0,0.417,1000
zero_shot_active,6,barrier_abs_error,0.0,0.418,1000
zero_shot_active,6,barrier_abs_error,0.0,0.419,1000
zero_shot_active,6,barrier_abs_error,0.0,0.42,1000
zero_shot_active,6,barrier_abs_error,0.0,0.421,1000
zero_shot_active,6,barrier_abs_error,0.0,0.422,1000
zero_shot_active,6,barrier_abs_error,0.0,0.423,1000
zero_shot_active,6,barrier_abs_error,0.0,0.424,1000
zero_shot_active,6,barrier_abs_error,0.0,0.425,1000
zero_shot_active,6,barrier_abs_error,0.0,0.426,1000
zero_shot_active,6,barrier_abs_error,0.0,0.427,1000
zero_shot_active,6,barrier_abs_error,0.0,0.428,1000
zero_shot_active,6,barrier_abs_error,0.0,0.429,1000
zero_shot_active,6,barrier_abs_error,0.0,0.43,1000
zero_shot_active,6,barrier_abs_error,0.0,0.431,1000
zero_shot_active,6,barrier_abs_error,0.0,0.432,1000
zero_shot_active,6,barrier_abs_error,0.0,0.433,1000
zero_shot_active,6,barrier_abs_error,0.0,0.434,1000
zero_shot_active,6,barrier_abs_error,0.0,0.435,1000
zero_shot_active,6,barrier_abs_error,0.0,0.436,1000
zero_shot_active,6,barrier_abs_error,0.0,0.437,1000
zero_shot_active,6,barrier_abs_error,0.0,0.438,1000
zero_shot_active,6,barrier_abs_error,0.0,0.439,1000
zero_shot_active,6,barrier_abs_error,0.0,0.44,1000
zero_shot_active,6,barrier_abs_error,0.0,0.441,1000
zero_shot_active,6,barrier_abs_error,0.0,0.442,1000
zero_shot_active,6,barrier_abs_error,0.0,0.443,1000
zero_shot_active,6,barrier_abs_error,0.0,0.444,1000
zero_shot_active,6,barrier_abs_error,0.0,0.445,1000
zero_shot_active,6,barrier_abs_error,0.0,0.446,1000
zero_shot_active,6,barrier_abs_error,0.0,0.447,1000
zero_shot_active,6,barrier_abs_error,0.0,0.448,1000
zero_shot_active,6,barrier_abs_error,0.0,0.449,1000
zero_shot_active,6,barrier_abs_error,0.0,0.45,1000
zero_shot_active,6,barrier_abs_error,0.0,0.451,1000
zero_shot_active,6,barrier_abs_error,0.0,0.452,1000
zero_shot_active,6,barrier_abs_error,0.0,0.453,1000
zero_shot_active,6,barrier_abs_error,0.0,0.454,1000
zero_shot_active,6,barrier_abs_error,0.0,0.455,1000
zero_shot_active,6,barrier_abs_error,0.0,0.456,1000
zero_shot_active,6,barrier_abs_error,0.0,0.457,1000
zero_shot_active,6,barrier_abs_error,0.0,0.458,1000
zero_shot_active,6,barrier_abs_error,0.0,0.459,1000
zero_shot_active,6,barrier_abs_error,0.0,0.46,1000
zero_shot_active,6,barrier_abs_error,0.0,0.461,1000
zero_shot_active,6,barrier_abs_error,0.0,0.462,1000
zero_shot_active,6,barrier_abs_error,0.0,0.463,1000
zero_shot_active,6,barrier_abs_error,0.0,0.464,1000
zero_shot_active,6,barrier_abs_error,0.0,0.465,1000
zero_shot_active,6,barrier_abs_error,0.0,0.466,1000
zero_shot_active,6,barrier_abs_error,0.0,0.467,1000
zero_shot_active,6,barrier_abs_error,0.0,0.468,1000
zero_shot_active,6,barrier_abs_error,0.0,0.469,1000
zero_shot_active,6,barrier_abs_error,0.0,0.47,1000
zero_shot_active,6,barrier_abs_error,0.0,0.471,1000
zero_shot_active,6,barrier_abs_error,0.0,0.472,1000
zero_shot_active,6,barrier_abs_error,0.0,0.473,1000
zero_shot_active,6,barrier_abs_error,0.0,0.474,1000
zero_shot_active,6,barrier_abs_error,0.0,0.475,1000
zero_shot_active,6,barrier_abs_error,0.0,0.476,1000
zero_shot_active,6,barrier_abs_error,0.0,0.477,1000
zero_shot_active,6,barrier_abs_error,0.0,0.478,1000
zero_shot_active,6,barrier_abs_error,0.0,0.479,1000
zero_shot_active,6,barrier_abs_error,0.0,0.48,1000
zero_shot_active,6,barrier_abs_error,0.0,0.481,1000
zero_shot_active,6,barrier_abs_error,0.0,0.482,1000
zero_shot_active,6,barrier_abs_error,0.0,0.483,1000
zero_shot_active,6,barrier_abs_error,0.0,0.484,1000
zero_shot_active,6,barrier_abs_error,0.0,0.485,1000
zero_shot_active,6,barrier_abs_error,0.0,0.486,1000
zero_shot_active,6,barrier_abs_error,0.0,0.487,1000
zero_shot_active,6,barrier_abs_error,0.0,0.488,1000
zero_shot_active,6,barrier_abs_error,0.0,0.489,1000
zero_shot_active,6,barrier_abs_error,0.0,0.49,1000
zero_shot_active,6,barrier_abs_error,0.0,0.491,1000
zero_shot_active,6,barrier_abs_error,0.0,0.492,1000
zero_shot_active,6,barrier_abs_error,0.0,0.493,1000
zero_shot_active,6,barrier_abs_error,0.0,0.494,1000
zero_shot_active,6,barrier_abs_error,0.0,0.495,1000
zero_shot_active,6,barrier_abs_error,0.0,0.496,1000
zero_shot_active,6,barrier_abs_error,0.0,0.497,1000
zero_shot_active,6,barrier_abs_error,0.0,0.498,1000
zero_shot_active,6,barrier_abs_error,0.0,0.499,1000
zero_shot_active,6,barrier_abs_error,0.0,0.5,1000
zero_shot_active,6,barrier_abs_error,0.0,0.501,1000
zero_shot_active,6,barrier_abs_error,0.0,0.502,1000
zero_shot_active,6,barrier_abs_error,0.0,0.503,1000
zero_shot_active,6,barrier_abs_error,0.0,0.504,1000
zero_shot_active,6,barrier_abs_error,0.0,0.505,1000
zero_shot_active,6,barrier_abs_error,0.0,0.506,1000
zero_shot_active,6,barrier_abs_error,0.0,0.507,1000
zero_shot_active,6,barrier_abs_error,0.0,0.508,1000
zero_shot_active,6,barrier_abs_error,0.0,0.509,1000
zero_shot_active,6,barrier_abs_error,0.0,0.51,1000
zero_shot_active,6,barrier_abs_error,0.0,0.511,1000
zero_shot_active,6,barrier_abs_error,0.0,0.512,1000
zero_shot_active,6,barrier_abs_error,0.0,0.513,1000
zero_shot_active,6,barrier_abs_error,0.0,0.514,1000
zero_shot_active,6,barrier_abs_error,0.0,0.515,1000
zero_shot_active,6,barrier_abs_error,0.0,0.516,1000
zero_shot_active,6,barrier_abs_error,0.0,0.517,1000
zero_shot_active,6,barrier_abs_error,0.0,0.518,1000
zero_shot_active,6,barrier_abs_error,0.0,0.519,1000
zero_shot_active,6,barrier_abs_error,0.0,0.52,1000
zero_shot_active,6,barrier_abs_error,0.0,0.521,1000
zero_shot_active,6,barrier_abs_error,0.0,0.522,1000
zero_shot_active,6,barrier_abs_error,0.0,0.523,1000
zero_shot_active,6,barrier_abs_error,0.0,0.524,1000
zero_shot_active,6,barrier_abs_error,0.0,0.525,1000
zero_shot_active,6,barrier_abs_error,0.0,0.526,1000
zero_shot_active,6,barrier_abs_error,0.0,0.527,1000
zero_shot_active,6,barrier_abs_error,0.0,0.528,1000
zero_shot_active,6,barrier_abs_error,0.0,0.529,1000
zero_shot_active,6,barrier_abs_error,0.0,0.53,1000
zero_shot_active,6,barrier_abs_error,0.0,0.531,1000
zero_shot_active,6,barrier_abs_error,0.0,0.532,1000
zero_shot_active,6,barrier_abs_error,0.0,0.533,1000
zero_shot_active,6,barrier_abs_error,0.0,0.534,1000
zero_shot_active,6,barrier_abs_error,0.0,0.535,1000
zero_shot_active,6,barrier_abs_error,0.0,0.536,1000
zero_shot_active,6,barrier_abs_error,0.0,0.537,1000
zero_shot_active,6,barrier_abs_error,0.0,0.538,1000
zero_shot_active,6,barrier_abs_error,0.0,0.539,1000
zero_shot_active,6,barrier_abs_error,0.0,0.54,1000
zero_shot_active,6,barrier_abs_error,0.0,0.541,1000
zero_shot_active,6,barrier_abs_error,0.0,0.542,1000
zero_shot_active,6,barrier_abs_error,0.0,0.543,1000
zero_shot_active,6,barrier_abs_error,0.0,0.544,1000
zero_shot_active,6,barrier_abs_error,0.0,0.545,1000
zero_shot_active,6,barrier_abs_error,0.0,0.546,1000
zero_shot_active,6,barrier_abs_error,0.0,0.547,1000
zero_shot_active,6,barrier_abs_error,0.0,0.548,1000
zero_shot_active,6,barrier_abs_error,0.0,0.549,1000
zero_shot_active,6,barrier_abs_error,0.0,0.55,1000
zero_shot_active,6,barrier_abs_error,0.0,0.551,1000
zero_shot_active,6,barrier_abs_error,0.0,0.552,1000
zero_shot_active,6,barrier_abs_error,0.0,0.553,1000
zero_shot_active,6,barrier_abs_error,0.0014717250427942,0.554,1000
zero_shot_active,6,barrier_abs_error,0.0015307592686895,0.555,1000
zero_shot_active,6,barrier_abs_error,0.0016785386885409,0.556,1000
zero_shot_active,6,barrier_abs_error,0.0019316409680758,0.557,1000
zero_shot_active,6,barrier_abs_error,0.0019601756971354,0.558,1000
zero_shot_active,6,barrier_abs_error,0.0027633883001616,0.559,1000
zero_shot_active,6,barrier_abs_error,0.003331914204665,0.56,1000
zero_shot_active,6,barrier_abs_error,0.0034416702136397,0.561,1000
zero_shot_active,6,barrier_abs_error,0.0052179896913635,0.562,1000
zero_shot_active,6,barrier_abs_error,0.005231076092234,0.563,1000
zero_shot_active,6,barrier_abs_error,0.0054609316359766,0.564,1000
zero_shot_active,6,barrier_abs_error,0.0056771599062628,0.565,1000
zero_shot_active,6,barrier_abs_error,0.0058527001410286,0.566,1000
zero_shot_active,6,barrier_abs_error,0.0078357653789238,0.567,1000
zero_shot_active,6,barrier_abs_error,0.0089292947862968,0.568,1000
zero_shot_active,6,barrier_abs_error,0.0091101202167767,0.569,1000
zero_shot_active,6,barrier_abs_error,0.0096601511069804,0.57,1000
zero_shot_active,6,barrier_abs_error,0.0099898524148027,0.571,1000
zero_shot_active,6,barrier_abs_error,0.010159959941582,0.572,1000
zero_shot_active,6,barrier_abs_error,0.0102750031644323,0.573,1000
zero_shot_active,6,barrier_abs_error,0.0109561267114237,0.574,1000
zero_shot_active,6,barrier_abs_error,0.0114345324304796,0.575,1000
zero_shot_active,6,barrier_abs_error,0.0115582099857185,0.576,1000
zero_shot_active,6,barrier_abs_error,0.012471260671905,0.577,1000
zero_shot_active,6,barrier_abs_error,0.0125103052362751,0.578,1000
zero_shot_active,6,barrier_abs_error,0.0126226573053536,0.579,1000
zero_shot_active,6,barrier_abs_error,0.0129307679528558,0.58,1000
zero_shot_active,6,barrier_abs_error,0.0131145215526125,0.581,1000
zero_shot_active,6,barrier_abs_error,0.0138572544240453,0.582,1000
zero_shot_active,6,barrier_abs_error,0.0139647934074389,0.583,1000
zero_shot_active,6,barrier_abs_error,0.0144863579375957,0.584,1000
zero_shot_active,6,barrier_abs_error,0.015625,0.585,1000
zero_shot_active,6,barrier_abs_error,0.0173200573687779,0.586,1000
zero_shot_active,6,barrier_abs_error,0.0181718679257159,0.587,1000
zero_shot_active,6,barrier_abs_error,0.0188087176524618,0.588,1000
zero_shot_active,6,barrier_abs_error,0.0195376100546269,0.589,1000
zero_shot_active,6,barrier_abs_error,0.0197068885582716,0.59,1000
zero_shot_active,6,barrier_abs_error,0.0206460144909543,0.591,1000
zero_shot_active,6,barrier_abs_error,0.020729726732501,0.592,1000
zero_shot_active,6,barrier_abs_error,0.0211165678152998,0.593,1000
zero_shot_active,6,barrier_abs_error,0.0219608719905686,0.594,1000
zero_shot_active,6,barrier_abs_error,0.0224402518675113,0.595,1000
zero_shot_active,6,barrier_abs_error,0.0226826598277121,0.596,1000
zero_shot_active,6,barrier_abs_error,0.0228597821951694,0.597,1000
zero_shot_active,6,barrier_abs_error,0.023392445168513,0.598,1000
zero_shot_active,6,barrier_abs_error,0.0234246745054349,0.599,1000
zero_shot_active,6,barrier_abs_error,0.0244548432077316,0.6,1000
zero_shot_active,6,barrier_abs_error,0.0244769712358372,0.601,1000
zero_shot_active,6,barrier_abs_error,0.0247315022013268,0.602,1000
zero_shot_active,6,barrier_abs_error,0.0250778387339778,0.603,1000
zero_shot_active,6,barrier_abs_error,0.0253269850003903,0.604,1000
zero_shot_active,6,barrier_abs_error,0.0256448068163734,0.605,1000
zero_shot_active,6,barrier_abs_error,0.0264156062200946,0.606,1000
zero_shot_active,6,barrier_abs_error,0.0285315757720514,0.607,1000
zero_shot_active,6,barrier_abs_error,0.0290618932397261,0.608,1000
zero_shot_active,6,barrier_abs_error,0.0295749541319878,0.609,1000
zero_shot_active,6,barrier_abs_error,0.0296816077016952,0.61,1000
zero_shot_active,6,barrier_abs_error,0.03125,0.611,1000
zero_shot_active,6,barrier_abs_error,0.03125,0.612,1000
zero_shot_active,6,barrier_abs_error,0.03125,0.613,1000
zero_shot_active,6,barrier_abs_error,0.03125,0.614,1000
zero_shot_active,6,barrier_abs_error,0.03125,0.615,1000
zero_shot_active,6,barrier_abs_error,0.03125,0.616,1000
zero_shot_active,6,barrier_abs_error,0.03125,0.617,1000
zero_shot_active,6,barrier_abs_error,0.03125,0.618,1000
zero_shot_active,6,barrier_abs_error,0.03125,0.619,1000
zero_shot_active,6,barrier_abs_error,0.03125,0.62,1000
zero_shot_active,6,barrier_abs_error,0.0336460587960623,0.621,1000
zero_shot_active,6,barrier_abs_error,0.0344697871384536,0.622,1000
zero_shot_active,6,barrier_abs_error,0.0354689648982216,0.623,1000
zero_shot_active,6,barrier_abs_error,0.0361920279319374,0.624,1000
zero_shot_active,6,barrier_abs_error,0.037347185996607,0.625,1000
zero_shot_active,6,barrier_abs_error,0.0374388571408843,0.626,1000
zero_shot_active,6,barrier_abs_error,0.0384383390032345,0.627,1000
zero_shot_active,6,barrier_abs_error,0.0395337163973792,0.628,1000
zero_shot_active,6,barrier_abs_error,0.0403497371233481,0.629,1000
zero_shot_active,6,barrier_abs_error,0.0413561851728765,0.63,1000
zero_shot_active,6,barrier_abs_error,0.0419948923249471,0.631,1000
zero_shot_active,6,barrier_abs_error,0.0427041161831915,0.632,1000
zero_shot_active,6,barrier_abs_error,0.0427350374678709,0.633,1000
zero_shot_active,6,barrier_abs_error,0.0427836862060821,0.634,1000
zero_shot_active,6,barrier_abs_error,0.0438190508932159,0.635,1000
zero_shot_active,6,barrier_abs_error,0.0443615850356975,0.636,1000
zero_shot_active,6,barrier_abs_error,0.0443656440892858,0.637,1000
zero_shot_active,6,barrier_abs_error,0.0449450273990521,0.638,1000
zero_shot_active,6,barrier_abs_error,0.0455048348342224,0.639,1000
zero_shot_active,6,barrier_abs_error,0.0456153565954648,0.64,1000
zero_shot_active,6,barrier_abs_error,0.0459196477488728,0.641,1000
zero_shot_active,6,barrier_abs_error,0.0465159182366239,0.642,1000
zero_shot_active,6,barrier_abs_error,0.0471245436505967,0.643,1000
zero_shot_active,6,barrier_abs_error,0.0474804192210847,0.644,1000
zero_shot_active,6,barrier_abs_error,0.0481625984395499,0.645,1000
zero_shot_active,6,barrier_abs_error,0.0482023035963479,0.646,1000
zero_shot_active,6,barrier_abs_error,0.0486058865376799,0.647,1000
zero_shot_active,6,barrier_abs_error,0.0488839882294236,0.648,1000
zero_shot_active,6,barrier_abs_error,0.0489755308695949,0.649,1000
zero_shot_active,6,barrier_abs_error,0.0492702769896595,0.65,1000
zero_shot_active,6,barrier_abs_error,0.0516144404733793,0.651,1000
zero_shot_active,6,barrier_abs_error,0.0520330981828394,0.652,1000
zero_shot_active,6,barrier_abs_error,0.05241635171586,0.653,1000
zero_shot_active,6,barrier_abs_error,0.0526438911782101,0.654,1000
zero_shot_active,6,barrier_abs_error,0.0530460558511585,0.655,1000
zero_shot_active,6,barrier_abs_error,0.0541537873710851,0.656,1000
zero_shot_active,6,barrier_abs_error,0.0546555311526106,0.657,1000
zero_shot_active,6,barrier_abs_error,0.0548330884459158,0.658,1000
zero_shot_active,6,barrier_abs_error,0.0559946861564597,0.659,1000
zero_shot_active,6,barrier_abs_error,0.0561130357465486,0.66,1000
zero_shot_active,6,barrier_abs_error,0.0566197657298523,0.661,1000
zero_shot_active,6,barrier_abs_error,0.0570597224206537,0.662,1000
zero_shot_active,6,barrier_abs_error,0.0573169371699406,0.663,1000
zero_shot_active,6,barrier_abs_error,0.0577061237768141,0.664,1000
zero_shot_active,6,barrier_abs_error,0.0583121771248063,0.665,1000
zero_shot_active,6,barrier_abs_error,0.0591407809852162,0.666,1000
zero_shot_active,6,barrier_abs_error,0.0617183550435651,0.667,1000
zero_shot_active,6,barrier_abs_error,0.0622692444094958,0.668,1000
zero_shot_active,6,barrier_abs_error,0.0625,0.669,1000
zero_shot_active,6,barrier_abs_error,0.0625,0.67,1000
zero_shot_active,6,barrier_abs_error,0.0625,0.671,1000
zero_shot_active,6,barrier_abs_error,0.0625,0.672,1000
zero_shot_active,6,barrier_abs_error,0.0625,0.673,1000
zero_shot_active,6,barrier_abs_error,0.0625,0.674,1000
zero_shot_active,6,barrier_abs_error,0.0625,0.675,1000
zero_shot_active,6,barrier_abs_error,0.0625,0.676,1000
zero_shot_active,6,barrier_abs_error,0.0625,0.677,1000
zero_shot_active,6,barrier_abs_error,0.0625,0.678,1000
zero_shot_active,6,barrier_abs_error,0.0625,0.679,1000
zero_shot_active,6,barrier_abs_error,0.0625,0.68,1000
zero_shot_active,6,barrier_abs_error,0.0625,0.681,1000
zero_shot_active,6,barrier_abs_error,0.0625,0.682,1000
zero_shot_active,6,barrier_abs_error,0.0625,0.683,1000
zero_shot_active,6,barrier_abs_error,0.0625,0.684,1000
zero_shot_active,6,barrier_abs_error,0.0625,0.685,1000
zero_shot_active,6,barrier_abs_error,0.0625,0.686,1000
zero_shot_active,6,barrier_abs_error,0.0625,0.687,1000
zero_shot_active,6,barrier_abs_error,0.0625,0.688,1000
zero_shot_active,6,barrier_abs_error,0.0625,0.689,1000
zero_shot_active,6,barrier_abs_error,0.0625,0.69,1000
zero_shot_active,6,barrier_abs_error,0.0625,0.691,1000
zero_shot_active,6,barrier_abs_error,0.0625,0.692,1000
zero_shot_active,6,barrier_abs_error,0.0625,0.693,1000
zero_shot_active,6,barrier_abs_error,0.0625,0.694,1000
zero_shot_active,6,barrier_abs_error,0.0625,0.695,1000
zero_shot_active,6,barrier_abs_error,0.0625,0.696,1000
zero_shot_active,6,barrier_abs_error,0.0625,0.697,1000
zero_shot_active,6,barrier_abs_error,0.0625,0.698,1000
zero_shot_active,6,barrier_abs_error,0.0625,0.699,1000
zero_shot_active,6,barrier_abs_error,0.0625,0.7,1000
zero_shot_active,6,barrier_abs_error,0.0641365331952599,0.701,1000
zero_shot_active,6,barrier_abs_error,0.0665151854984031,0.702,1000
zero_shot_active,6,barrier_abs_error,0.068370337307309,0.703,1000
zero_shot_active,6,barrier_abs_error,0.0695208147395689,0.704,1000
zero_shot_active,6,barrier_abs_error,0.0715791434201698,0.705,1000
zero_shot_active,6,barrier_abs_error,0.0745096899227917,0.706,1000
zero_shot_active,6,barrier_abs_error,0.0746569825131402,0.707,1000
zero_shot_active,6,barrier_abs_error,0.0753511265859896,0.708,1000
zero_shot_active,6,barrier_abs_error,0.0753769130922292,0.709,1000
zero_shot_active,6,barrier_abs_error,0.076762235307715,0.71,1000
zero_shot_active,6,barrier_abs_error,0.0771721414369803,0.711,1000
zero_shot_active,6,barrier_abs_error,0.0773654867397715,0.712,1000
zero_shot_active,6,barrier_abs_error,0.0783325189620267,0.713,1000
zero_shot_active,6,barrier_abs_error,0.0787711752495265,0.714,1000
zero_shot_active,6,barrier_abs_error,0.0795707708850232,0.715,1000
zero_shot_active,6,barrier_abs_error,0.0801130660154196,0.716,1000
zero_shot_active,6,barrier_abs_error,0.0803860478507685,0.717,1000
zero_shot_active,6,barrier_abs_error,0.0819967778646315,0.718,1000
zero_shot_active,6,barrier_abs_error,0.0830170362357067,0.719,1000
zero_shot_active,6,barrier_abs_error,0.08382156041454,0.72,1000
zero_shot_active,6,barrier_abs_error,0.0855359100616439,0.721,1000
zero_shot_active,6,barrier_abs_error,0.0863462787629387,0.722,1000
zero_shot_active,6,barrier_abs_error,0.0871393683175032,0.723,1000
zero_shot_active,6,barrier_abs_error,0.0888213342254324,0.724,1000
zero_shot_active,6,barrier_abs_error,0.0889915151784279,0.725,1000
zero_shot_active,6,barrier_abs_error,0.0905949590139094,0.726,1000
zero_shot_active,6,barrier_abs_error,0.0922682916643822,0.727,1000
zero_shot_active,6,barrier_abs_error,0.0932670568386662,0.728,1000
zero_shot_active,6,barrier_abs_error,0.093734472291846,0.729,1000
zero_shot_active,6,barrier_abs_error,0.09375,0.73,1000
zero_shot_active,6,barrier_abs_error,0.09375,0.731,1000
zero_shot_active,6,barrier_abs_error,0.09375,0.732,1000
zero_shot_active,6,barrier_abs_error,0.09375,0.733,1000
zero_shot_active,6,barrier_abs_error,0.09375,0.734,1000
zero_shot_active,6,barrier_abs_error,0.0938148250970556,0.735,1000
zero_shot_active,6,barrier_abs_error,0.0947039932289399,0.736,1000
zero_shot_active,6,barrier_abs_error,0.0948463748996673,0.737,1000
zero_shot_active,6,barrier_abs_error,0.097409501932419,0.738,1000
zero_shot_active,6,barrier_abs_error,0.0974764113968174,0.739,1000
zero_shot_active,6,barrier_abs_error,0.098818752998778,0.74,1000
zero_shot_active,6,barrier_abs_error,0.0994249738440502,0.741,1000
zero_shot_active,6,barrier_abs_error,0.1014534224056751,0.742,1000
zero_shot_active,6,barrier_abs_error,0.101976480229311,0.743,1000
zero_shot_active,6,barrier_abs_error,0.1024138127453966,0.744,1000
zero_shot_active,6,barrier_abs_error,0.1030764256725884,0.745,1000
zero_shot_active,6,barrier_abs_error,0.1038748976738164,0.746,1000
zero_shot_active,6,barrier_abs_error,0.1042043003398589,0.747,1000
zero_shot_active,6,barrier_abs_error,0.1081816413561966,0.748,1000
zero_shot_active,6,barrier_abs_error,0.1084670178124405,0.749,1000
zero_shot_active,6,barrier_abs_error,0.1106603872385676,0.75,1000
zero_shot_active,6,barrier_abs_error,0.1115767923796724,0.751,1000
zero_shot_active,6,barrier_abs_error,0.1121463092613197,0.752,1000
zero_shot_active,6,barrier_abs_error,0.1135330424243612,0.753,1000
zero_shot_active,6,barrier_abs_error,0.115235901368031,0.754,1000
zero_shot_active,6,barrier_abs_error,0.1163180881284517,0.755,1000
zero_shot_active,6,barrier_abs_error,0.1171332560321438,0.756,1000
zero_shot_active,6,barrier_abs_error,0.1179766249000202,0.757,1000
zero_shot_active,6,barrier_abs_error,0.1185451682651612,0.758,1000
zero_shot_active,6,barrier_abs_error,0.1189264119389346,0.759,1000
zero_shot_active,6,barrier_abs_error,0.1194860108618325,0.76,1000
zero_shot_active,6,barrier_abs_error,0.1205705389374767,0.761,1000
zero_shot_active,6,barrier_abs_error,0.120735523167557,0.762,1000
zero_shot_active,6,barrier_abs_error,0.1213438199862197,0.763,1000
zero_shot_active,6,barrier_abs_error,0.12474349499203,0.764,1000
zero_shot_active,6,barrier_abs_error,0.125,0.765,1000
zero_shot_active,6,barrier_abs_error,0.125,0.766,1000
zero_shot_active,6,barrier_abs_error,0.125,0.767,1000
zero_shot_active,6,barrier_abs_error,0.125,0.768,1000
zero_shot_active,6,barrier_abs_error,0.125,0.769,1000
zero_shot_active,6,barrier_abs_error,0.125,0.77,1000
zero_shot_active,6,barrier_abs_error,0.125,0.771,1000
zero_shot_active,6,barrier_abs_error,0.125,0.772,1000
zero_shot_active,6,barrier_abs_error,0.125,0.773,1000
zero_shot_active,6,barrier_abs_error,0.125,0.774,1000
zero_shot_active,6,barrier_abs_error,0.125,0.775,1000
zero_shot_active,6,barrier_abs_error,0.125,0.776,1000
zero_shot_active,6,barrier_abs_error,0.125,0.777,1000
zero_shot_active,6,barrier_abs_error,0.125,0.778,1000
zero_shot_active,6,barrier_abs_error,0.125,0.779,1000
zero_shot_active,6,barrier_abs_error,0.1270625984126958,0.78,1000
zero_shot_active,6,barrier_abs_error,0.1306434171932569,0.781,1000
zero_shot_active,6,barrier_abs_error,0.1313274601217262,0.782,1000
zero_shot_active,6,barrier_abs_error,0.1313959506670703,0.783,1000
zero_shot_active,6,barrier_abs_error,0.1340282603926184,0.784,1000
zero_shot_active,6,barrier_abs_error,0.1372187622070093,0.785,1000
zero_shot_active,6,barrier_abs_error,0.143823388076278,0.786,1000
zero_shot_active,6,barrier_abs_error,0.1445300086133656,0.787,1000
zero_shot_active,6,barrier_abs_error,0.1459063991122198,0.788,1000
zero_shot_active,6,barrier_abs_error,0.1460578354840755,0.789,1000
zero_shot_active,6,barrier_abs_error,0.146194686540106,0.79,1000
zero_shot_active,6,barrier_abs_error,0.1476111562561186,0.791,1000
zero_shot_active,6,barrier_abs_error,0.1503493087748388,0.792,1000
zero_shot_active,6,barrier_abs_error,0.1506643400694542,0.793,1000
zero_shot_active,6,barrier_abs_error,0.1512785754386296,0.794,1000
zero_shot_active,6,barrier_abs_error,0.1524199465067255,0.795,1000
zero_shot_active,6,barrier_abs_error,0.15625,0.796,1000
zero_shot_active,6,barrier_abs_error,0.15625,0.797,1000
zero_shot_active,6,barrier_abs_error,0.15625,0.798,1000
zero_shot_active,6,barrier_abs_error,0.157857811730004,0.799,1000
zero_shot_active,6,barrier_abs_error,0.1580291253907555,0.8,1000
zero_shot_active,6,barrier_abs_error,0.1590712000045648,0.801,1000
zero_shot_active,6,barrier_abs_error,0.1591076702751834,0.802,1000
zero_shot_active,6,barrier_abs_error,0.1602554143881427,0.803,1000
zero_shot_active,6,barrier_abs_error,0.1604206992436303,0.804,1000
zero_shot_active,6,barrier_abs_error,0.1612660166944906,0.805,1000
zero_shot_active,6,barrier_abs_error,0.1616620457287201,0.806,1000
zero_shot_active,6,barrier_abs_error,0.167396847662435,0.807,1000
zero_shot_active,6,barrier_abs_error,0.1753700404041538,0.808,1000
zero_shot_active,6,barrier_abs_error,0.1758084123329641,0.809,1000
zero_shot_active,6,barrier_abs_error,0.177934289098232,0.81,1000
zero_shot_active,6,barrier_abs_error,0.1808418107002745,0.811,1000
zero_shot_active,6,barrier_abs_error,0.1809265936332802,0.812,1000
zero_shot_active,6,barrier_abs_error,0.1822309995784969,0.813,1000
zero_shot_active,6,barrier_abs_error,0.18563566393565,0.814,1000
zero_shot_active,6,barrier_abs_error,0.1875,0.815,1000
zero_shot_active,6,barrier_abs_error,0.1875,0.816,1000
zero_shot_active,6,barrier_abs_error,0.1875,0.817,1000
zero_shot_active,6,barrier_abs_error,0.1875,0.818,1000
zero_shot_active,6,barrier_abs_error,0.1875,0.819,1000
zero_shot_active,6,barrier_abs_error,0.1875,0.82,1000
zero_shot_active,6,barrier_abs_error,0.1875,0.821,1000
zero_shot_active,6,barrier_abs_error,0.1875,0.822,1000
zero_shot_active,6,barrier_abs_error,0.1875,0.823,1000
zero_shot_active,6,barrier_abs_error,0.1875,0.824,1000
zero_shot_active,6,barrier_abs_error,0.1887622287305106,0.825,1000
zero_shot_active,6,barrier_abs_error,0.1970350056522729,0.826,1000
zero_shot_active,6,barrier_abs_error,0.2028995155390376,0.827,1000
zero_shot_active,6,barrier_abs_error,0.2038202723579516,0.828,1000
zero_shot_active,6,barrier_abs_error,0.2052374823694691,0.829,1000
zero_shot_active,6,barrier_abs_error,0.2065742308217331,0.83,1000
zero_shot_active,6,barrier_abs_error,0.2092803232370972,0.831,1000
zero_shot_active,6,barrier_abs_error,0.2134441959516948,0.832,1000
zero_shot_active,6,barrier_abs_error,0.2165358330394191,0.833,1000
zero_shot_active,6,barrier_abs_error,0.2168131613204538,0.834,1000
zero_shot_active,6,barrier_abs_error,0.21875,0.835,1000
zero_shot_active,6,barrier_abs_error,0.2193408919551496,0.836,1000
zero_shot_active,6,barrier_abs_error,0.2266929557652268,0.837,1000
zero_shot_active,6,barrier_abs_error,0.2317999566754292,0.838,1000
zero_shot_active,6,barrier_abs_error,0.2331509074822353,0.839,1000
zero_shot_active,6,barrier_abs_error,0.2346014336612114,0.84,1000
zero_shot_active,6,barrier_abs_error,0.2361427653940193,0.841,1000
zero_shot_active,6,barrier_abs_error,0.2376432806800572,0.842,1000
zero_shot_active,6,barrier_abs_error,0.2410664966358915,0.843,1000
zero_shot_active,6,barrier_abs_error,0.2495704505403626,0.844,1000
zero_shot_active,6,barrier_abs_error,0.249741457675821,0.845,1000
zero_shot_active,6,barrier_abs_error,0.25,0.846,1000
zero_shot_active,6,barrier_abs_error,0.25,0.847,1000
zero_shot_active,6,barrier_abs_error,0.25,0.848,1000
zero_shot_active,6,barrier_abs_error,0.25,0.849,1000
zero_shot_active,6,barrier_abs_error,0.25,0.85,1000
zero_shot_active,6,barrier_abs_error,0.25,0.851,1000
zero_shot_active,6,barrier_abs_error,0.25,0.852,1000
zero_shot_active,6,barrier_abs_error,0.25,0.853,1000
zero_shot_active,6,barrier_abs_error,0.25,0.854,1000
zero_shot_active,6,barrier_abs_error,0.25,0.855,1000
zero_shot_active,6,barrier_abs_error,0.2509935445470113,0.856,1000
zero_shot_active,6,barrier_abs_error,0.252256911374018,0.857,1000
zero_shot_active,6,barrier_abs_error,0.2578220046971857,0.858,1000
zero_shot_active,6,barrier_abs_error,0.2581117343703969,0.859,1000
zero_shot_active,6,barrier_abs_error,0.2607510001887742,0.86,1000
zero_shot_active,6,barrier_abs_error,0.2647896481610932,0.861,1000
zero_shot_active,6,barrier_abs_error,0.2705634743967211,0.862,1000
zero_shot_active,6,barrier_abs_error,0.2737221994492316,0.863,1000
zero_shot_active,6,barrier_abs_error,0.2752892409788892,0.864,1000
zero_shot_active,6,barrier_abs_error,0.28125,0.865,1000
zero_shot_active,6,barrier_abs_error,0.28125,0.866,1000
zero_shot_active,6,barrier_abs_error,0.28125,0.867,1000
zero_shot_active,6,barrier_abs_error,0.28125,0.868,1000
zero_shot_active,6,barrier_abs_error,0.28125,0.869,1000
zero_shot_active,6,barrier_abs_error,0.2892456957737654,0.87,1000
zero_shot_active,6,barrier_abs_error,0.3086973653900129,0.871,1000
zero_shot_active,6,barrier_abs_error,0.3090916581060074,0.872,1000
zero_shot_active,6,barrier_abs_error,0.3116711843660731,0.873,1000
zero_shot_active,6,barrier_abs_error,0.3119680719879909,0.874,1000
zero_shot_active,6,barrier_abs_error,0.3125,0.875,1000
zero_shot_active,6,barrier_abs_error,0.3125,0.876,1000
zero_shot_active,6,barrier_abs_error,0.3125,0.877,1000
zero_shot_active,6,barrier_abs_error,0.3189500253826818,0.878,1000
zero_shot_active,6,barrier_abs_error,0.3228953723780385,0.879,1000
zero_shot_active,6,barrier_abs_error,0.3387177790291904,0.88,1000
zero_shot_active,6,barrier_abs_error,0.3473810683063192,0.881,1000
zero_shot_active,6,barrier_abs_error,0.3510057294707254,0.882,1000
zero_shot_active,6,barrier_abs_error,0.3553045279995954,0.883,1000
zero_shot_active,6,barrier_abs_error,0.3580834408389339,0.884,1000
zero_shot_active,6,barrier_abs_error,0.3632275579816451,0.885,1000
zero_shot_active,6,barrier_abs_error,0.375,0.886,1000
zero_shot_active,6,barrier_abs_error,0.3823601165385533,0.887,1000
zero_shot_active,6,barrier_abs_error,0.3902110444183524,0.888,1000
zero_shot_active,6,barrier_abs_error,0.3987524504118873,0.889,1000
zero_shot_active,6,barrier_abs_error,0.4075729187577579,0.89,1000
zero_shot_active,6,barrier_abs_error,0.4158198388645786,0.891,1000
zero_shot_active,6,barrier_abs_error,0.4196472956552419,0.892,1000
zero_shot_active,6,barrier_abs_error,0.4276249220341004,0.893,1000
zero_shot_active,6,barrier_abs_error,0.4350226521748226,0.894,1000
zero_shot_active,6,barrier_abs_error,0.4375,0.895,1000
zero_shot_active,6,barrier_abs_error,0.4454620384541528,0.896,1000
zero_shot_active,6,barrier_abs_error,0.4535439084550816,0.897,1000
zero_shot_active,6,barrier_abs_error,0.4553078460578934,0.898,1000
zero_shot_active,6,barrier_abs_error,0.46875,0.899,1000
zero_shot_active,6,barrier_abs_error,0.4736197117701319,0.9,1000
zero_shot_active,6,barrier_abs_error,0.4762601828539547,0.901,1000
zero_shot_active,6,barrier_abs_error,0.4841663831357863,0.902,1000
zero_shot_active,6,barrier_abs_error,0.5,0.903,1000
zero_shot_active,6,barrier_abs_error,0.5,0.904,1000
zero_shot_active,6,barrier_abs_error,0.5006610041772901,0.905,1000
zero_shot_active,6,barrier_abs_error,0.5283334231298236,0.906,1000
zero_shot_active,6,barrier_abs_error,0.53125,0.907,1000
zero_shot_active,6,barrier_abs_error,0.53125,0.908,1000
zero_shot_active,6,barrier_abs_error,0.5362086071615453,0.909,1000
zero_shot_active,6,barrier_abs_error,0.5429694064546204,0.91,1000
zero_shot_active,6,barrier_abs_error,0.544159411284471,0.911,1000
zero_shot_active,6,barrier_abs_error,0.5539314144048184,0.912,1000
zero_shot_active,6,barrier_abs_error,0.5615100753371589,0.913,1000
zero_shot_active,6,barrier_abs_error,0.5625,0.914,1000
zero_shot_active,6,barrier_abs_error,0.5625,0.915,1000
zero_shot_active,6,barrier_abs_error,0.5625,0.916,1000
zero_shot_active,6,barrier_abs_error,0.5652286049796018,0.917,1000
zero_shot_active,6,barrier_abs_error,0.569269050405282,0.918,1000
zero_shot_active,6,barrier_abs_error,0.5740800373261763,0.919,1000
zero_shot_active,6,barrier_abs_error,0.5861051687701,0.92,1000
zero_shot_active,6,barrier_abs_error,0.593358431778114,0.921,1000
zero_shot_active,6,barrier_abs_error,0.59375,0.922,1000
zero_shot_active,6,barrier_abs_error,0.5962835293703863,0.923,1000
zero_shot_active,6,barrier_abs_error,0.6044769781211041,0.924,1000
zero_shot_active,6,barrier_abs_error,0.606291142398518,0.925,1000
zero_shot_active,6,barrier_abs_error,0.6193512738718709,0.926,1000
zero_shot_active,6,barrier_abs_error,0.625,0.927,1000
zero_shot_active,6,barrier_abs_error,0.625,0.928,1000
zero_shot_active,6,barrier_abs_error,0.6287842553047245,0.929,1000
zero_shot_active,6,barrier_abs_error,0.6328663243442083,0.93,1000
zero_shot_active,6,barrier_abs_error,0.6421216772717102,0.931,1000
zero_shot_active,6,barrier_abs_error,0.65625,0.932,1000
zero_shot_active,6,barrier_abs_error,0.6668192469338319,0.933,1000
zero_shot_active,6,barrier_abs_error,0.7338565463488891,0.934,1000
zero_shot_active,6,barrier_abs_error,0.7348202965892616,0.935,1000
zero_shot_active,6,barrier_abs_error,0.75,0.936,1000
zero_shot_active,6,barrier_abs_error,0.75,0.937,1000
zero_shot_active,6,barrier_abs_error,0.75,0.938,1000
zero_shot_active,6,barrier_abs_error,0.7833635885063615,0.939,1000
zero_shot_active,6,barrier_abs_error,0.7894343282430665,0.94,1000
zero_shot_active,6,barrier_abs_error,0.8029484876467219,0.941,1000
zero_shot_active,6,barrier_abs_error,0.8537219934049833,0.942,1000
zero_shot_active,6,barrier_abs_error,0.8762252518964821,0.943,1000
zero_shot_active,6,barrier_abs_error,0.9166755339168232,0.944,1000
zero_shot_active,6,barrier_abs_error,0.9202040330795036,0.945,1000
zero_shot_active,6,barrier_abs_error,0.9235966220656984,0.946,1000
zero_shot_active,6,barrier_abs_error,0.930267130815894,0.947,1000
zero_shot_active,6,barrier_abs_error,0.9429702188950396,0.948,1000
zero_shot_active,6,barrier_abs_error,1.0,0.949,1000
zero_shot_active,6,barrier_abs_error,1.0240425568032112,0.95,1000
zero_shot_active,6,barrier_abs_error,1.048674848995422,0.951,1000
zero_shot_active,6,barrier_abs_error,1.0625,0.952,1000
zero_shot_active,6,barrier_abs_error,1.152269056210134,0.953,1000
zero_shot_active,6,barrier_abs_error,1.1865271957133423,0.954,1000
zero_shot_active,6,barrier_abs_error,1.2181014597495152,0.955,1000
zero_shot_active,6,barrier_abs_error,1.25,0.956,1000
zero_shot_active,6,barrier_abs_error,1.25,0.957,1000
zero_shot_active,6,barrier_abs_error,1.256496073788231,0.958,1000
zero_shot_active,6,barrier_abs_error,1.3014520060115018,0.959,1000
zero_shot_active,6,barrier_abs_error,1.3125,0.96,1000
zero_shot_active,6,barrier_abs_error,1.34375,0.961,1000
zero_shot_active,6,barrier_abs_error,1.3739671905372468,0.962,1000
zero_shot_active,6,barrier_abs_error,1.4294880302499775,0.963,1000
zero_shot_active,6,barrier_abs_error,1.4375,0.964,1000
zero_shot_active,6,barrier_abs_error,1.4443005516516294,0.965,1000
zero_shot_active,6,barrier_abs_error,1.4593401286254952,0.966,1000
zero_shot_active,6,barrier_abs_error,1.5,0.967,1000
zero_shot_active,6,barrier_abs_error,1.5020087942551736,0.968,1000
zero_shot_active,6,barrier_abs_error,1.51562323317944,0.969,1000
zero_shot_active,6,barrier_abs_error,1.5625,0.97,1000
zero_shot_active,6,barrier_abs_error,1.6169253562481387,0.971,1000
zero_shot_active,6,barrier_abs_error,1.6875,0.972,1000
zero_shot_active,6,barrier_abs_error,1.6875,0.973,1000
zero_shot_active,6,barrier_abs_error,1.7415099039163753,0.974,1000
zero_shot_active,6,barrier_abs_error,1.7623155800769243,0.975,1000
zero_shot_active,6,barrier_abs_error,1.7662483814622956,0.976,1000
zero_shot_active,6,barrier_abs_error,1.8013862925129622,0.977,1000
zero_shot_active,6,barrier_abs_error,1.8145414249005607,0.978,1000
zero_shot_active,6,barrier_abs_error,2.2253506822189486,0.979,1000
zero_shot_active,6,barrier_abs_error,2.25,0.98,1000
zero_shot_active,6,barrier_abs_error,2.3125,0.981,1000
zero_shot_active,6,barrier_abs_error,2.3125,0.982,1000
zero_shot_active,6,barrier_abs_error,2.414326858147376,0.983,1000
zero_shot_active,6,barrier_abs_error,2.5,0.984,1000
zero_shot_active,6,barrier_abs_error,2.513204601338469,0.985,1000
zero_shot_active,6,barrier_abs_error,2.9495716744571645,0.986,1000
zero_shot_active,6,barrier_abs_error,3.0744025911755344,0.987,1000
zero_shot_active,6,barrier_abs_error,3.125,0.988,1000
zero_shot_active,6,barrier_abs_error,3.48155708028459,0.989,1000
zero_shot_active,6,barrier_abs_error,3.5625,0.99,1000
zero_shot_active,6,barrier_abs_error,3.6019812292255398,0.991,1000
zero_shot_active,6,barrier_abs_error,3.6851055297834394,0.992,1000
zero_shot_active,6,barrier_abs_error,4.21813750957968,0.993,1000
zero_shot_active,6,barrier_abs_error,4.786251740672071,0.994,1000
zero_shot_active,6,barrier_abs_error,5.617692033534963,0.995,1000
zero_shot_active,6,barrier_abs_error,5.874107699964512,0.996,1000
zero_shot_active,6,barrier_abs_error,7.132888117347804,0.997,1000
zero_shot_active,6,barrier_abs_error,9.272077566977496,0.998,1000
zero_shot_active,6,barrier_abs_error,11.30015964968581,0.999,1000
zero_shot_active,6,barrier_abs_error,24.428878218093335,1.0,1000
learned_equal,6,profile_mae,0.0100677566302345,0.001,1000
learned_equal,6,profile_mae,0.0130465705011427,0.002,1000
learned_equal,6,profile_mae,0.0179336967394681,0.003,1000
learned_equal,6,profile_mae,0.0199838061779171,0.004,1000
learned_equal,6,profile_mae,0.0213892113552788,0.005,1000
learned_equal,6,profile_mae,0.0218486827107604,0.006,1000
learned_equal,6,profile_mae,0.0232507844862196,0.007,1000
learned_equal,6,profile_mae,0.0235731270583365,0.008,1000
learned_equal,6,profile_mae,0.0241741073274952,0.009,1000
learned_equal,6,profile_mae,0.0243732034785356,0.01,1000
learned_equal,6,profile_mae,0.0263865172135671,0.011,1000
learned_equal,6,profile_mae,0.0275197266376244,0.012,1000
learned_equal,6,profile_mae,0.0280684626831008,0.013,1000
learned_equal,6,profile_mae,0.0282984282611426,0.014,1000
learned_equal,6,profile_mae,0.0299226302668496,0.015,1000
learned_equal,6,profile_mae,0.0303817023377033,0.016,1000
learned_equal,6,profile_mae,0.0306758907084207,0.017,1000
learned_equal,6,profile_mae,0.0324553932102739,0.018,1000
learned_equal,6,profile_mae,0.0324818069011807,0.019,1000
learned_equal,6,profile_mae,0.0336836785468666,0.02,1000
learned_equal,6,profile_mae,0.0339508405468986,0.021,1000
learned_equal,6,profile_mae,0.0340337576765748,0.022,1000
learned_equal,6,profile_mae,0.035593733625151,0.023,1000
learned_equal,6,profile_mae,0.0358357843977069,0.024,1000
learned_equal,6,profile_mae,0.0360057065407348,0.025,1000
learned_equal,6,profile_mae,0.0383941606239455,0.026,1000
learned_equal,6,profile_mae,0.0383979354669449,0.027,1000
learned_equal,6,profile_mae,0.0389703074485694,0.028,1000
learned_equal,6,profile_mae,0.0411550341630211,0.029,1000
learned_equal,6,profile_mae,0.0412143495626169,0.03,1000
learned_equal,6,profile_mae,0.0420313518471395,0.031,1000
learned_equal,6,profile_mae,0.0425088665175312,0.032,1000
learned_equal,6,profile_mae,0.0430042555985983,0.033,1000
learned_equal,6,profile_mae,0.0430822067714545,0.034,1000
learned_equal,6,profile_mae,0.0434494370530371,0.035,1000
learned_equal,6,profile_mae,0.0446316044859133,0.036,1000
learned_equal,6,profile_mae,0.0452453379114895,0.037,1000
learned_equal,6,profile_mae,0.0453443900015197,0.038,1000
learned_equal,6,profile_mae,0.0457619963381099,0.039,1000
learned_equal,6,profile_mae,0.0458659462264507,0.04,1000
learned_equal,6,profile_mae,0.0458745856086857,0.041,1000
learned_equal,6,profile_mae,0.0459938456198088,0.042,1000
learned_equal,6,profile_mae,0.0478445793003408,0.043,1000
learned_equal,6,profile_mae,0.0491323641890542,0.044,1000
learned_equal,6,profile_mae,0.0496459993666168,0.045,1000
learned_equal,6,profile_mae,0.0497074133475399,0.046,1000
learned_equal,6,profile_mae,0.0509686237985155,0.047,1000
learned_equal,6,profile_mae,0.0510811404452316,0.048,1000
learned_equal,6,profile_mae,0.05131292374365,0.049,1000
learned_equal,6,profile_mae,0.0513629101124802,0.05,1000
learned_equal,6,profile_mae,0.051821941053879,0.051,1000
learned_equal,6,profile_mae,0.0520527731989294,0.052,1000
learned_equal,6,profile_mae,0.0522506146784529,0.053,1000
learned_equal,6,profile_mae,0.0522540010496744,0.054,1000
learned_equal,6,profile_mae,0.0522702901029402,0.055,1000
learned_equal,6,profile_mae,0.0524733710264393,0.056,1000
learned_equal,6,profile_mae,0.0534136336857101,0.057,1000
learned_equal,6,profile_mae,0.0543252196089338,0.058,1000
learned_equal,6,profile_mae,0.0548693888305768,0.059,1000
learned_equal,6,profile_mae,0.0552221720549388,0.06,1000
learned_equal,6,profile_mae,0.0553952233418894,0.061,1000
learned_equal,6,profile_mae,0.0582845289197453,0.062,1000
learned_equal,6,profile_mae,0.0591715116846762,0.063,1000
learned_equal,6,profile_mae,0.0592962366050281,0.064,1000
learned_equal,6,profile_mae,0.059407397254463,0.065,1000
learned_equal,6,profile_mae,0.0595835880968376,0.066,1000
learned_equal,6,profile_mae,0.0615271861502322,0.067,1000
learned_equal,6,profile_mae,0.0620017045884546,0.068,1000
learned_equal,6,profile_mae,0.0626589386157791,0.069,1000
learned_equal,6,profile_mae,0.0634457484306344,0.07,1000
learned_equal,6,profile_mae,0.0634614370517779,0.071,1000
learned_equal,6,profile_mae,0.0639072618556182,0.072,1000
learned_equal,6,profile_mae,0.0642018025370993,0.073,1000
learned_equal,6,profile_mae,0.0646470813173783,0.074,1000
learned_equal,6,profile_mae,0.0660677005397803,0.075,1000
learned_equal,6,profile_mae,0.0665408152586885,0.076,1000
learned_equal,6,profile_mae,0.066615957226473,0.077,1000
learned_equal,6,profile_mae,0.0666541052283492,0.078,1000
learned_equal,6,profile_mae,0.0668779208856341,0.079,1000
learned_equal,6,profile_mae,0.067143440146679,0.08,1000
learned_equal,6,profile_mae,0.0674902272464899,0.081,1000
learned_equal,6,profile_mae,0.0676822860932076,0.082,1000
learned_equal,6,profile_mae,0.0681062828489654,0.083,1000
learned_equal,6,profile_mae,0.0692273066457953,0.084,1000
learned_equal,6,profile_mae,0.070735007651507,0.085,1000
learned_equal,6,profile_mae,0.0710444570126415,0.086,1000
learned_equal,6,profile_mae,0.071189603739003,0.087,1000
learned_equal,6,profile_mae,0.0719464202429747,0.088,1000
learned_equal,6,profile_mae,0.0719762575311452,0.089,1000
learned_equal,6,profile_mae,0.0721123159618895,0.09,1000
learned_equal,6,profile_mae,0.0721708781483333,0.091,1000
learned_equal,6,profile_mae,0.072431398758699,0.092,1000
learned_equal,6,profile_mae,0.0727070310998302,0.093,1000
learned_equal,6,profile_mae,0.0731715335994082,0.094,1000
learned_equal,6,profile_mae,0.0735516236204542,0.095,1000
learned_equal,6,profile_mae,0.0737410540873042,0.096,1000
learned_equal,6,profile_mae,0.0744386427754212,0.097,1000
learned_equal,6,profile_mae,0.0752564066577943,0.098,1000
learned_equal,6,profile_mae,0.0753468808501543,0.099,1000
learned_equal,6,profile_mae,0.0755316704944367,0.1,1000
learned_equal,6,profile_mae,0.0766073796254985,0.101,1000
learned_equal,6,profile_mae,0.0772559150528561,0.102,1000
learned_equal,6,profile_mae,0.0776168052402168,0.103,1000
learned_equal,6,profile_mae,0.0777970867122189,0.104,1000
learned_equal,6,profile_mae,0.0778860551900089,0.105,1000
learned_equal,6,profile_mae,0.0779376057229074,0.106,1000
learned_equal,6,profile_mae,0.0782591845056161,0.107,1000
learned_equal,6,profile_mae,0.0788399018469538,0.108,1000
learned_equal,6,profile_mae,0.0795107294648837,0.109,1000
learned_equal,6,profile_mae,0.0809913105315536,0.11,1000
learned_equal,6,profile_mae,0.0812798146327299,0.111,1000
learned_equal,6,profile_mae,0.082853318776259,0.112,1000
learned_equal,6,profile_mae,0.0830107114026695,0.113,1000
learned_equal,6,profile_mae,0.0839067155276754,0.114,1000
learned_equal,6,profile_mae,0.0839392393586645,0.115,1000
learned_equal,6,profile_mae,0.0845545252725988,0.116,1000
learned_equal,6,profile_mae,0.0848339875617273,0.117,1000
learned_equal,6,profile_mae,0.0857141260189245,0.118,1000
learned_equal,6,profile_mae,0.0860472090657227,0.119,1000
learned_equal,6,profile_mae,0.0872828275079916,0.12,1000
learned_equal,6,profile_mae,0.087690466269125,0.121,1000
learned_equal,6,profile_mae,0.0877219653619773,0.122,1000
learned_equal,6,profile_mae,0.0889203473054092,0.123,1000
learned_equal,6,profile_mae,0.0893125316690862,0.124,1000
learned_equal,6,profile_mae,0.0894434083588781,0.125,1000
learned_equal,6,profile_mae,0.0897422666064651,0.126,1000
learned_equal,6,profile_mae,0.0899416601549621,0.127,1000
learned_equal,6,profile_mae,0.0900819121835846,0.128,1000
learned_equal,6,profile_mae,0.0903818807210367,0.129,1000
learned_equal,6,profile_mae,0.0906708855029767,0.13,1000
learned_equal,6,profile_mae,0.0909724149650305,0.131,1000
learned_equal,6,profile_mae,0.0926684065068583,0.132,1000
learned_equal,6,profile_mae,0.0942433397849668,0.133,1000
learned_equal,6,profile_mae,0.0944991904084371,0.134,1000
learned_equal,6,profile_mae,0.0951887914029296,0.135,1000
learned_equal,6,profile_mae,0.0954967048026731,0.136,1000
learned_equal,6,profile_mae,0.0959100473914191,0.137,1000
learned_equal,6,profile_mae,0.0960195421105922,0.138,1000
learned_equal,6,profile_mae,0.0960240482951236,0.139,1000
learned_equal,6,profile_mae,0.0972955310186083,0.14,1000
learned_equal,6,profile_mae,0.0975123450034621,0.141,1000
learned_equal,6,profile_mae,0.0992658129991048,0.142,1000
learned_equal,6,profile_mae,0.1002607314984765,0.143,1000
learned_equal,6,profile_mae,0.1009430781505825,0.144,1000
learned_equal,6,profile_mae,0.1010797396220611,0.145,1000
learned_equal,6,profile_mae,0.1011400195805495,0.146,1000
learned_equal,6,profile_mae,0.1011456589341763,0.147,1000
learned_equal,6,profile_mae,0.1015473826827251,0.148,1000
learned_equal,6,profile_mae,0.1016853214942296,0.149,1000
learned_equal,6,profile_mae,0.1017859686803586,0.15,1000
learned_equal,6,profile_mae,0.1027053596226692,0.151,1000
learned_equal,6,profile_mae,0.1035512240935878,0.152,1000
learned_equal,6,profile_mae,0.1037164057130552,0.153,1000
learned_equal,6,profile_mae,0.1045917655305713,0.154,1000
learned_equal,6,profile_mae,0.1047082522290877,0.155,1000
learned_equal,6,profile_mae,0.1047793855907284,0.156,1000
learned_equal,6,profile_mae,0.1049883617313469,0.157,1000
learned_equal,6,profile_mae,0.1053134370593049,0.158,1000
learned_equal,6,profile_mae,0.1055320718147949,0.159,1000
learned_equal,6,profile_mae,0.1057597511789961,0.16,1000
learned_equal,6,profile_mae,0.1059334820566165,0.161,1000
learned_equal,6,profile_mae,0.1062132130080089,0.162,1000
learned_equal,6,profile_mae,0.1064885293213293,0.163,1000
learned_equal,6,profile_mae,0.1080438654977843,0.164,1000
learned_equal,6,profile_mae,0.1081044771048864,0.165,1000
learned_equal,6,profile_mae,0.1083522240983644,0.166,1000
learned_equal,6,profile_mae,0.1084178530905189,0.167,1000
learned_equal,6,profile_mae,0.1095099377222115,0.168,1000
learned_equal,6,profile_mae,0.1095963623600988,0.169,1000
learned_equal,6,profile_mae,0.1099659567898062,0.17,1000
learned_equal,6,profile_mae,0.1103455830401858,0.171,1000
learned_equal,6,profile_mae,0.1104098839242424,0.172,1000
learned_equal,6,profile_mae,0.1104742832960997,0.173,1000
learned_equal,6,profile_mae,0.1107230124850918,0.174,1000
learned_equal,6,profile_mae,0.1108222805450254,0.175,1000
learned_equal,6,profile_mae,0.110998289779259,0.176,1000
learned_equal,6,profile_mae,0.1111790515437574,0.177,1000
learned_equal,6,profile_mae,0.1114871175956793,0.178,1000
learned_equal,6,profile_mae,0.111809976093758,0.179,1000
learned_equal,6,profile_mae,0.1120564933272527,0.18,1000
learned_equal,6,profile_mae,0.1125960448844044,0.181,1000
learned_equal,6,profile_mae,0.1129288737713024,0.182,1000
learned_equal,6,profile_mae,0.1131082725328474,0.183,1000
learned_equal,6,profile_mae,0.1135968541722113,0.184,1000
learned_equal,6,profile_mae,0.1146884282745411,0.185,1000
learned_equal,6,profile_mae,0.1146978502155774,0.186,1000
learned_equal,6,profile_mae,0.115224173087611,0.187,1000
learned_equal,6,profile_mae,0.1157919433737958,0.188,1000
learned_equal,6,profile_mae,0.1170056128750123,0.189,1000
learned_equal,6,profile_mae,0.1171080218577775,0.19,1000
learned_equal,6,profile_mae,0.1177399220265597,0.191,1000
learned_equal,6,profile_mae,0.1182120715663936,0.192,1000
learned_equal,6,profile_mae,0.1182983280919505,0.193,1000
learned_equal,6,profile_mae,0.1190799924785786,0.194,1000
learned_equal,6,profile_mae,0.1202414561359253,0.195,1000
learned_equal,6,profile_mae,0.1208466192888085,0.196,1000
learned_equal,6,profile_mae,0.1210358928542119,0.197,1000
learned_equal,6,profile_mae,0.1213099195316355,0.198,1000
learned_equal,6,profile_mae,0.1213391277775495,0.199,1000
learned_equal,6,profile_mae,0.1216212478528161,0.2,1000
learned_equal,6,profile_mae,0.1219360580561486,0.201,1000
learned_equal,6,profile_mae,0.1222999553461703,0.202,1000
learned_equal,6,profile_mae,0.1225555378691551,0.203,1000
learned_equal,6,profile_mae,0.1228020427403504,0.204,1000
learned_equal,6,profile_mae,0.1229101850865968,0.205,1000
learned_equal,6,profile_mae,0.123285066985243,0.206,1000
learned_equal,6,profile_mae,0.1233989043345176,0.207,1000
learned_equal,6,profile_mae,0.1237522629489643,0.208,1000
learned_equal,6,profile_mae,0.1241804436187239,0.209,1000
learned_equal,6,profile_mae,0.1243756412693521,0.21,1000
learned_equal,6,profile_mae,0.1251571454761111,0.211,1000
learned_equal,6,profile_mae,0.1264230250236684,0.212,1000
learned_equal,6,profile_mae,0.1267756620274868,0.213,1000
learned_equal,6,profile_mae,0.1268616212358133,0.214,1000
learned_equal,6,profile_mae,0.1273283846607361,0.215,1000
learned_equal,6,profile_mae,0.1291625858138638,0.216,1000
learned_equal,6,profile_mae,0.1295281094263196,0.217,1000
learned_equal,6,profile_mae,0.1296652043289365,0.218,1000
learned_equal,6,profile_mae,0.1299218044253887,0.219,1000
learned_equal,6,profile_mae,0.1300744748081674,0.22,1000
learned_equal,6,profile_mae,0.1302133667005806,0.221,1000
learned_equal,6,profile_mae,0.1303804075761755,0.222,1000
learned_equal,6,profile_mae,0.1303872250141317,0.223,1000
learned_equal,6,profile_mae,0.1312771826959109,0.224,1000
learned_equal,6,profile_mae,0.1314694719458845,0.225,1000
learned_equal,6,profile_mae,0.1318322390954494,0.226,1000
learned_equal,6,profile_mae,0.1321229791932327,0.227,1000
learned_equal,6,profile_mae,0.1321460446258615,0.228,1000
learned_equal,6,profile_mae,0.1327213955998757,0.229,1000
learned_equal,6,profile_mae,0.1332641520964929,0.23,1000
learned_equal,6,profile_mae,0.1341715343960166,0.231,1000
learned_equal,6,profile_mae,0.1343126795959138,0.232,1000
learned_equal,6,profile_mae,0.1344960165500107,0.233,1000
learned_equal,6,profile_mae,0.1350197183744356,0.234,1000
learned_equal,6,profile_mae,0.1356561062425224,0.235,1000
learned_equal,6,profile_mae,0.1361090226838972,0.236,1000
learned_equal,6,profile_mae,0.1361328472087305,0.237,1000
learned_equal,6,profile_mae,0.1368562133984677,0.238,1000
learned_equal,6,profile_mae,0.1373490555543876,0.239,1000
learned_equal,6,profile_mae,0.138693500200357,0.24,1000
learned_equal,6,profile_mae,0.1399341444500862,0.241,1000
learned_equal,6,profile_mae,0.1399625467570737,0.242,1000
learned_equal,6,profile_mae,0.1404326477147899,0.243,1000
learned_equal,6,profile_mae,0.1413487212421215,0.244,1000
learned_equal,6,profile_mae,0.1417524763639595,0.245,1000
learned_equal,6,profile_mae,0.1420006070482041,0.246,1000
learned_equal,6,profile_mae,0.142042245124336,0.247,1000
learned_equal,6,profile_mae,0.1424048813930756,0.248,1000
learned_equal,6,profile_mae,0.1440265829702924,0.249,1000
learned_equal,6,profile_mae,0.1442448620140014,0.25,1000
learned_equal,6,profile_mae,0.1445479227660006,0.251,1000
learned_equal,6,profile_mae,0.1449482706521442,0.252,1000
learned_equal,6,profile_mae,0.1451739104163285,0.253,1000
learned_equal,6,profile_mae,0.1454993648032544,0.254,1000
learned_equal,6,profile_mae,0.1455130692180968,0.255,1000
learned_equal,6,profile_mae,0.1456646850714,0.256,1000
learned_equal,6,profile_mae,0.1459481069201298,0.257,1000
learned_equal,6,profile_mae,0.1459604312628329,0.258,1000
learned_equal,6,profile_mae,0.1460373406568857,0.259,1000
learned_equal,6,profile_mae,0.1460473701398567,0.26,1000
learned_equal,6,profile_mae,0.1461966338309799,0.261,1000
learned_equal,6,profile_mae,0.1465940375310608,0.262,1000
learned_equal,6,profile_mae,0.1471050333202896,0.263,1000
learned_equal,6,profile_mae,0.1472264618164135,0.264,1000
learned_equal,6,profile_mae,0.1472418924974303,0.265,1000
learned_equal,6,profile_mae,0.1483626173673793,0.266,1000
learned_equal,6,profile_mae,0.1484554769252024,0.267,1000
learned_equal,6,profile_mae,0.1485463691974224,0.268,1000
learned_equal,6,profile_mae,0.1485888120687109,0.269,1000
learned_equal,6,profile_mae,0.1489246498071986,0.27,1000
learned_equal,6,profile_mae,0.1491948129026824,0.271,1000
learned_equal,6,profile_mae,0.149727754231343,0.272,1000
learned_equal,6,profile_mae,0.1506894660081478,0.273,1000
learned_equal,6,profile_mae,0.1510721472077223,0.274,1000
learned_equal,6,profile_mae,0.1515065356603432,0.275,1000
learned_equal,6,profile_mae,0.1521193331214001,0.276,1000
learned_equal,6,profile_mae,0.1521973249179082,0.277,1000
learned_equal,6,profile_mae,0.1527276333936539,0.278,1000
learned_equal,6,profile_mae,0.1528946076787649,0.279,1000
learned_equal,6,profile_mae,0.1531942342271885,0.28,1000
learned_equal,6,profile_mae,0.1533026389541818,0.281,1000
learned_equal,6,profile_mae,0.153437615719554,0.282,1000
learned_equal,6,profile_mae,0.153691988969608,0.283,1000
learned_equal,6,profile_mae,0.1537973222049743,0.284,1000
learned_equal,6,profile_mae,0.1541149768661968,0.285,1000
learned_equal,6,profile_mae,0.1562433080344442,0.286,1000
learned_equal,6,profile_mae,0.1562771859065872,0.287,1000
learned_equal,6,profile_mae,0.1567989083545456,0.288,1000
learned_equal,6,profile_mae,0.1577264963041255,0.289,1000
learned_equal,6,profile_mae,0.1578221201101259,0.29,1000
learned_equal,6,profile_mae,0.1583933970366267,0.291,1000
learned_equal,6,profile_mae,0.1584413079616937,0.292,1000
learned_equal,6,profile_mae,0.1588744702399241,0.293,1000
learned_equal,6,profile_mae,0.1600945175582796,0.294,1000
learned_equal,6,profile_mae,0.1604627061603732,0.295,1000
learned_equal,6,profile_mae,0.160647662919698,0.296,1000
learned_equal,6,profile_mae,0.1608423258083206,0.297,1000
learned_equal,6,profile_mae,0.161032344173997,0.298,1000
learned_equal,6,profile_mae,0.1613156268357349,0.299,1000
learned_equal,6,profile_mae,0.1613594180282968,0.3,1000
learned_equal,6,profile_mae,0.161404124240577,0.301,1000
learned_equal,6,profile_mae,0.1614782877286824,0.302,1000
learned_equal,6,profile_mae,0.1617339543549716,0.303,1000
learned_equal,6,profile_mae,0.1619526387418412,0.304,1000
learned_equal,6,profile_mae,0.16212998121789,0.305,1000
learned_equal,6,profile_mae,0.1627203865762918,0.306,1000
learned_equal,6,profile_mae,0.16273339197188,0.307,1000
learned_equal,6,profile_mae,0.1633672019901704,0.308,1000
learned_equal,6,profile_mae,0.1633787340861937,0.309,1000
learned_equal,6,profile_mae,0.1636860334766652,0.31,1000
learned_equal,6,profile_mae,0.1637090915177184,0.311,1000
learned_equal,6,profile_mae,0.164672300806057,0.312,1000
learned_equal,6,profile_mae,0.1651601033582715,0.313,1000
learned_equal,6,profile_mae,0.1657109018386809,0.314,1000
learned_equal,6,profile_mae,0.1657846318293998,0.315,1000
learned_equal,6,profile_mae,0.1659818114101507,0.316,1000
learned_equal,6,profile_mae,0.1666247645255838,0.317,1000
learned_equal,6,profile_mae,0.1667809901640291,0.318,1000
learned_equal,6,profile_mae,0.1671258939427893,0.319,1000
learned_equal,6,profile_mae,0.1672113746067574,0.32,1000
learned_equal,6,profile_mae,0.1673752863884385,0.321,1000
learned_equal,6,profile_mae,0.168430894599018,0.322,1000
learned_equal,6,profile_mae,0.1690360829107961,0.323,1000
learned_equal,6,profile_mae,0.1691049506269879,0.324,1000
learned_equal,6,profile_mae,0.1691598445997537,0.325,1000
learned_equal,6,profile_mae,0.1703638107496034,0.326,1000
learned_equal,6,profile_mae,0.1706322058424589,0.327,1000
learned_equal,6,profile_mae,0.1717108774865195,0.328,1000
learned_equal,6,profile_mae,0.1717873428577764,0.329,1000
learned_equal,6,profile_mae,0.1719143651415949,0.33,1000
learned_equal,6,profile_mae,0.1719751981129199,0.331,1000
learned_equal,6,profile_mae,0.1732978006367584,0.332,1000
learned_equal,6,profile_mae,0.1738484005104504,0.333,1000
learned_equal,6,profile_mae,0.1740221625273656,0.334,1000
learned_equal,6,profile_mae,0.1743776768881948,0.335,1000
learned_equal,6,profile_mae,0.1745475301093312,0.336,1000
learned_equal,6,profile_mae,0.1754101446131889,0.337,1000
learned_equal,6,profile_mae,0.1755580169221179,0.338,1000
learned_equal,6,profile_mae,0.1760522255102621,0.339,1000
learned_equal,6,profile_mae,0.1768524594822703,0.34,1000
learned_equal,6,profile_mae,0.1779605493686663,0.341,1000
learned_equal,6,profile_mae,0.17846911214522,0.342,1000
learned_equal,6,profile_mae,0.1791426129840348,0.343,1000
learned_equal,6,profile_mae,0.179168136354489,0.344,1000
learned_equal,6,profile_mae,0.1793044530454241,0.345,1000
learned_equal,6,profile_mae,0.1793784965477284,0.346,1000
learned_equal,6,profile_mae,0.1794457660900899,0.347,1000
learned_equal,6,profile_mae,0.1795897117809873,0.348,1000
learned_equal,6,profile_mae,0.1798810652121396,0.349,1000
learned_equal,6,profile_mae,0.1799051076393269,0.35,1000
learned_equal,6,profile_mae,0.1814485037213731,0.351,1000
learned_equal,6,profile_mae,0.1826385028831005,0.352,1000
learned_equal,6,profile_mae,0.1827345703393442,0.353,1000
learned_equal,6,profile_mae,0.1830377018620393,0.354,1000
learned_equal,6,profile_mae,0.1831446723409603,0.355,1000
learned_equal,6,profile_mae,0.1836694357844419,0.356,1000
learned_equal,6,profile_mae,0.1842552443005743,0.357,1000
learned_equal,6,profile_mae,0.1846850245303852,0.358,1000
learned_equal,6,profile_mae,0.1849126290620795,0.359,1000
learned_equal,6,profile_mae,0.1851184554563868,0.36,1000
learned_equal,6,profile_mae,0.1852493207387403,0.361,1000
learned_equal,6,profile_mae,0.1856762775313778,0.362,1000
learned_equal,6,profile_mae,0.1857442443131947,0.363,1000
learned_equal,6,profile_mae,0.1858261457768584,0.364,1000
learned_equal,6,profile_mae,0.1860693210560498,0.365,1000
learned_equal,6,profile_mae,0.1864029330462882,0.366,1000
learned_equal,6,profile_mae,0.1865012464168206,0.367,1000
learned_equal,6,profile_mae,0.1876439882919522,0.368,1000
learned_equal,6,profile_mae,0.1878273764796878,0.369,1000
learned_equal,6,profile_mae,0.1881816008275229,0.37,1000
learned_equal,6,profile_mae,0.1887616028602711,0.371,1000
learned_equal,6,profile_mae,0.1896377660563651,0.372,1000
learned_equal,6,profile_mae,0.1898409504479351,0.373,1000
learned_equal,6,profile_mae,0.1906058394334885,0.374,1000
learned_equal,6,profile_mae,0.190716183975018,0.375,1000
learned_equal,6,profile_mae,0.1908151501546605,0.376,1000
learned_equal,6,profile_mae,0.1913284694049279,0.377,1000
learned_equal,6,profile_mae,0.1913347806527511,0.378,1000
learned_equal,6,profile_mae,0.1917017945286821,0.379,1000
learned_equal,6,profile_mae,0.1919382559473909,0.38,1000
learned_equal,6,profile_mae,0.1925462588804718,0.381,1000
learned_equal,6,profile_mae,0.1925833634418159,0.382,1000
learned_equal,6,profile_mae,0.1941030818936197,0.383,1000
learned_equal,6,profile_mae,0.1972061755008346,0.384,1000
learned_equal,6,profile_mae,0.1974254407910989,0.385,1000
learned_equal,6,profile_mae,0.197694581012227,0.386,1000
learned_equal,6,profile_mae,0.1977677412022825,0.387,1000
learned_equal,6,profile_mae,0.1979226627492459,0.388,1000
learned_equal,6,profile_mae,0.198581369018779,0.389,1000
learned_equal,6,profile_mae,0.1986348250599629,0.39,1000
learned_equal,6,profile_mae,0.199382890085242,0.391,1000
learned_equal,6,profile_mae,0.1997409072130273,0.392,1000
learned_equal,6,profile_mae,0.199923601597328,0.393,1000
learned_equal,6,profile_mae,0.2001347011646546,0.394,1000
learned_equal,6,profile_mae,0.2002686418784923,0.395,1000
learned_equal,6,profile_mae,0.2008715527256659,0.396,1000
learned_equal,6,profile_mae,0.201272241883827,0.397,1000
learned_equal,6,profile_mae,0.2045004804708722,0.398,1000
learned_equal,6,profile_mae,0.2054965271511019,0.399,1000
learned_equal,6,profile_mae,0.2055372101375745,0.4,1000
learned_equal,6,profile_mae,0.2068198245622872,0.401,1000
learned_equal,6,profile_mae,0.208000008608077,0.402,1000
learned_equal,6,profile_mae,0.2081744299085801,0.403,1000
learned_equal,6,profile_mae,0.2085561470919167,0.404,1000
learned_equal,6,profile_mae,0.2090039837107066,0.405,1000
learned_equal,6,profile_mae,0.2096921726993496,0.406,1000
learned_equal,6,profile_mae,0.2099424439094981,0.407,1000
learned_equal,6,profile_mae,0.2107352750092296,0.408,1000
learned_equal,6,profile_mae,0.2113346867707116,0.409,1000
learned_equal,6,profile_mae,0.211405317190599,0.41,1000
learned_equal,6,profile_mae,0.2116060307232426,0.411,1000
learned_equal,6,profile_mae,0.2122963874590075,0.412,1000
learned_equal,6,profile_mae,0.2124189175732577,0.413,1000
learned_equal,6,profile_mae,0.2129827837637143,0.414,1000
learned_equal,6,profile_mae,0.2136790650780512,0.415,1000
learned_equal,6,profile_mae,0.2137484872290036,0.416,1000
learned_equal,6,profile_mae,0.2142373691552554,0.417,1000
learned_equal,6,profile_mae,0.2146724476157079,0.418,1000
learned_equal,6,profile_mae,0.2151709410535856,0.419,1000
learned_equal,6,profile_mae,0.2153966599821258,0.42,1000
learned_equal,6,profile_mae,0.2166663158235386,0.421,1000
learned_equal,6,profile_mae,0.2169035511187511,0.422,1000
learned_equal,6,profile_mae,0.2169301367613382,0.423,1000
learned_equal,6,profile_mae,0.2171728138438377,0.424,1000
learned_equal,6,profile_mae,0.2172605717664696,0.425,1000
learned_equal,6,profile_mae,0.2177864163780719,0.426,1000
learned_equal,6,profile_mae,0.2181925218900103,0.427,1000
learned_equal,6,profile_mae,0.2189265696973182,0.428,1000
learned_equal,6,profile_mae,0.2198748732320219,0.429,1000
learned_equal,6,profile_mae,0.2209358708809553,0.43,1000
learned_equal,6,profile_mae,0.2218668009428012,0.431,1000
learned_equal,6,profile_mae,0.2232609217348762,0.432,1000
learned_equal,6,profile_mae,0.2233395186212655,0.433,1000
learned_equal,6,profile_mae,0.2238007446520614,0.434,1000
learned_equal,6,profile_mae,0.2238173658957411,0.435,1000
learned_equal,6,profile_mae,0.2239197161288131,0.436,1000
learned_equal,6,profile_mae,0.2246507038788024,0.437,1000
learned_equal,6,profile_mae,0.2249127192873143,0.438,1000
learned_equal,6,profile_mae,0.2261896338767173,0.439,1000
learned_equal,6,profile_mae,0.2283912937951675,0.44,1000
learned_equal,6,profile_mae,0.2286331538338608,0.441,1000
learned_equal,6,profile_mae,0.2287492394325869,0.442,1000
learned_equal,6,profile_mae,0.2296792798615875,0.443,1000
learned_equal,6,profile_mae,0.2301697726491077,0.444,1000
learned_equal,6,profile_mae,0.2301930407643577,0.445,1000
learned_equal,6,profile_mae,0.2302757480874457,0.446,1000
learned_equal,6,profile_mae,0.2306801680183638,0.447,1000
learned_equal,6,profile_mae,0.2307990326415325,0.448,1000
learned_equal,6,profile_mae,0.2308521727541214,0.449,1000
learned_equal,6,profile_mae,0.2323903070588555,0.45,1000
learned_equal,6,profile_mae,0.2332975659679096,0.451,1000
learned_equal,6,profile_mae,0.2340297731991679,0.452,1000
learned_equal,6,profile_mae,0.2360500222169674,0.453,1000
learned_equal,6,profile_mae,0.2363160144980982,0.454,1000
learned_equal,6,profile_mae,0.2364508096426416,0.455,1000
learned_equal,6,profile_mae,0.2368031404766014,0.456,1000
learned_equal,6,profile_mae,0.2371913576470414,0.457,1000
learned_equal,6,profile_mae,0.2375660377053476,0.458,1000
learned_equal,6,profile_mae,0.2378725928873323,0.459,1000
learned_equal,6,profile_mae,0.2380655801644702,0.46,1000
learned_equal,6,profile_mae,0.2381417394097754,0.461,1000
learned_equal,6,profile_mae,0.2383557846547553,0.462,1000
learned_equal,6,profile_mae,0.2387388950719511,0.463,1000
learned_equal,6,profile_mae,0.2390528636935695,0.464,1000
learned_equal,6,profile_mae,0.2395786280705309,0.465,1000
learned_equal,6,profile_mae,0.2400667375325889,0.466,1000
learned_equal,6,profile_mae,0.2404060019444938,0.467,1000
learned_equal,6,profile_mae,0.2409192844739101,0.468,1000
learned_equal,6,profile_mae,0.2415997856540255,0.469,1000
learned_equal,6,profile_mae,0.241619968573117,0.47,1000
learned_equal,6,profile_mae,0.2420184194649439,0.471,1000
learned_equal,6,profile_mae,0.2425683029021252,0.472,1000
learned_equal,6,profile_mae,0.2426497546708398,0.473,1000
learned_equal,6,profile_mae,0.2427863369545063,0.474,1000
learned_equal,6,profile_mae,0.2434424528700692,0.475,1000
learned_equal,6,profile_mae,0.2436930353125911,0.476,1000
learned_equal,6,profile_mae,0.2453018059433132,0.477,1000
learned_equal,6,profile_mae,0.2455720964365476,0.478,1000
learned_equal,6,profile_mae,0.2458069992907919,0.479,1000
learned_equal,6,profile_mae,0.2458373599437925,0.48,1000
learned_equal,6,profile_mae,0.2477668233884381,0.481,1000
learned_equal,6,profile_mae,0.2481683837825975,0.482,1000
learned_equal,6,profile_mae,0.2483961278003612,0.483,1000
learned_equal,6,profile_mae,0.2489216397348604,0.484,1000
learned_equal,6,profile_mae,0.2490176590196585,0.485,1000
learned_equal,6,profile_mae,0.2493539053967774,0.486,1000
learned_equal,6,profile_mae,0.2496649296732922,0.487,1000
learned_equal,6,profile_mae,0.250599351529805,0.488,1000
learned_equal,6,profile_mae,0.2508640045209565,0.489,1000
learned_equal,6,profile_mae,0.250875436502244,0.49,1000
learned_equal,6,profile_mae,0.2526601483189923,0.491,1000
learned_equal,6,profile_mae,0.2539025604531056,0.492,1000
learned_equal,6,profile_mae,0.254591367718167,0.493,1000
learned_equal,6,profile_mae,0.2545930688833608,0.494,1000
learned_equal,6,profile_mae,0.2549300049863525,0.495,1000
learned_equal,6,profile_mae,0.2554970141997643,0.496,1000
learned_equal,6,profile_mae,0.2558197349192809,0.497,1000
learned_equal,6,profile_mae,0.2559145090660357,0.498,1000
learned_equal,6,profile_mae,0.2565076529060685,0.499,1000
learned_equal,6,profile_mae,0.2566397636029356,0.5,1000
learned_equal,6,profile_mae,0.2567241576107795,0.501,1000
learned_equal,6,profile_mae,0.2571702888547331,0.502,1000
learned_equal,6,profile_mae,0.2575881282095156,0.503,1000
learned_equal,6,profile_mae,0.2583984998950273,0.504,1000
learned_equal,6,profile_mae,0.2598885906516426,0.505,1000
learned_equal,6,profile_mae,0.2609381928210312,0.506,1000
learned_equal,6,profile_mae,0.2612221390450073,0.507,1000
learned_equal,6,profile_mae,0.2612998554029397,0.508,1000
learned_equal,6,profile_mae,0.2613282744190996,0.509,1000
learned_equal,6,profile_mae,0.2622261398426337,0.51,1000
learned_equal,6,profile_mae,0.2622777584946354,0.511,1000
learned_equal,6,profile_mae,0.2626942541864823,0.512,1000
learned_equal,6,profile_mae,0.2628235654027885,0.513,1000
learned_equal,6,profile_mae,0.2629956714210328,0.514,1000
learned_equal,6,profile_mae,0.2647498623318596,0.515,1000
learned_equal,6,profile_mae,0.2652025018273734,0.516,1000
learned_equal,6,profile_mae,0.2652093516658216,0.517,1000
learned_equal,6,profile_mae,0.2656071406649256,0.518,1000
learned_equal,6,profile_mae,0.2658030649588317,0.519,1000
learned_equal,6,profile_mae,0.2658472415489875,0.52,1000
learned_equal,6,profile_mae,0.2661178857907434,0.521,1000
learned_equal,6,profile_mae,0.2669513725383733,0.522,1000
learned_equal,6,profile_mae,0.26775715374914,0.523,1000
learned_equal,6,profile_mae,0.269093555038555,0.524,1000
learned_equal,6,profile_mae,0.2693908878579867,0.525,1000
learned_equal,6,profile_mae,0.2696861945792073,0.526,1000
learned_equal,6,profile_mae,0.2697774204095217,0.527,1000
learned_equal,6,profile_mae,0.270303499994917,0.528,1000
learned_equal,6,profile_mae,0.2710647094144653,0.529,1000
learned_equal,6,profile_mae,0.2712766804614404,0.53,1000
learned_equal,6,profile_mae,0.2747140482617838,0.531,1000
learned_equal,6,profile_mae,0.2748202524964659,0.532,1000
learned_equal,6,profile_mae,0.276462674235115,0.533,1000
learned_equal,6,profile_mae,0.2789180900529377,0.534,1000
learned_equal,6,profile_mae,0.2796624798564046,0.535,1000
learned_equal,6,profile_mae,0.2797261180346647,0.536,1000
learned_equal,6,profile_mae,0.2799679142905397,0.537,1000
learned_equal,6,profile_mae,0.2818892800442361,0.538,1000
learned_equal,6,profile_mae,0.2819535542442416,0.539,1000
learned_equal,6,profile_mae,0.2821213107598679,0.54,1000
learned_equal,6,profile_mae,0.2822191260859559,0.541,1000
learned_equal,6,profile_mae,0.282667515299269,0.542,1000
learned_equal,6,profile_mae,0.2828935157331394,0.543,1000
learned_equal,6,profile_mae,0.2831563035096038,0.544,1000
learned_equal,6,profile_mae,0.2833514316148621,0.545,1000
learned_equal,6,profile_mae,0.2836224940015051,0.546,1000
learned_equal,6,profile_mae,0.2837978935473058,0.547,1000
learned_equal,6,profile_mae,0.283808268174872,0.548,1000
learned_equal,6,profile_mae,0.2845077703820552,0.549,1000
learned_equal,6,profile_mae,0.2846839255262111,0.55,1000
learned_equal,6,profile_mae,0.2854025832799395,0.551,1000
learned_equal,6,profile_mae,0.2854580574708501,0.552,1000
learned_equal,6,profile_mae,0.2862109190294896,0.553,1000
learned_equal,6,profile_mae,0.2870212418205854,0.554,1000
learned_equal,6,profile_mae,0.2874785227179396,0.555,1000
learned_equal,6,profile_mae,0.2875807919413416,0.556,1000
learned_equal,6,profile_mae,0.2882416788619051,0.557,1000
learned_equal,6,profile_mae,0.2883194645936291,0.558,1000
learned_equal,6,profile_mae,0.288696643266514,0.559,1000
learned_equal,6,profile_mae,0.2888221666720034,0.56,1000
learned_equal,6,profile_mae,0.2890796519566043,0.561,1000
learned_equal,6,profile_mae,0.2895979281597067,0.562,1000
learned_equal,6,profile_mae,0.2898326949529257,0.563,1000
learned_equal,6,profile_mae,0.2902168007968947,0.564,1000
learned_equal,6,profile_mae,0.2915080828263537,0.565,1000
learned_equal,6,profile_mae,0.2917865228067341,0.566,1000
learned_equal,6,profile_mae,0.2929402970524581,0.567,1000
learned_equal,6,profile_mae,0.2948385915997811,0.568,1000
learned_equal,6,profile_mae,0.2951527915559482,0.569,1000
learned_equal,6,profile_mae,0.2976632647176458,0.57,1000
learned_equal,6,profile_mae,0.2988986801934519,0.571,1000
learned_equal,6,profile_mae,0.3019396886565942,0.572,1000
learned_equal,6,profile_mae,0.3021294359783385,0.573,1000
learned_equal,6,profile_mae,0.3022760477394638,0.574,1000
learned_equal,6,profile_mae,0.3023255067178451,0.575,1000
learned_equal,6,profile_mae,0.3026067746079136,0.576,1000
learned_equal,6,profile_mae,0.3030668363912489,0.577,1000
learned_equal,6,profile_mae,0.3031849652263395,0.578,1000
learned_equal,6,profile_mae,0.303914974690856,0.579,1000
learned_equal,6,profile_mae,0.3039726859436937,0.58,1000
learned_equal,6,profile_mae,0.3044739714467816,0.581,1000
learned_equal,6,profile_mae,0.3044888015194674,0.582,1000
learned_equal,6,profile_mae,0.3051970414036641,0.583,1000
learned_equal,6,profile_mae,0.3061546471684266,0.584,1000
learned_equal,6,profile_mae,0.306578951096578,0.585,1000
learned_equal,6,profile_mae,0.3065963522289194,0.586,1000
learned_equal,6,profile_mae,0.3074040548850967,0.587,1000
learned_equal,6,profile_mae,0.3081437358349745,0.588,1000
learned_equal,6,profile_mae,0.3090692588614858,0.589,1000
learned_equal,6,profile_mae,0.3097518123116419,0.59,1000
learned_equal,6,profile_mae,0.3103581992964638,0.591,1000
learned_equal,6,profile_mae,0.3111738542819107,0.592,1000
learned_equal,6,profile_mae,0.311749544823256,0.593,1000
learned_equal,6,profile_mae,0.3128384068595813,0.594,1000
learned_equal,6,profile_mae,0.3139142145516156,0.595,1000
learned_equal,6,profile_mae,0.3150884386336819,0.596,1000
learned_equal,6,profile_mae,0.3160862515558524,0.597,1000
learned_equal,6,profile_mae,0.3171299521295529,0.598,1000
learned_equal,6,profile_mae,0.3176275819147897,0.599,1000
learned_equal,6,profile_mae,0.3179045129008633,0.6,1000
learned_equal,6,profile_mae,0.3181494126874071,0.601,1000
learned_equal,6,profile_mae,0.3184340860621304,0.602,1000
learned_equal,6,profile_mae,0.3194798429645077,0.603,1000
learned_equal,6,profile_mae,0.3195684773175628,0.604,1000
learned_equal,6,profile_mae,0.3198028006926962,0.605,1000
learned_equal,6,profile_mae,0.3202624446133084,0.606,1000
learned_equal,6,profile_mae,0.320803554726544,0.607,1000
learned_equal,6,profile_mae,0.3216534483671031,0.608,1000
learned_equal,6,profile_mae,0.3216748244202143,0.609,1000
learned_equal,6,profile_mae,0.3226572727900272,0.61,1000
learned_equal,6,profile_mae,0.3231308787015484,0.611,1000
learned_equal,6,profile_mae,0.3251281307792391,0.612,1000
learned_equal,6,profile_mae,0.3254159408633501,0.613,1000
learned_equal,6,profile_mae,0.3261115953759377,0.614,1000
learned_equal,6,profile_mae,0.3266047694042771,0.615,1000
learned_equal,6,profile_mae,0.3268405813620799,0.616,1000
learned_equal,6,profile_mae,0.3275070643771285,0.617,1000
learned_equal,6,profile_mae,0.3276788019613212,0.618,1000
learned_equal,6,profile_mae,0.3281093645968918,0.619,1000
learned_equal,6,profile_mae,0.328401084187941,0.62,1000
learned_equal,6,profile_mae,0.3290856556580253,0.621,1000
learned_equal,6,profile_mae,0.3296469787387496,0.622,1000
learned_equal,6,profile_mae,0.3298599920393701,0.623,1000
learned_equal,6,profile_mae,0.329917681701816,0.624,1000
learned_equal,6,profile_mae,0.3308757259272036,0.625,1000
learned_equal,6,profile_mae,0.3311389218480617,0.626,1000
learned_equal,6,profile_mae,0.3313039177118652,0.627,1000
learned_equal,6,profile_mae,0.3320514911895724,0.628,1000
learned_equal,6,profile_mae,0.3321547711721787,0.629,1000
learned_equal,6,profile_mae,0.3329389833911158,0.63,1000
learned_equal,6,profile_mae,0.3336977629751356,0.631,1000
learned_equal,6,profile_mae,0.3343074061061424,0.632,1000
learned_equal,6,profile_mae,0.3345580872822332,0.633,1000
learned_equal,6,profile_mae,0.3363274126000745,0.634,1000
learned_equal,6,profile_mae,0.3370076669513182,0.635,1000
learned_equal,6,profile_mae,0.3379251654315601,0.636,1000
learned_equal,6,profile_mae,0.3384154668650165,0.637,1000
learned_equal,6,profile_mae,0.3392828262859932,0.638,1000
learned_equal,6,profile_mae,0.3410402017966252,0.639,1000
learned_equal,6,profile_mae,0.3433006335952492,0.64,1000
learned_equal,6,profile_mae,0.3434413214047437,0.641,1000
learned_equal,6,profile_mae,0.3435640569250256,0.642,1000
learned_equal,6,profile_mae,0.3450967057354931,0.643,1000
learned_equal,6,profile_mae,0.3452401247817366,0.644,1000
learned_equal,6,profile_mae,0.3472295576612576,0.645,1000
learned_equal,6,profile_mae,0.3476264571086361,0.646,1000
learned_equal,6,profile_mae,0.3477466009347421,0.647,1000
learned_equal,6,profile_mae,0.3481149708482852,0.648,1000
learned_equal,6,profile_mae,0.348359388137973,0.649,1000
learned_equal,6,profile_mae,0.3504147058242405,0.65,1000
learned_equal,6,profile_mae,0.3518640888938318,0.651,1000
learned_equal,6,profile_mae,0.3523162436437653,0.652,1000
learned_equal,6,profile_mae,0.3527167797990342,0.653,1000
learned_equal,6,profile_mae,0.35307160102063,0.654,1000
learned_equal,6,profile_mae,0.3539088826052985,0.655,1000
learned_equal,6,profile_mae,0.3540946436585477,0.656,1000
learned_equal,6,profile_mae,0.3547227435507413,0.657,1000
learned_equal,6,profile_mae,0.3548225142420042,0.658,1000
learned_equal,6,profile_mae,0.3548352333601253,0.659,1000
learned_equal,6,profile_mae,0.3563283823406846,0.66,1000
learned_equal,6,profile_mae,0.3567487964230523,0.661,1000
learned_equal,6,profile_mae,0.3571981234684064,0.662,1000
learned_equal,6,profile_mae,0.3574016083490404,0.663,1000
learned_equal,6,profile_mae,0.357664991448767,0.664,1000
learned_equal,6,profile_mae,0.3578397094784158,0.665,1000
learned_equal,6,profile_mae,0.3578575589854993,0.666,1000
learned_equal,6,profile_mae,0.3589153491074219,0.667,1000
learned_equal,6,profile_mae,0.3593710271673036,0.668,1000
learned_equal,6,profile_mae,0.3596803486793609,0.669,1000
learned_equal,6,profile_mae,0.3599224111160945,0.67,1000
learned_equal,6,profile_mae,0.3604655807750851,0.671,1000
learned_equal,6,profile_mae,0.3621407794689756,0.672,1000
learned_equal,6,profile_mae,0.362887626534607,0.673,1000
learned_equal,6,profile_mae,0.3673233329058447,0.674,1000
learned_equal,6,profile_mae,0.369383763701048,0.675,1000
learned_equal,6,profile_mae,0.3695713377252534,0.676,1000
learned_equal,6,profile_mae,0.3698088088717107,0.677,1000
learned_equal,6,profile_mae,0.370399269331115,0.678,1000
learned_equal,6,profile_mae,0.3719012967425767,0.679,1000
learned_equal,6,profile_mae,0.3724162249326105,0.68,1000
learned_equal,6,profile_mae,0.3727261546295887,0.681,1000
learned_equal,6,profile_mae,0.376178845312805,0.682,1000
learned_equal,6,profile_mae,0.3761875736764737,0.683,1000
learned_equal,6,profile_mae,0.3777132265017227,0.684,1000
learned_equal,6,profile_mae,0.3788887731780797,0.685,1000
learned_equal,6,profile_mae,0.3797833937400061,0.686,1000
learned_equal,6,profile_mae,0.3802557234600887,0.687,1000
learned_equal,6,profile_mae,0.3804880420670721,0.688,1000
learned_equal,6,profile_mae,0.3815893140555784,0.689,1000
learned_equal,6,profile_mae,0.382505518207283,0.69,1000
learned_equal,6,profile_mae,0.3827663553570342,0.691,1000
learned_equal,6,profile_mae,0.3829999280476544,0.692,1000
learned_equal,6,profile_mae,0.3858871391275048,0.693,1000
learned_equal,6,profile_mae,0.3860581635030826,0.694,1000
learned_equal,6,profile_mae,0.3872375150415843,0.695,1000
learned_equal,6,profile_mae,0.38744070221431,0.696,1000
learned_equal,6,profile_mae,0.3879971323548539,0.697,1000
learned_equal,6,profile_mae,0.3885551368611845,0.698,1000
learned_equal,6,profile_mae,0.3886379290835881,0.699,1000
learned_equal,6,profile_mae,0.3888064258745153,0.7,1000
learned_equal,6,profile_mae,0.3890412439635589,0.701,1000
learned_equal,6,profile_mae,0.3893261496820461,0.702,1000
learned_equal,6,profile_mae,0.3901061090174494,0.703,1000
learned_equal,6,profile_mae,0.3903498776115067,0.704,1000
learned_equal,6,profile_mae,0.3910254840040165,0.705,1000
learned_equal,6,profile_mae,0.3911352223398736,0.706,1000
learned_equal,6,profile_mae,0.3913145042731167,0.707,1000
learned_equal,6,profile_mae,0.3919889572739873,0.708,1000
learned_equal,6,profile_mae,0.3927349650470073,0.709,1000
learned_equal,6,profile_mae,0.3929685805085479,0.71,1000
learned_equal,6,profile_mae,0.3931174955876323,0.711,1000
learned_equal,6,profile_mae,0.393310885694595,0.712,1000
learned_equal,6,profile_mae,0.3946330878450204,0.713,1000
learned_equal,6,profile_mae,0.394909502694657,0.714,1000
learned_equal,6,profile_mae,0.3955194246055455,0.715,1000
learned_equal,6,profile_mae,0.3962432032347585,0.716,1000
learned_equal,6,profile_mae,0.3969193421995967,0.717,1000
learned_equal,6,profile_mae,0.3984573862427217,0.718,1000
learned_equal,6,profile_mae,0.399369239477135,0.719,1000
learned_equal,6,profile_mae,0.3998209049563448,0.72,1000
learned_equal,6,profile_mae,0.4000655791744647,0.721,1000
learned_equal,6,profile_mae,0.4005905495212841,0.722,1000
learned_equal,6,profile_mae,0.4032710188088749,0.723,1000
learned_equal,6,profile_mae,0.4033938616565422,0.724,1000
learned_equal,6,profile_mae,0.4034688204649257,0.725,1000
learned_equal,6,profile_mae,0.4037636361430386,0.726,1000
learned_equal,6,profile_mae,0.4051478405482031,0.727,1000
learned_equal,6,profile_mae,0.4083019242130167,0.728,1000
learned_equal,6,profile_mae,0.4103126371406495,0.729,1000
learned_equal,6,profile_mae,0.4107954393457809,0.73,1000
learned_equal,6,profile_mae,0.4117754246968922,0.731,1000
learned_equal,6,profile_mae,0.4118455944420977,0.732,1000
learned_equal,6,profile_mae,0.413879776402174,0.733,1000
learned_equal,6,profile_mae,0.4147345442289443,0.734,1000
learned_equal,6,profile_mae,0.4153414781902165,0.735,1000
learned_equal,6,profile_mae,0.4159169043794189,0.736,1000
learned_equal,6,profile_mae,0.4160381072618571,0.737,1000
learned_equal,6,profile_mae,0.4162368685794284,0.738,1000
learned_equal,6,profile_mae,0.4167897998231498,0.739,1000
learned_equal,6,profile_mae,0.4173375968946776,0.74,1000
learned_equal,6,profile_mae,0.4188166157979732,0.741,1000
learned_equal,6,profile_mae,0.4189644884152857,0.742,1000
learned_equal,6,profile_mae,0.4191469345989874,0.743,1000
learned_equal,6,profile_mae,0.4198426638380112,0.744,1000
learned_equal,6,profile_mae,0.4217878406767717,0.745,1000
learned_equal,6,profile_mae,0.4225918280417167,0.746,1000
learned_equal,6,profile_mae,0.4247658975271024,0.747,1000
learned_equal,6,profile_mae,0.4256437770262411,0.748,1000
learned_equal,6,profile_mae,0.425729046036333,0.749,1000
learned_equal,6,profile_mae,0.4264015946336512,0.75,1000
learned_equal,6,profile_mae,0.4268686456308978,0.751,1000
learned_equal,6,profile_mae,0.4296987233824325,0.752,1000
learned_equal,6,profile_mae,0.4305036443306013,0.753,1000
learned_equal,6,profile_mae,0.4307765215399304,0.754,1000
learned_equal,6,profile_mae,0.4308537164882139,0.755,1000
learned_equal,6,profile_mae,0.4320993509027868,0.756,1000
learned_equal,6,profile_mae,0.4328988570577842,0.757,1000
learned_equal,6,profile_mae,0.4333635776282299,0.758,1000
learned_equal,6,profile_mae,0.4334735132244711,0.759,1000
learned_equal,6,profile_mae,0.434681974679542,0.76,1000
learned_equal,6,profile_mae,0.4362732542525195,0.761,1000
learned_equal,6,profile_mae,0.4371945637607823,0.762,1000
learned_equal,6,profile_mae,0.4385596752441124,0.763,1000
learned_equal,6,profile_mae,0.4386348204177663,0.764,1000
learned_equal,6,profile_mae,0.4404892797807534,0.765,1000
learned_equal,6,profile_mae,0.4440259403881235,0.766,1000
learned_equal,6,profile_mae,0.4486206257217631,0.767,1000
learned_equal,6,profile_mae,0.4503104965808723,0.768,1000
learned_equal,6,profile_mae,0.453711417755783,0.769,1000
learned_equal,6,profile_mae,0.4540906440563022,0.77,1000
learned_equal,6,profile_mae,0.4548460750453071,0.771,1000
learned_equal,6,profile_mae,0.4568477195564281,0.772,1000
learned_equal,6,profile_mae,0.4576570100035606,0.773,1000
learned_equal,6,profile_mae,0.4581314122461346,0.774,1000
learned_equal,6,profile_mae,0.4589099862919838,0.775,1000
learned_equal,6,profile_mae,0.4592414171399864,0.776,1000
learned_equal,6,profile_mae,0.4617025046954056,0.777,1000
learned_equal,6,profile_mae,0.4637714446953148,0.778,1000
learned_equal,6,profile_mae,0.4644037447218714,0.779,1000
learned_equal,6,profile_mae,0.4656840464567813,0.78,1000
learned_equal,6,profile_mae,0.4664928599288161,0.781,1000
learned_equal,6,profile_mae,0.4665793426606106,0.782,1000
learned_equal,6,profile_mae,0.4675739570244744,0.783,1000
learned_equal,6,profile_mae,0.4676001465101704,0.784,1000
learned_equal,6,profile_mae,0.4676019217213277,0.785,1000
learned_equal,6,profile_mae,0.4679677127967987,0.786,1000
learned_equal,6,profile_mae,0.4681818437081867,0.787,1000
learned_equal,6,profile_mae,0.4684920197216972,0.788,1000
learned_equal,6,profile_mae,0.4687711851859224,0.789,1000
learned_equal,6,profile_mae,0.4691907889353843,0.79,1000
learned_equal,6,profile_mae,0.4699467020044811,0.791,1000
learned_equal,6,profile_mae,0.4720043237335837,0.792,1000
learned_equal,6,profile_mae,0.4722394971866452,0.793,1000
learned_equal,6,profile_mae,0.472663751548495,0.794,1000
learned_equal,6,profile_mae,0.4727014844862396,0.795,1000
learned_equal,6,profile_mae,0.4734808590365977,0.796,1000
learned_equal,6,profile_mae,0.4735750643515922,0.797,1000
learned_equal,6,profile_mae,0.4751603810129474,0.798,1000
learned_equal,6,profile_mae,0.4769431025679167,0.799,1000
learned_equal,6,profile_mae,0.4783001550884014,0.8,1000
learned_equal,6,profile_mae,0.4804057634225769,0.801,1000
learned_equal,6,profile_mae,0.4825382719695266,0.802,1000
learned_equal,6,profile_mae,0.4845410025546648,0.803,1000
learned_equal,6,profile_mae,0.4849842341272528,0.804,1000
learned_equal,6,profile_mae,0.4852591769192242,0.805,1000
learned_equal,6,profile_mae,0.485327182645765,0.806,1000
learned_equal,6,profile_mae,0.4855950142681055,0.807,1000
learned_equal,6,profile_mae,0.4857760374678198,0.808,1000
learned_equal,6,profile_mae,0.4894127606451437,0.809,1000
learned_equal,6,profile_mae,0.4905867117996644,0.81,1000
learned_equal,6,profile_mae,0.4921282344259668,0.811,1000
learned_equal,6,profile_mae,0.4994504393156143,0.812,1000
learned_equal,6,profile_mae,0.501274866176217,0.813,1000
learned_equal,6,profile_mae,0.5023296593080989,0.814,1000
learned_equal,6,profile_mae,0.5028464433972945,0.815,1000
learned_equal,6,profile_mae,0.5083305848185596,0.816,1000
learned_equal,6,profile_mae,0.508855087966789,0.817,1000
learned_equal,6,profile_mae,0.5140076163744046,0.818,1000
learned_equal,6,profile_mae,0.5143316652543526,0.819,1000
learned_equal,6,profile_mae,0.5144418529049265,0.82,1000
learned_equal,6,profile_mae,0.5156959725142022,0.821,1000
learned_equal,6,profile_mae,0.5183139934727781,0.822,1000
learned_equal,6,profile_mae,0.5197608854448775,0.823,1000
learned_equal,6,profile_mae,0.5213295057322805,0.824,1000
learned_equal,6,profile_mae,0.5214920382533471,0.825,1000
learned_equal,6,profile_mae,0.5220515166062679,0.826,1000
learned_equal,6,profile_mae,0.5228763305422718,0.827,1000
learned_equal,6,profile_mae,0.5234355626142627,0.828,1000
learned_equal,6,profile_mae,0.5242439938080375,0.829,1000
learned_equal,6,profile_mae,0.5252252874237454,0.83,1000
learned_equal,6,profile_mae,0.52547594115009,0.831,1000
learned_equal,6,profile_mae,0.5260341978792519,0.832,1000
learned_equal,6,profile_mae,0.5271116963777728,0.833,1000
learned_equal,6,profile_mae,0.5308723174116897,0.834,1000
learned_equal,6,profile_mae,0.5326785856955636,0.835,1000
learned_equal,6,profile_mae,0.5329423266279075,0.836,1000
learned_equal,6,profile_mae,0.5336837280037929,0.837,1000
learned_equal,6,profile_mae,0.5339854076069893,0.838,1000
learned_equal,6,profile_mae,0.5372394979319349,0.839,1000
learned_equal,6,profile_mae,0.5378953122077995,0.84,1000
learned_equal,6,profile_mae,0.539677171787096,0.841,1000
learned_equal,6,profile_mae,0.542343538439103,0.842,1000
learned_equal,6,profile_mae,0.5426665589343193,0.843,1000
learned_equal,6,profile_mae,0.5429388310701356,0.844,1000
learned_equal,6,profile_mae,0.5447285792380422,0.845,1000
learned_equal,6,profile_mae,0.5448183169202364,0.846,1000
learned_equal,6,profile_mae,0.5450268364958156,0.847,1000
learned_equal,6,profile_mae,0.5452588696835757,0.848,1000
learned_equal,6,profile_mae,0.546084429400829,0.849,1000
learned_equal,6,profile_mae,0.54857631938027,0.85,1000
learned_equal,6,profile_mae,0.5502281742370009,0.851,1000
learned_equal,6,profile_mae,0.5518227343109573,0.852,1000
learned_equal,6,profile_mae,0.5527971501356389,0.853,1000
learned_equal,6,profile_mae,0.5535222355411615,0.854,1000
learned_equal,6,profile_mae,0.5574286033370062,0.855,1000
learned_equal,6,profile_mae,0.559013543955292,0.856,1000
learned_equal,6,profile_mae,0.5596579661083867,0.857,1000
learned_equal,6,profile_mae,0.5623256443742789,0.858,1000
learned_equal,6,profile_mae,0.575387523525928,0.859,1000
learned_equal,6,profile_mae,0.575907791529641,0.86,1000
learned_equal,6,profile_mae,0.5829518461066067,0.861,1000
learned_equal,6,profile_mae,0.5841122704480171,0.862,1000
learned_equal,6,profile_mae,0.5843268469858104,0.863,1000
learned_equal,6,profile_mae,0.5847653032282099,0.864,1000
learned_equal,6,profile_mae,0.5852510755664603,0.865,1000
learned_equal,6,profile_mae,0.5887508790881526,0.866,1000
learned_equal,6,profile_mae,0.5895634357913803,0.867,1000
learned_equal,6,profile_mae,0.5910356229335999,0.868,1000
learned_equal,6,profile_mae,0.5913238619485806,0.869,1000
learned_equal,6,profile_mae,0.5939020314659161,0.87,1000
learned_equal,6,profile_mae,0.5960635316073579,0.871,1000
learned_equal,6,profile_mae,0.5962680748030871,0.872,1000
learned_equal,6,profile_mae,0.5967851102868655,0.873,1000
learned_equal,6,profile_mae,0.6011701511179021,0.874,1000
learned_equal,6,profile_mae,0.6032711219313107,0.875,1000
learned_equal,6,profile_mae,0.6036826221713861,0.876,1000
learned_equal,6,profile_mae,0.603942327715507,0.877,1000
learned_equal,6,profile_mae,0.6128640581688448,0.878,1000
learned_equal,6,profile_mae,0.6146286517433048,0.879,1000
learned_equal,6,profile_mae,0.6276996328724259,0.88,1000
learned_equal,6,profile_mae,0.6287245327310355,0.881,1000
learned_equal,6,profile_mae,0.6290287997282834,0.882,1000
learned_equal,6,profile_mae,0.6315365667121069,0.883,1000
learned_equal,6,profile_mae,0.6327135624769019,0.884,1000
learned_equal,6,profile_mae,0.6383346054734549,0.885,1000
learned_equal,6,profile_mae,0.6391108069455245,0.886,1000
learned_equal,6,profile_mae,0.6407949493778959,0.887,1000
learned_equal,6,profile_mae,0.6475782407447629,0.888,1000
learned_equal,6,profile_mae,0.6508165725442782,0.889,1000
learned_equal,6,profile_mae,0.6518924081557423,0.89,1000
learned_equal,6,profile_mae,0.6557759923761569,0.891,1000
learned_equal,6,profile_mae,0.6627400405257439,0.892,1000
learned_equal,6,profile_mae,0.6679840043805991,0.893,1000
learned_equal,6,profile_mae,0.6696469826636468,0.894,1000
learned_equal,6,profile_mae,0.6701709518406753,0.895,1000
learned_equal,6,profile_mae,0.6704070964865568,0.896,1000
learned_equal,6,profile_mae,0.6762315427209716,0.897,1000
learned_equal,6,profile_mae,0.6767483264848687,0.898,1000
learned_equal,6,profile_mae,0.6825763273075304,0.899,1000
learned_equal,6,profile_mae,0.6888634298342445,0.9,1000
learned_equal,6,profile_mae,0.6929552285744333,0.901,1000
learned_equal,6,profile_mae,0.6978484729472187,0.902,1000
learned_equal,6,profile_mae,0.699183262297058,0.903,1000
learned_equal,6,profile_mae,0.7006371897056023,0.904,1000
learned_equal,6,profile_mae,0.702210279312078,0.905,1000
learned_equal,6,profile_mae,0.7056040934179935,0.906,1000
learned_equal,6,profile_mae,0.7086509684270209,0.907,1000
learned_equal,6,profile_mae,0.7252266004204346,0.908,1000
learned_equal,6,profile_mae,0.745142997429137,0.909,1000
learned_equal,6,profile_mae,0.7451515540702611,0.91,1000
learned_equal,6,profile_mae,0.7473390873501317,0.911,1000
learned_equal,6,profile_mae,0.7477630249010877,0.912,1000
learned_equal,6,profile_mae,0.750952016918211,0.913,1000
learned_equal,6,profile_mae,0.7556119393135737,0.914,1000
learned_equal,6,profile_mae,0.760915451713266,0.915,1000
learned_equal,6,profile_mae,0.7613776764275708,0.916,1000
learned_equal,6,profile_mae,0.7628247650022342,0.917,1000
learned_equal,6,profile_mae,0.7663240770395535,0.918,1000
learned_equal,6,profile_mae,0.769954054197314,0.919,1000
learned_equal,6,profile_mae,0.7838160131281215,0.92,1000
learned_equal,6,profile_mae,0.7851131391193514,0.921,1000
learned_equal,6,profile_mae,0.7910373338978273,0.922,1000
learned_equal,6,profile_mae,0.8151324424591586,0.923,1000
learned_equal,6,profile_mae,0.8229601680423244,0.924,1000
learned_equal,6,profile_mae,0.8321385654046317,0.925,1000
learned_equal,6,profile_mae,0.8328183334060002,0.926,1000
learned_equal,6,profile_mae,0.8334330814842345,0.927,1000
learned_equal,6,profile_mae,0.8361706890566395,0.928,1000
learned_equal,6,profile_mae,0.836262583723881,0.929,1000
learned_equal,6,profile_mae,0.8396113949504759,0.93,1000
learned_equal,6,profile_mae,0.8407479527428955,0.931,1000
learned_equal,6,profile_mae,0.8411892197690894,0.932,1000
learned_equal,6,profile_mae,0.8457226944954611,0.933,1000
learned_equal,6,profile_mae,0.8515282556168223,0.934,1000
learned_equal,6,profile_mae,0.8539118574962794,0.935,1000
learned_equal,6,profile_mae,0.855915932321473,0.936,1000
learned_equal,6,profile_mae,0.8586208250426844,0.937,1000
learned_equal,6,profile_mae,0.8621281179790135,0.938,1000
learned_equal,6,profile_mae,0.897860876857559,0.939,1000
learned_equal,6,profile_mae,0.9033930313778754,0.94,1000
learned_equal,6,profile_mae,0.9058831581925404,0.941,1000
learned_equal,6,profile_mae,0.9137533406137206,0.942,1000
learned_equal,6,profile_mae,0.9200661854646917,0.943,1000
learned_equal,6,profile_mae,0.9258545895685502,0.944,1000
learned_equal,6,profile_mae,0.9445630917470366,0.945,1000
learned_equal,6,profile_mae,0.9753700259212916,0.946,1000
learned_equal,6,profile_mae,0.9768091519935383,0.947,1000
learned_equal,6,profile_mae,0.9942527780982046,0.948,1000
learned_equal,6,profile_mae,0.9982724916505744,0.949,1000
learned_equal,6,profile_mae,0.999042053839396,0.95,1000
learned_equal,6,profile_mae,1.0075679316599406,0.951,1000
learned_equal,6,profile_mae,1.0184399629723548,0.952,1000
learned_equal,6,profile_mae,1.0487787120776766,0.953,1000
learned_equal,6,profile_mae,1.052942015630178,0.954,1000
learned_equal,6,profile_mae,1.0566210206271676,0.955,1000
learned_equal,6,profile_mae,1.0573282648213624,0.956,1000
learned_equal,6,profile_mae,1.0739023476903669,0.957,1000
learned_equal,6,profile_mae,1.0804569061367233,0.958,1000
learned_equal,6,profile_mae,1.095249232541603,0.959,1000
learned_equal,6,profile_mae,1.1017921691861683,0.96,1000
learned_equal,6,profile_mae,1.1066098869088286,0.961,1000
learned_equal,6,profile_mae,1.1161236056713708,0.962,1000
learned_equal,6,profile_mae,1.1368312559706364,0.963,1000
learned_equal,6,profile_mae,1.1458065178320382,0.964,1000
learned_equal,6,profile_mae,1.152664181325198,0.965,1000
learned_equal,6,profile_mae,1.1552049274976512,0.966,1000
learned_equal,6,profile_mae,1.1585557401034643,0.967,1000
learned_equal,6,profile_mae,1.1673328757424577,0.968,1000
learned_equal,6,profile_mae,1.1722215431142242,0.969,1000
learned_equal,6,profile_mae,1.184498401665213,0.97,1000
learned_equal,6,profile_mae,1.1858691227449565,0.971,1000
learned_equal,6,profile_mae,1.2075210469929565,0.972,1000
learned_equal,6,profile_mae,1.2444903228313329,0.973,1000
learned_equal,6,profile_mae,1.3078081544079134,0.974,1000
learned_equal,6,profile_mae,1.3144283662862468,0.975,1000
learned_equal,6,profile_mae,1.323656056349446,0.976,1000
learned_equal,6,profile_mae,1.3571237549943092,0.977,1000
learned_equal,6,profile_mae,1.4001529770645806,0.978,1000
learned_equal,6,profile_mae,1.400679086970868,0.979,1000
learned_equal,6,profile_mae,1.4438152370446942,0.98,1000
learned_equal,6,profile_mae,1.4561129207047916,0.981,1000
learned_equal,6,profile_mae,1.494433245490068,0.982,1000
learned_equal,6,profile_mae,1.5295947799714136,0.983,1000
learned_equal,6,profile_mae,1.5758283452534574,0.984,1000
learned_equal,6,profile_mae,1.6322103258899587,0.985,1000
learned_equal,6,profile_mae,1.7342423580476882,0.986,1000
learned_equal,6,profile_mae,1.9111302105646588,0.987,1000
learned_equal,6,profile_mae,1.9372168810026729,0.988,1000
learned_equal,6,profile_mae,2.461660363000409,0.989,1000
learned_equal,6,profile_mae,2.517936746398201,0.99,1000
learned_equal,6,profile_mae,2.5861379643931195,0.991,1000
learned_equal,6,profile_mae,2.6053747572498893,0.992,1000
learned_equal,6,profile_mae,2.686655279986365,0.993,1000
learned_equal,6,profile_mae,2.8196433848022853,0.994,1000
learned_equal,6,profile_mae,2.981017593030385,0.995,1000
learned_equal,6,profile_mae,3.2806064978829923,0.996,1000
learned_equal,6,profile_mae,3.70797221855096,0.997,1000
learned_equal,6,profile_mae,4.263078670063238,0.998,1000
learned_equal,6,profile_mae,5.6609479421720295,0.999,1000
learned_equal,6,profile_mae,10.632571635136944,1.0,1000
learned_equal,6,barrier_abs_error,0.0,0.001,1000
learned_equal,6,barrier_abs_error,0.0,0.002,1000
learned_equal,6,barrier_abs_error,0.0,0.003,1000
learned_equal,6,barrier_abs_error,0.0,0.004,1000
learned_equal,6,barrier_abs_error,0.0,0.005,1000
learned_equal,6,barrier_abs_error,0.0,0.006,1000
learned_equal,6,barrier_abs_error,0.0,0.007,1000
learned_equal,6,barrier_abs_error,0.0,0.008,1000
learned_equal,6,barrier_abs_error,0.0,0.009,1000
learned_equal,6,barrier_abs_error,0.0,0.01,1000
learned_equal,6,barrier_abs_error,0.0,0.011,1000
learned_equal,6,barrier_abs_error,0.0,0.012,1000
learned_equal,6,barrier_abs_error,0.0,0.013,1000
learned_equal,6,barrier_abs_error,0.0,0.014,1000
learned_equal,6,barrier_abs_error,0.0,0.015,1000
learned_equal,6,barrier_abs_error,0.0,0.016,1000
learned_equal,6,barrier_abs_error,0.0,0.017,1000
learned_equal,6,barrier_abs_error,0.0,0.018,1000
learned_equal,6,barrier_abs_error,0.0,0.019,1000
learned_equal,6,barrier_abs_error,0.0,0.02,1000
learned_equal,6,barrier_abs_error,0.0,0.021,1000
learned_equal,6,barrier_abs_error,0.0,0.022,1000
learned_equal,6,barrier_abs_error,0.0,0.023,1000
learned_equal,6,barrier_abs_error,0.0,0.024,1000
learned_equal,6,barrier_abs_error,0.0,0.025,1000
learned_equal,6,barrier_abs_error,0.0,0.026,1000
learned_equal,6,barrier_abs_error,0.0,0.027,1000
learned_equal,6,barrier_abs_error,0.0,0.028,1000
learned_equal,6,barrier_abs_error,0.0,0.029,1000
learned_equal,6,barrier_abs_error,0.0,0.03,1000
learned_equal,6,barrier_abs_error,0.0,0.031,1000
learned_equal,6,barrier_abs_error,0.0,0.032,1000
learned_equal,6,barrier_abs_error,0.0,0.033,1000
learned_equal,6,barrier_abs_error,0.0,0.034,1000
learned_equal,6,barrier_abs_error,0.0,0.035,1000
learned_equal,6,barrier_abs_error,0.0,0.036,1000
learned_equal,6,barrier_abs_error,0.0,0.037,1000
learned_equal,6,barrier_abs_error,0.0,0.038,1000
learned_equal,6,barrier_abs_error,0.0,0.039,1000
learned_equal,6,barrier_abs_error,0.0,0.04,1000
learned_equal,6,barrier_abs_error,0.0,0.041,1000
learned_equal,6,barrier_abs_error,0.0,0.042,1000
learned_equal,6,barrier_abs_error,0.0,0.043,1000
learned_equal,6,barrier_abs_error,0.0,0.044,1000
learned_equal,6,barrier_abs_error,0.0,0.045,1000
learned_equal,6,barrier_abs_error,0.0,0.046,1000
learned_equal,6,barrier_abs_error,0.0,0.047,1000
learned_equal,6,barrier_abs_error,0.0,0.048,1000
learned_equal,6,barrier_abs_error,0.0,0.049,1000
learned_equal,6,barrier_abs_error,0.0,0.05,1000
learned_equal,6,barrier_abs_error,0.0,0.051,1000
learned_equal,6,barrier_abs_error,0.0,0.052,1000
learned_equal,6,barrier_abs_error,0.0,0.053,1000
learned_equal,6,barrier_abs_error,0.0,0.054,1000
learned_equal,6,barrier_abs_error,0.0,0.055,1000
learned_equal,6,barrier_abs_error,0.0,0.056,1000
learned_equal,6,barrier_abs_error,0.0,0.057,1000
learned_equal,6,barrier_abs_error,0.0,0.058,1000
learned_equal,6,barrier_abs_error,0.0,0.059,1000
learned_equal,6,barrier_abs_error,0.0,0.06,1000
learned_equal,6,barrier_abs_error,0.0,0.061,1000
learned_equal,6,barrier_abs_error,0.0,0.062,1000
learned_equal,6,barrier_abs_error,0.0,0.063,1000
learned_equal,6,barrier_abs_error,0.0,0.064,1000
learned_equal,6,barrier_abs_error,0.0,0.065,1000
learned_equal,6,barrier_abs_error,0.0,0.066,1000
learned_equal,6,barrier_abs_error,0.0,0.067,1000
learned_equal,6,barrier_abs_error,0.0,0.068,1000
learned_equal,6,barrier_abs_error,0.0,0.069,1000
learned_equal,6,barrier_abs_error,0.0,0.07,1000
learned_equal,6,barrier_abs_error,0.0,0.071,1000
learned_equal,6,barrier_abs_error,0.0,0.072,1000
learned_equal,6,barrier_abs_error,0.0,0.073,1000
learned_equal,6,barrier_abs_error,0.0,0.074,1000
learned_equal,6,barrier_abs_error,0.0,0.075,1000
learned_equal,6,barrier_abs_error,0.0,0.076,1000
learned_equal,6,barrier_abs_error,0.0,0.077,1000
learned_equal,6,barrier_abs_error,0.0,0.078,1000
learned_equal,6,barrier_abs_error,0.0,0.079,1000
learned_equal,6,barrier_abs_error,0.0,0.08,1000
learned_equal,6,barrier_abs_error,0.0,0.081,1000
learned_equal,6,barrier_abs_error,0.0,0.082,1000
learned_equal,6,barrier_abs_error,0.0,0.083,1000
learned_equal,6,barrier_abs_error,0.0,0.084,1000
learned_equal,6,barrier_abs_error,0.0,0.085,1000
learned_equal,6,barrier_abs_error,0.0,0.086,1000
learned_equal,6,barrier_abs_error,0.0,0.087,1000
learned_equal,6,barrier_abs_error,0.0,0.088,1000
learned_equal,6,barrier_abs_error,0.0,0.089,1000
learned_equal,6,barrier_abs_error,0.0,0.09,1000
learned_equal,6,barrier_abs_error,0.0,0.091,1000
learned_equal,6,barrier_abs_error,0.0,0.092,1000
learned_equal,6,barrier_abs_error,0.0,0.093,1000
learned_equal,6,barrier_abs_error,0.0,0.094,1000
learned_equal,6,barrier_abs_error,0.0,0.095,1000
learned_equal,6,barrier_abs_error,0.0,0.096,1000
learned_equal,6,barrier_abs_error,0.0,0.097,1000
learned_equal,6,barrier_abs_error,0.0,0.098,1000
learned_equal,6,barrier_abs_error,0.0,0.099,1000
learned_equal,6,barrier_abs_error,0.0,0.1,1000
learned_equal,6,barrier_abs_error,0.0,0.101,1000
learned_equal,6,barrier_abs_error,0.0,0.102,1000
learned_equal,6,barrier_abs_error,0.0,0.103,1000
learned_equal,6,barrier_abs_error,0.0,0.104,1000
learned_equal,6,barrier_abs_error,0.0,0.105,1000
learned_equal,6,barrier_abs_error,0.0,0.106,1000
learned_equal,6,barrier_abs_error,0.0,0.107,1000
learned_equal,6,barrier_abs_error,0.0,0.108,1000
learned_equal,6,barrier_abs_error,0.0,0.109,1000
learned_equal,6,barrier_abs_error,0.0,0.11,1000
learned_equal,6,barrier_abs_error,0.0,0.111,1000
learned_equal,6,barrier_abs_error,0.0,0.112,1000
learned_equal,6,barrier_abs_error,0.0,0.113,1000
learned_equal,6,barrier_abs_error,0.0,0.114,1000
learned_equal,6,barrier_abs_error,0.0,0.115,1000
learned_equal,6,barrier_abs_error,0.0,0.116,1000
learned_equal,6,barrier_abs_error,0.0,0.117,1000
learned_equal,6,barrier_abs_error,0.0,0.118,1000
learned_equal,6,barrier_abs_error,0.0,0.119,1000
learned_equal,6,barrier_abs_error,0.0,0.12,1000
learned_equal,6,barrier_abs_error,0.0,0.121,1000
learned_equal,6,barrier_abs_error,0.0,0.122,1000
learned_equal,6,barrier_abs_error,0.0,0.123,1000
learned_equal,6,barrier_abs_error,0.0,0.124,1000
learned_equal,6,barrier_abs_error,0.0,0.125,1000
learned_equal,6,barrier_abs_error,0.0,0.126,1000
learned_equal,6,barrier_abs_error,0.0,0.127,1000
learned_equal,6,barrier_abs_error,0.0,0.128,1000
learned_equal,6,barrier_abs_error,0.0,0.129,1000
learned_equal,6,barrier_abs_error,0.0,0.13,1000
learned_equal,6,barrier_abs_error,0.0,0.131,1000
learned_equal,6,barrier_abs_error,0.0,0.132,1000
learned_equal,6,barrier_abs_error,0.0,0.133,1000
learned_equal,6,barrier_abs_error,0.0,0.134,1000
learned_equal,6,barrier_abs_error,0.0,0.135,1000
learned_equal,6,barrier_abs_error,0.0,0.136,1000
learned_equal,6,barrier_abs_error,0.0,0.137,1000
learned_equal,6,barrier_abs_error,0.0,0.138,1000
learned_equal,6,barrier_abs_error,0.0,0.139,1000
learned_equal,6,barrier_abs_error,0.0,0.14,1000
learned_equal,6,barrier_abs_error,0.0,0.141,1000
learned_equal,6,barrier_abs_error,0.0,0.142,1000
learned_equal,6,barrier_abs_error,0.0,0.143,1000
learned_equal,6,barrier_abs_error,0.0,0.144,1000
learned_equal,6,barrier_abs_error,0.0,0.145,1000
learned_equal,6,barrier_abs_error,0.0,0.146,1000
learned_equal,6,barrier_abs_error,0.0,0.147,1000
learned_equal,6,barrier_abs_error,0.0,0.148,1000
learned_equal,6,barrier_abs_error,0.0,0.149,1000
learned_equal,6,barrier_abs_error,0.0,0.15,1000
learned_equal,6,barrier_abs_error,0.0,0.151,1000
learned_equal,6,barrier_abs_error,0.0,0.152,1000
learned_equal,6,barrier_abs_error,0.0,0.153,1000
learned_equal,6,barrier_abs_error,0.0,0.154,1000
learned_equal,6,barrier_abs_error,0.0,0.155,1000
learned_equal,6,barrier_abs_error,0.0,0.156,1000
learned_equal,6,barrier_abs_error,0.0,0.157,1000
learned_equal,6,barrier_abs_error,0.0,0.158,1000
learned_equal,6,barrier_abs_error,0.0,0.159,1000
learned_equal,6,barrier_abs_error,0.0,0.16,1000
learned_equal,6,barrier_abs_error,0.0,0.161,1000
learned_equal,6,barrier_abs_error,0.0,0.162,1000
learned_equal,6,barrier_abs_error,0.0,0.163,1000
learned_equal,6,barrier_abs_error,0.0,0.164,1000
learned_equal,6,barrier_abs_error,0.0,0.165,1000
learned_equal,6,barrier_abs_error,0.0,0.166,1000
learned_equal,6,barrier_abs_error,0.0,0.167,1000
learned_equal,6,barrier_abs_error,0.0,0.168,1000
learned_equal,6,barrier_abs_error,0.0,0.169,1000
learned_equal,6,barrier_abs_error,0.0,0.17,1000
learned_equal,6,barrier_abs_error,0.0,0.171,1000
learned_equal,6,barrier_abs_error,0.0,0.172,1000
learned_equal,6,barrier_abs_error,0.0,0.173,1000
learned_equal,6,barrier_abs_error,0.0,0.174,1000
learned_equal,6,barrier_abs_error,0.0,0.175,1000
learned_equal,6,barrier_abs_error,0.0,0.176,1000
learned_equal,6,barrier_abs_error,0.0,0.177,1000
learned_equal,6,barrier_abs_error,0.0,0.178,1000
learned_equal,6,barrier_abs_error,0.0,0.179,1000
learned_equal,6,barrier_abs_error,0.0,0.18,1000
learned_equal,6,barrier_abs_error,0.0,0.181,1000
learned_equal,6,barrier_abs_error,0.0,0.182,1000
learned_equal,6,barrier_abs_error,0.0,0.183,1000
learned_equal,6,barrier_abs_error,0.0,0.184,1000
learned_equal,6,barrier_abs_error,0.0,0.185,1000
learned_equal,6,barrier_abs_error,0.0,0.186,1000
learned_equal,6,barrier_abs_error,0.0,0.187,1000
learned_equal,6,barrier_abs_error,0.0,0.188,1000
learned_equal,6,barrier_abs_error,0.0,0.189,1000
learned_equal,6,barrier_abs_error,0.0,0.19,1000
learned_equal,6,barrier_abs_error,0.0,0.191,1000
learned_equal,6,barrier_abs_error,0.0,0.192,1000
learned_equal,6,barrier_abs_error,0.0,0.193,1000
learned_equal,6,barrier_abs_error,0.0,0.194,1000
learned_equal,6,barrier_abs_error,0.0,0.195,1000
learned_equal,6,barrier_abs_error,0.0,0.196,1000
learned_equal,6,barrier_abs_error,0.0,0.197,1000
learned_equal,6,barrier_abs_error,0.0,0.198,1000
learned_equal,6,barrier_abs_error,0.0,0.199,1000
learned_equal,6,barrier_abs_error,0.0,0.2,1000
learned_equal,6,barrier_abs_error,0.0,0.201,1000
learned_equal,6,barrier_abs_error,0.0,0.202,1000
learned_equal,6,barrier_abs_error,0.0,0.203,1000
learned_equal,6,barrier_abs_error,0.0,0.204,1000
learned_equal,6,barrier_abs_error,0.0,0.205,1000
learned_equal,6,barrier_abs_error,0.0,0.206,1000
learned_equal,6,barrier_abs_error,0.0,0.207,1000
learned_equal,6,barrier_abs_error,0.0,0.208,1000
learned_equal,6,barrier_abs_error,0.0,0.209,1000
learned_equal,6,barrier_abs_error,0.0,0.21,1000
learned_equal,6,barrier_abs_error,0.0,0.211,1000
learned_equal,6,barrier_abs_error,0.0,0.212,1000
learned_equal,6,barrier_abs_error,0.0,0.213,1000
learned_equal,6,barrier_abs_error,0.0,0.214,1000
learned_equal,6,barrier_abs_error,0.0,0.215,1000
learned_equal,6,barrier_abs_error,0.0,0.216,1000
learned_equal,6,barrier_abs_error,0.0,0.217,1000
learned_equal,6,barrier_abs_error,0.0,0.218,1000
learned_equal,6,barrier_abs_error,0.0,0.219,1000
learned_equal,6,barrier_abs_error,0.0,0.22,1000
learned_equal,6,barrier_abs_error,0.0,0.221,1000
learned_equal,6,barrier_abs_error,0.0,0.222,1000
learned_equal,6,barrier_abs_error,0.0,0.223,1000
learned_equal,6,barrier_abs_error,0.0,0.224,1000
learned_equal,6,barrier_abs_error,0.0,0.225,1000
learned_equal,6,barrier_abs_error,0.0,0.226,1000
learned_equal,6,barrier_abs_error,0.0,0.227,1000
learned_equal,6,barrier_abs_error,0.0,0.228,1000
learned_equal,6,barrier_abs_error,0.0,0.229,1000
learned_equal,6,barrier_abs_error,0.0,0.23,1000
learned_equal,6,barrier_abs_error,0.0,0.231,1000
learned_equal,6,barrier_abs_error,0.0,0.232,1000
learned_equal,6,barrier_abs_error,0.0,0.233,1000
learned_equal,6,barrier_abs_error,0.0,0.234,1000
learned_equal,6,barrier_abs_error,0.0,0.235,1000
learned_equal,6,barrier_abs_error,0.0,0.236,1000
learned_equal,6,barrier_abs_error,0.0,0.237,1000
learned_equal,6,barrier_abs_error,0.0,0.238,1000
learned_equal,6,barrier_abs_error,0.0,0.239,1000
learned_equal,6,barrier_abs_error,0.0,0.24,1000
learned_equal,6,barrier_abs_error,0.0,0.241,1000
learned_equal,6,barrier_abs_error,0.0,0.242,1000
learned_equal,6,barrier_abs_error,0.0,0.243,1000
learned_equal,6,barrier_abs_error,0.0,0.244,1000
learned_equal,6,barrier_abs_error,0.0002434166686526,0.245,1000
learned_equal,6,barrier_abs_error,0.0003763899483999,0.246,1000
learned_equal,6,barrier_abs_error,0.0004513282703939,0.247,1000
learned_equal,6,barrier_abs_error,0.0015396552760691,0.248,1000
learned_equal,6,barrier_abs_error,0.0020578397019521,0.249,1000
learned_equal,6,barrier_abs_error,0.0020954402110771,0.25,1000
learned_equal,6,barrier_abs_error,0.0026502215390973,0.251,1000
learned_equal,6,barrier_abs_error,0.0026778687374591,0.252,1000
learned_equal,6,barrier_abs_error,0.0033262007766694,0.253,1000
learned_equal,6,barrier_abs_error,0.003802366401548,0.254,1000
learned_equal,6,barrier_abs_error,0.0041794870333262,0.255,1000
learned_equal,6,barrier_abs_error,0.0045429637147833,0.256,1000
learned_equal,6,barrier_abs_error,0.0046253348406608,0.257,1000
learned_equal,6,barrier_abs_error,0.0046716716296968,0.258,1000
learned_equal,6,barrier_abs_error,0.004780602436476,0.259,1000
learned_equal,6,barrier_abs_error,0.0048121818564679,0.26,1000
learned_equal,6,barrier_abs_error,0.0055031885240968,0.261,1000
learned_equal,6,barrier_abs_error,0.0055775217354119,0.262,1000
learned_equal,6,barrier_abs_error,0.0071370341288847,0.263,1000
learned_equal,6,barrier_abs_error,0.007200265830928,0.264,1000
learned_equal,6,barrier_abs_error,0.0082904481959178,0.265,1000
learned_equal,6,barrier_abs_error,0.0084251265551067,0.266,1000
learned_equal,6,barrier_abs_error,0.0084537651026597,0.267,1000
learned_equal,6,barrier_abs_error,0.0087505877294091,0.268,1000
learned_equal,6,barrier_abs_error,0.0091891716671987,0.269,1000
learned_equal,6,barrier_abs_error,0.0092066101547718,0.27,1000
learned_equal,6,barrier_abs_error,0.009824862123354,0.271,1000
learned_equal,6,barrier_abs_error,0.0098400452234344,0.272,1000
learned_equal,6,barrier_abs_error,0.010075972928508,0.273,1000
learned_equal,6,barrier_abs_error,0.0100873544164858,0.274,1000
learned_equal,6,barrier_abs_error,0.0115524874354806,0.275,1000
learned_equal,6,barrier_abs_error,0.012168582961773,0.276,1000
learned_equal,6,barrier_abs_error,0.0125565137816074,0.277,1000
learned_equal,6,barrier_abs_error,0.0126073667053461,0.278,1000
learned_equal,6,barrier_abs_error,0.0131757322422387,0.279,1000
learned_equal,6,barrier_abs_error,0.0133593317876075,0.28,1000
learned_equal,6,barrier_abs_error,0.0134901697150482,0.281,1000
learned_equal,6,barrier_abs_error,0.0142856627523926,0.282,1000
learned_equal,6,barrier_abs_error,0.0143640416358419,0.283,1000
learned_equal,6,barrier_abs_error,0.0144757595509439,0.284,1000
learned_equal,6,barrier_abs_error,0.015158466643296,0.285,1000
learned_equal,6,barrier_abs_error,0.01545898946042,0.286,1000
learned_equal,6,barrier_abs_error,0.0155149981899587,0.287,1000
learned_equal,6,barrier_abs_error,0.016419102346493,0.288,1000
learned_equal,6,barrier_abs_error,0.0169098472853796,0.289,1000
learned_equal,6,barrier_abs_error,0.0173679721701205,0.29,1000
learned_equal,6,barrier_abs_error,0.0177631521003602,0.291,1000
learned_equal,6,barrier_abs_error,0.0181861249806907,0.292,1000
learned_equal,6,barrier_abs_error,0.019047347299022,0.293,1000
learned_equal,6,barrier_abs_error,0.0194763341640431,0.294,1000
learned_equal,6,barrier_abs_error,0.0204074511289977,0.295,1000
learned_equal,6,barrier_abs_error,0.0211928901131024,0.296,1000
learned_equal,6,barrier_abs_error,0.0216968567228121,0.297,1000
learned_equal,6,barrier_abs_error,0.0224089490849301,0.298,1000
learned_equal,6,barrier_abs_error,0.023528976972198,0.299,1000
learned_equal,6,barrier_abs_error,0.0237617480983525,0.3,1000
learned_equal,6,barrier_abs_error,0.0238290001250351,0.301,1000
learned_equal,6,barrier_abs_error,0.0253974615966168,0.302,1000
learned_equal,6,barrier_abs_error,0.0257332265384842,0.303,1000
learned_equal,6,barrier_abs_error,0.026840422174807,0.304,1000
learned_equal,6,barrier_abs_error,0.0275486740751631,0.305,1000
learned_equal,6,barrier_abs_error,0.0281380549145566,0.306,1000
learned_equal,6,barrier_abs_error,0.0282025571615074,0.307,1000
learned_equal,6,barrier_abs_error,0.0290638451653624,0.308,1000
learned_equal,6,barrier_abs_error,0.0297088476425351,0.309,1000
learned_equal,6,barrier_abs_error,0.0301743641575038,0.31,1000
learned_equal,6,barrier_abs_error,0.0302009170654109,0.311,1000
learned_equal,6,barrier_abs_error,0.0305272539696623,0.312,1000
learned_equal,6,barrier_abs_error,0.0308389911562994,0.313,1000
learned_equal,6,barrier_abs_error,0.0308545851820554,0.314,1000
learned_equal,6,barrier_abs_error,0.0310472259842957,0.315,1000
learned_equal,6,barrier_abs_error,0.0311153933989167,0.316,1000
learned_equal,6,barrier_abs_error,0.03125,0.317,1000
learned_equal,6,barrier_abs_error,0.0326623575772373,0.318,1000
learned_equal,6,barrier_abs_error,0.0328394030974976,0.319,1000
learned_equal,6,barrier_abs_error,0.0331366796595276,0.32,1000
learned_equal,6,barrier_abs_error,0.0343228801659742,0.321,1000
learned_equal,6,barrier_abs_error,0.0344668801229337,0.322,1000
learned_equal,6,barrier_abs_error,0.0345709899544601,0.323,1000
learned_equal,6,barrier_abs_error,0.0358707828311786,0.324,1000
learned_equal,6,barrier_abs_error,0.0361515874218323,0.325,1000
learned_equal,6,barrier_abs_error,0.0373467719320723,0.326,1000
learned_equal,6,barrier_abs_error,0.0375579630231808,0.327,1000
learned_equal,6,barrier_abs_error,0.037850336886092,0.328,1000
learned_equal,6,barrier_abs_error,0.0381692684986276,0.329,1000
learned_equal,6,barrier_abs_error,0.0389302299949427,0.33,1000
learned_equal,6,barrier_abs_error,0.0402516915226436,0.331,1000
learned_equal,6,barrier_abs_error,0.0404620679351381,0.332,1000
learned_equal,6,barrier_abs_error,0.0407844642499224,0.333,1000
learned_equal,6,barrier_abs_error,0.040826562358494,0.334,1000
learned_equal,6,barrier_abs_error,0.0410544958568266,0.335,1000
learned_equal,6,barrier_abs_error,0.0414209012774531,0.336,1000
learned_equal,6,barrier_abs_error,0.0416976470779264,0.337,1000
learned_equal,6,barrier_abs_error,0.0422522750593739,0.338,1000
learned_equal,6,barrier_abs_error,0.0423911813126665,0.339,1000
learned_equal,6,barrier_abs_error,0.0431950166792134,0.34,1000
learned_equal,6,barrier_abs_error,0.0435257688833097,0.341,1000
learned_equal,6,barrier_abs_error,0.044083271951596,0.342,1000
learned_equal,6,barrier_abs_error,0.0443817921699754,0.343,1000
learned_equal,6,barrier_abs_error,0.0444553742234168,0.344,1000
learned_equal,6,barrier_abs_error,0.0445570701259043,0.345,1000
learned_equal,6,barrier_abs_error,0.045767760977192,0.346,1000
learned_equal,6,barrier_abs_error,0.0458858051257289,0.347,1000
learned_equal,6,barrier_abs_error,0.0460823327996635,0.348,1000
learned_equal,6,barrier_abs_error,0.0465375972715023,0.349,1000
learned_equal,6,barrier_abs_error,0.0476502391001183,0.35,1000
learned_equal,6,barrier_abs_error,0.0477546424722099,0.351,1000
learned_equal,6,barrier_abs_error,0.0490121156787211,0.352,1000
learned_equal,6,barrier_abs_error,0.0492688725095842,0.353,1000
learned_equal,6,barrier_abs_error,0.0496331558351741,0.354,1000
learned_equal,6,barrier_abs_error,0.049653971244802,0.355,1000
learned_equal,6,barrier_abs_error,0.0497927398479447,0.356,1000
learned_equal,6,barrier_abs_error,0.0498236971582475,0.357,1000
learned_equal,6,barrier_abs_error,0.0498582811415531,0.358,1000
learned_equal,6,barrier_abs_error,0.0501811744246394,0.359,1000
learned_equal,6,barrier_abs_error,0.0502059895470701,0.36,1000
learned_equal,6,barrier_abs_error,0.0511577236645415,0.361,1000
learned_equal,6,barrier_abs_error,0.051831047762274,0.362,1000
learned_equal,6,barrier_abs_error,0.0526255696026172,0.363,1000
learned_equal,6,barrier_abs_error,0.0527308283782215,0.364,1000
learned_equal,6,barrier_abs_error,0.053255414456987,0.365,1000
learned_equal,6,barrier_abs_error,0.0550544662509473,0.366,1000
learned_equal,6,barrier_abs_error,0.0557791965417457,0.367,1000
learned_equal,6,barrier_abs_error,0.0563921716890729,0.368,1000
learned_equal,6,barrier_abs_error,0.0570235275942465,0.369,1000
learned_equal,6,barrier_abs_error,0.058683503581939,0.37,1000
learned_equal,6,barrier_abs_error,0.0588832616750059,0.371,1000
learned_equal,6,barrier_abs_error,0.0588947944709108,0.372,1000
learned_equal,6,barrier_abs_error,0.0595758194152544,0.373,1000
learned_equal,6,barrier_abs_error,0.0607815752316494,0.374,1000
learned_equal,6,barrier_abs_error,0.0617113354228386,0.375,1000
learned_equal,6,barrier_abs_error,0.0621355774782359,0.376,1000
learned_equal,6,barrier_abs_error,0.0625,0.377,1000
learned_equal,6,barrier_abs_error,0.0625,0.378,1000
learned_equal,6,barrier_abs_error,0.0625,0.379,1000
learned_equal,6,barrier_abs_error,0.0625,0.38,1000
learned_equal,6,barrier_abs_error,0.0625,0.381,1000
learned_equal,6,barrier_abs_error,0.0625,0.382,1000
learned_equal,6,barrier_abs_error,0.0625,0.383,1000
learned_equal,6,barrier_abs_error,0.0625,0.384,1000
learned_equal,6,barrier_abs_error,0.0625,0.385,1000
learned_equal,6,barrier_abs_error,0.0640255253598525,0.386,1000
learned_equal,6,barrier_abs_error,0.0640681939676071,0.387,1000
learned_equal,6,barrier_abs_error,0.0649315394798577,0.388,1000
learned_equal,6,barrier_abs_error,0.0650203885640614,0.389,1000
learned_equal,6,barrier_abs_error,0.0652989339110456,0.39,1000
learned_equal,6,barrier_abs_error,0.0653416722519324,0.391,1000
learned_equal,6,barrier_abs_error,0.0658048902454595,0.392,1000
learned_equal,6,barrier_abs_error,0.0659881321533575,0.393,1000
learned_equal,6,barrier_abs_error,0.0669304113960649,0.394,1000
learned_equal,6,barrier_abs_error,0.0675813890625276,0.395,1000
learned_equal,6,barrier_abs_error,0.0680528635569626,0.396,1000
learned_equal,6,barrier_abs_error,0.0697033617313316,0.397,1000
learned_equal,6,barrier_abs_error,0.0697614082845268,0.398,1000
learned_equal,6,barrier_abs_error,0.0701801516401587,0.399,1000
learned_equal,6,barrier_abs_error,0.0702232609633153,0.4,1000
learned_equal,6,barrier_abs_error,0.0702639666168853,0.401,1000
learned_equal,6,barrier_abs_error,0.0716013009330103,0.402,1000
learned_equal,6,barrier_abs_error,0.0716326689851867,0.403,1000
learned_equal,6,barrier_abs_error,0.072273345685847,0.404,1000
learned_equal,6,barrier_abs_error,0.0733522650614162,0.405,1000
learned_equal,6,barrier_abs_error,0.0736945578229253,0.406,1000
learned_equal,6,barrier_abs_error,0.0738442249873969,0.407,1000
learned_equal,6,barrier_abs_error,0.0745876887874281,0.408,1000
learned_equal,6,barrier_abs_error,0.0746399104113351,0.409,1000
learned_equal,6,barrier_abs_error,0.076669113434983,0.41,1000
learned_equal,6,barrier_abs_error,0.0768126118898209,0.411,1000
learned_equal,6,barrier_abs_error,0.0785739094216122,0.412,1000
learned_equal,6,barrier_abs_error,0.0786373404184601,0.413,1000
learned_equal,6,barrier_abs_error,0.0808760858285593,0.414,1000
learned_equal,6,barrier_abs_error,0.0818278245907784,0.415,1000
learned_equal,6,barrier_abs_error,0.082260889642411,0.416,1000
learned_equal,6,barrier_abs_error,0.0855918941709221,0.417,1000
learned_equal,6,barrier_abs_error,0.0857016137124198,0.418,1000
learned_equal,6,barrier_abs_error,0.0860503394929672,0.419,1000
learned_equal,6,barrier_abs_error,0.0863703402534867,0.42,1000
learned_equal,6,barrier_abs_error,0.0869633838450427,0.421,1000
learned_equal,6,barrier_abs_error,0.0885006285281946,0.422,1000
learned_equal,6,barrier_abs_error,0.0911331481085682,0.423,1000
learned_equal,6,barrier_abs_error,0.0914044777710998,0.424,1000
learned_equal,6,barrier_abs_error,0.0918496680707887,0.425,1000
learned_equal,6,barrier_abs_error,0.0919252649812847,0.426,1000
learned_equal,6,barrier_abs_error,0.0936922073631798,0.427,1000
learned_equal,6,barrier_abs_error,0.09375,0.428,1000
learned_equal,6,barrier_abs_error,0.09375,0.429,1000
learned_equal,6,barrier_abs_error,0.0962456772069924,0.43,1000
learned_equal,6,barrier_abs_error,0.0968924278537191,0.431,1000
learned_equal,6,barrier_abs_error,0.0970751273457368,0.432,1000
learned_equal,6,barrier_abs_error,0.0971710812001602,0.433,1000
learned_equal,6,barrier_abs_error,0.0973985079999479,0.434,1000
learned_equal,6,barrier_abs_error,0.098679265167398,0.435,1000
learned_equal,6,barrier_abs_error,0.0990094971709512,0.436,1000
learned_equal,6,barrier_abs_error,0.0995928850170191,0.437,1000
learned_equal,6,barrier_abs_error,0.1006023508689253,0.438,1000
learned_equal,6,barrier_abs_error,0.1006976495013702,0.439,1000
learned_equal,6,barrier_abs_error,0.1013060266789875,0.44,1000
learned_equal,6,barrier_abs_error,0.1015272497950263,0.441,1000
learned_equal,6,barrier_abs_error,0.1019236079786942,0.442,1000
learned_equal,6,barrier_abs_error,0.1022125798278006,0.443,1000
learned_equal,6,barrier_abs_error,0.102871166832529,0.444,1000
learned_equal,6,barrier_abs_error,0.103219512762374,0.445,1000
learned_equal,6,barrier_abs_error,0.1036952562722335,0.446,1000
learned_equal,6,barrier_abs_error,0.1049005688744806,0.447,1000
learned_equal,6,barrier_abs_error,0.1049275168312275,0.448,1000
learned_equal,6,barrier_abs_error,0.1053012369994306,0.449,1000
learned_equal,6,barrier_abs_error,0.1058403511054173,0.45,1000
learned_equal,6,barrier_abs_error,0.1068577687331902,0.451,1000
learned_equal,6,barrier_abs_error,0.1072897673191701,0.452,1000
learned_equal,6,barrier_abs_error,0.1079654734395809,0.453,1000
learned_equal,6,barrier_abs_error,0.1095104634924695,0.454,1000
learned_equal,6,barrier_abs_error,0.1098954673921497,0.455,1000
learned_equal,6,barrier_abs_error,0.1107927759251161,0.456,1000
learned_equal,6,barrier_abs_error,0.1120490844831252,0.457,1000
learned_equal,6,barrier_abs_error,0.1131046784033849,0.458,1000
learned_equal,6,barrier_abs_error,0.1143160995486418,0.459,1000
learned_equal,6,barrier_abs_error,0.1150086007890038,0.46,1000
learned_equal,6,barrier_abs_error,0.1152351710027144,0.461,1000
learned_equal,6,barrier_abs_error,0.1152361009899127,0.462,1000
learned_equal,6,barrier_abs_error,0.115656105121416,0.463,1000
learned_equal,6,barrier_abs_error,0.1165752429275608,0.464,1000
learned_equal,6,barrier_abs_error,0.1188447162252819,0.465,1000
learned_equal,6,barrier_abs_error,0.1219226555557377,0.466,1000
learned_equal,6,barrier_abs_error,0.122523659372808,0.467,1000
learned_equal,6,barrier_abs_error,0.1227577144080704,0.468,1000
learned_equal,6,barrier_abs_error,0.1241918752115012,0.469,1000
learned_equal,6,barrier_abs_error,0.1246638619129827,0.47,1000
learned_equal,6,barrier_abs_error,0.125,0.471,1000
learned_equal,6,barrier_abs_error,0.125,0.472,1000
learned_equal,6,barrier_abs_error,0.125,0.473,1000
learned_equal,6,barrier_abs_error,0.1250645864905477,0.474,1000
learned_equal,6,barrier_abs_error,0.1250941608413089,0.475,1000
learned_equal,6,barrier_abs_error,0.1257265804214817,0.476,1000
learned_equal,6,barrier_abs_error,0.125903404806869,0.477,1000
learned_equal,6,barrier_abs_error,0.1259424159550946,0.478,1000
learned_equal,6,barrier_abs_error,0.1261755532876947,0.479,1000
learned_equal,6,barrier_abs_error,0.1262516297672746,0.48,1000
learned_equal,6,barrier_abs_error,0.1262668490800358,0.481,1000
learned_equal,6,barrier_abs_error,0.1264314087108999,0.482,1000
learned_equal,6,barrier_abs_error,0.1284629366068692,0.483,1000
learned_equal,6,barrier_abs_error,0.1287907250917115,0.484,1000
learned_equal,6,barrier_abs_error,0.1292790909074241,0.485,1000
learned_equal,6,barrier_abs_error,0.1319883613307766,0.486,1000
learned_equal,6,barrier_abs_error,0.1321300293430152,0.487,1000
learned_equal,6,barrier_abs_error,0.1329467336231573,0.488,1000
learned_equal,6,barrier_abs_error,0.1331526332996624,0.489,1000
learned_equal,6,barrier_abs_error,0.1334733157279304,0.49,1000
learned_equal,6,barrier_abs_error,0.1337862845044988,0.491,1000
learned_equal,6,barrier_abs_error,0.1339701831568494,0.492,1000
learned_equal,6,barrier_abs_error,0.1348701674925188,0.493,1000
learned_equal,6,barrier_abs_error,0.1362692639570029,0.494,1000
learned_equal,6,barrier_abs_error,0.1371722070788674,0.495,1000
learned_equal,6,barrier_abs_error,0.1373144438207783,0.496,1000
learned_equal,6,barrier_abs_error,0.137511365334312,0.497,1000
learned_equal,6,barrier_abs_error,0.1379668801382303,0.498,1000
learned_equal,6,barrier_abs_error,0.1387055848430769,0.499,1000
learned_equal,6,barrier_abs_error,0.1402373241292265,0.5,1000
learned_equal,6,barrier_abs_error,0.1411876697429974,0.501,1000
learned_equal,6,barrier_abs_error,0.1426010099663299,0.502,1000
learned_equal,6,barrier_abs_error,0.1433084941496964,0.503,1000
learned_equal,6,barrier_abs_error,0.1433209700747877,0.504,1000
learned_equal,6,barrier_abs_error,0.1457583768501251,0.505,1000
learned_equal,6,barrier_abs_error,0.1467418992268925,0.506,1000
learned_equal,6,barrier_abs_error,0.1475518395358488,0.507,1000
learned_equal,6,barrier_abs_error,0.1476607265620142,0.508,1000
learned_equal,6,barrier_abs_error,0.1482339079582519,0.509,1000
learned_equal,6,barrier_abs_error,0.1485091739474571,0.51,1000
learned_equal,6,barrier_abs_error,0.1489703694208728,0.511,1000
learned_equal,6,barrier_abs_error,0.1508636998003645,0.512,1000
learned_equal,6,barrier_abs_error,0.1533814904453319,0.513,1000
learned_equal,6,barrier_abs_error,0.1557288501820135,0.514,1000
learned_equal,6,barrier_abs_error,0.15625,0.515,1000
learned_equal,6,barrier_abs_error,0.15625,0.516,1000
learned_equal,6,barrier_abs_error,0.1593373528715673,0.517,1000
learned_equal,6,barrier_abs_error,0.1600108648289264,0.518,1000
learned_equal,6,barrier_abs_error,0.1604956341474306,0.519,1000
learned_equal,6,barrier_abs_error,0.1607305692220215,0.52,1000
learned_equal,6,barrier_abs_error,0.1619589638397407,0.521,1000
learned_equal,6,barrier_abs_error,0.1623743047789378,0.522,1000
learned_equal,6,barrier_abs_error,0.1625325005964377,0.523,1000
learned_equal,6,barrier_abs_error,0.1629367345468253,0.524,1000
learned_equal,6,barrier_abs_error,0.1657475169647568,0.525,1000
learned_equal,6,barrier_abs_error,0.1663758908847663,0.526,1000
learned_equal,6,barrier_abs_error,0.1668734842785264,0.527,1000
learned_equal,6,barrier_abs_error,0.1685495823037923,0.528,1000
learned_equal,6,barrier_abs_error,0.1693638513227906,0.529,1000
learned_equal,6,barrier_abs_error,0.1696698367093141,0.53,1000
learned_equal,6,barrier_abs_error,0.1701487700862998,0.531,1000
learned_equal,6,barrier_abs_error,0.1706053655958124,0.532,1000
learned_equal,6,barrier_abs_error,0.1713022527155381,0.533,1000
learned_equal,6,barrier_abs_error,0.1724372771834996,0.534,1000
learned_equal,6,barrier_abs_error,0.1749027435168493,0.535,1000
learned_equal,6,barrier_abs_error,0.1754649351546842,0.536,1000
learned_equal,6,barrier_abs_error,0.1762791313555993,0.537,1000
learned_equal,6,barrier_abs_error,0.1787619571816918,0.538,1000
learned_equal,6,barrier_abs_error,0.1788927850932129,0.539,1000
learned_equal,6,barrier_abs_error,0.1798088425422612,0.54,1000
learned_equal,6,barrier_abs_error,0.1810216745033859,0.541,1000
learned_equal,6,barrier_abs_error,0.1816857366605759,0.542,1000
learned_equal,6,barrier_abs_error,0.1826838374288115,0.543,1000
learned_equal,6,barrier_abs_error,0.1831291401813981,0.544,1000
learned_equal,6,barrier_abs_error,0.1836054617962901,0.545,1000
learned_equal,6,barrier_abs_error,0.1840862384195034,0.546,1000
learned_equal,6,barrier_abs_error,0.1851531649099271,0.547,1000
learned_equal,6,barrier_abs_error,0.1862904145173729,0.548,1000
learned_equal,6,barrier_abs_error,0.1866137858212795,0.549,1000
learned_equal,6,barrier_abs_error,0.1867887765922589,0.55,1000
learned_equal,6,barrier_abs_error,0.1872218902992486,0.551,1000
learned_equal,6,barrier_abs_error,0.1875,0.552,1000
learned_equal,6,barrier_abs_error,0.1875,0.553,1000
learned_equal,6,barrier_abs_error,0.1875,0.554,1000
learned_equal,6,barrier_abs_error,0.1875,0.555,1000
learned_equal,6,barrier_abs_error,0.1878210406931906,0.556,1000
learned_equal,6,barrier_abs_error,0.1880753524334801,0.557,1000
learned_equal,6,barrier_abs_error,0.1891844642205526,0.558,1000
learned_equal,6,barrier_abs_error,0.1896512715898133,0.559,1000
learned_equal,6,barrier_abs_error,0.1897340694286384,0.56,1000
learned_equal,6,barrier_abs_error,0.1915212907806518,0.561,1000
learned_equal,6,barrier_abs_error,0.1939944417393349,0.562,1000
learned_equal,6,barrier_abs_error,0.1947035174877349,0.563,1000
learned_equal,6,barrier_abs_error,0.1955024919327961,0.564,1000
learned_equal,6,barrier_abs_error,0.1964060189578074,0.565,1000
learned_equal,6,barrier_abs_error,0.1988181916809388,0.566,1000
learned_equal,6,barrier_abs_error,0.1988365558098088,0.567,1000
learned_equal,6,barrier_abs_error,0.199165449069703,0.568,1000
learned_equal,6,barrier_abs_error,0.199529987029015,0.569,1000
learned_equal,6,barrier_abs_error,0.1996580161043439,0.57,1000
learned_equal,6,barrier_abs_error,0.1999923121084776,0.571,1000
learned_equal,6,barrier_abs_error,0.2003088882736108,0.572,1000
learned_equal,6,barrier_abs_error,0.2023491733424727,0.573,1000
learned_equal,6,barrier_abs_error,0.2051465886109085,0.574,1000
learned_equal,6,barrier_abs_error,0.2064838497700325,0.575,1000
learned_equal,6,barrier_abs_error,0.2069960722993906,0.576,1000
learned_equal,6,barrier_abs_error,0.2070220553115938,0.577,1000
learned_equal,6,barrier_abs_error,0.2079332731909833,0.578,1000
learned_equal,6,barrier_abs_error,0.2086638028085552,0.579,1000
learned_equal,6,barrier_abs_error,0.2105776615210146,0.58,1000
learned_equal,6,barrier_abs_error,0.2111504531786785,0.581,1000
learned_equal,6,barrier_abs_error,0.211466405443371,0.582,1000
learned_equal,6,barrier_abs_error,0.2114845446165141,0.583,1000
learned_equal,6,barrier_abs_error,0.2117527978506572,0.584,1000
learned_equal,6,barrier_abs_error,0.2117827664844682,0.585,1000
learned_equal,6,barrier_abs_error,0.2118349836082509,0.586,1000
learned_equal,6,barrier_abs_error,0.2135906815426196,0.587,1000
learned_equal,6,barrier_abs_error,0.2137034190340063,0.588,1000
learned_equal,6,barrier_abs_error,0.2148440895711516,0.589,1000
learned_equal,6,barrier_abs_error,0.2198463029306356,0.59,1000
learned_equal,6,barrier_abs_error,0.221449367976124,0.591,1000
learned_equal,6,barrier_abs_error,0.2243545312430548,0.592,1000
learned_equal,6,barrier_abs_error,0.2254449287612807,0.593,1000
learned_equal,6,barrier_abs_error,0.2267936313259611,0.594,1000
learned_equal,6,barrier_abs_error,0.2274571064653017,0.595,1000
learned_equal,6,barrier_abs_error,0.228917027920783,0.596,1000
learned_equal,6,barrier_abs_error,0.2291995141661758,0.597,1000
learned_equal,6,barrier_abs_error,0.2303084665571724,0.598,1000
learned_equal,6,barrier_abs_error,0.2306953792756374,0.599,1000
learned_equal,6,barrier_abs_error,0.2316877917122752,0.6,1000
learned_equal,6,barrier_abs_error,0.2324996200079141,0.601,1000
learned_equal,6,barrier_abs_error,0.23360061338259,0.602,1000
learned_equal,6,barrier_abs_error,0.2339528876314318,0.603,1000
learned_equal,6,barrier_abs_error,0.2347526485286328,0.604,1000
learned_equal,6,barrier_abs_error,0.2381184031984746,0.605,1000
learned_equal,6,barrier_abs_error,0.2382131332819597,0.606,1000
learned_equal,6,barrier_abs_error,0.2386539727878975,0.607,1000
learned_equal,6,barrier_abs_error,0.2391626488698808,0.608,1000
learned_equal,6,barrier_abs_error,0.2394546572140603,0.609,1000
learned_equal,6,barrier_abs_error,0.2395448292636697,0.61,1000
learned_equal,6,barrier_abs_error,0.2396243773424231,0.611,1000
learned_equal,6,barrier_abs_error,0.2412037434917664,0.612,1000
learned_equal,6,barrier_abs_error,0.2417777454970124,0.613,1000
learned_equal,6,barrier_abs_error,0.241955065275583,0.614,1000
learned_equal,6,barrier_abs_error,0.2445045072210963,0.615,1000
learned_equal,6,barrier_abs_error,0.2459041845268679,0.616,1000
learned_equal,6,barrier_abs_error,0.2463414486475059,0.617,1000
learned_equal,6,barrier_abs_error,0.2479589498929133,0.618,1000
learned_equal,6,barrier_abs_error,0.2498006955242471,0.619,1000
learned_equal,6,barrier_abs_error,0.25,0.62,1000
learned_equal,6,barrier_abs_error,0.251377129360101,0.621,1000
learned_equal,6,barrier_abs_error,0.2532583985873771,0.622,1000
learned_equal,6,barrier_abs_error,0.2539188064000122,0.623,1000
learned_equal,6,barrier_abs_error,0.2539550289266841,0.624,1000
learned_equal,6,barrier_abs_error,0.2544369224114717,0.625,1000
learned_equal,6,barrier_abs_error,0.2565363222188423,0.626,1000
learned_equal,6,barrier_abs_error,0.2566794828884724,0.627,1000
learned_equal,6,barrier_abs_error,0.2647518624158067,0.628,1000
learned_equal,6,barrier_abs_error,0.2650322783364078,0.629,1000
learned_equal,6,barrier_abs_error,0.2681483378503486,0.63,1000
learned_equal,6,barrier_abs_error,0.2700925434295946,0.631,1000
learned_equal,6,barrier_abs_error,0.2722916127561241,0.632,1000
learned_equal,6,barrier_abs_error,0.2723854548247058,0.633,1000
learned_equal,6,barrier_abs_error,0.2742179665618547,0.634,1000
learned_equal,6,barrier_abs_error,0.2748314496741475,0.635,1000
learned_equal,6,barrier_abs_error,0.275422089068245,0.636,1000
learned_equal,6,barrier_abs_error,0.2797613838454129,0.637,1000
learned_equal,6,barrier_abs_error,0.2802755029919348,0.638,1000
learned_equal,6,barrier_abs_error,0.2832202130877448,0.639,1000
learned_equal,6,barrier_abs_error,0.2837633237120407,0.64,1000
learned_equal,6,barrier_abs_error,0.2880652015718041,0.641,1000
learned_equal,6,barrier_abs_error,0.2882577752296402,0.642,1000
learned_equal,6,barrier_abs_error,0.2892700852488303,0.643,1000
learned_equal,6,barrier_abs_error,0.2893995247804293,0.644,1000
learned_equal,6,barrier_abs_error,0.2922567401966347,0.645,1000
learned_equal,6,barrier_abs_error,0.2930024997378773,0.646,1000
learned_equal,6,barrier_abs_error,0.2932339606458782,0.647,1000
learned_equal,6,barrier_abs_error,0.295733786350608,0.648,1000
learned_equal,6,barrier_abs_error,0.2999639267895588,0.649,1000
learned_equal,6,barrier_abs_error,0.3004856004094698,0.65,1000
learned_equal,6,barrier_abs_error,0.3039215505167583,0.651,1000
learned_equal,6,barrier_abs_error,0.3046057334057588,0.652,1000
learned_equal,6,barrier_abs_error,0.3056648751017103,0.653,1000
learned_equal,6,barrier_abs_error,0.3059758195479567,0.654,1000
learned_equal,6,barrier_abs_error,0.3076100853494845,0.655,1000
learned_equal,6,barrier_abs_error,0.3088298885299902,0.656,1000
learned_equal,6,barrier_abs_error,0.3092126752905821,0.657,1000
learned_equal,6,barrier_abs_error,0.3104613264175153,0.658,1000
learned_equal,6,barrier_abs_error,0.3120491306593731,0.659,1000
learned_equal,6,barrier_abs_error,0.3125626359834292,0.66,1000
learned_equal,6,barrier_abs_error,0.3134674723119577,0.661,1000
learned_equal,6,barrier_abs_error,0.3139862539635869,0.662,1000
learned_equal,6,barrier_abs_error,0.3213127172080341,0.663,1000
learned_equal,6,barrier_abs_error,0.3234733814445434,0.664,1000
learned_equal,6,barrier_abs_error,0.3286610114404311,0.665,1000
learned_equal,6,barrier_abs_error,0.3288763617258432,0.666,1000
learned_equal,6,barrier_abs_error,0.3302121122940775,0.667,1000
learned_equal,6,barrier_abs_error,0.330507239883806,0.668,1000
learned_equal,6,barrier_abs_error,0.3310654025892496,0.669,1000
learned_equal,6,barrier_abs_error,0.3339713929491461,0.67,1000
learned_equal,6,barrier_abs_error,0.3340760632040158,0.671,1000
learned_equal,6,barrier_abs_error,0.3345855770049901,0.672,1000
learned_equal,6,barrier_abs_error,0.3378111494120972,0.673,1000
learned_equal,6,barrier_abs_error,0.3391496334072084,0.674,1000
learned_equal,6,barrier_abs_error,0.3426737879382635,0.675,1000
learned_equal,6,barrier_abs_error,0.3429836606813445,0.676,1000
learned_equal,6,barrier_abs_error,0.3430265131049896,0.677,1000
learned_equal,6,barrier_abs_error,0.3446889428777933,0.678,1000
learned_equal,6,barrier_abs_error,0.349509435170849,0.679,1000
learned_equal,6,barrier_abs_error,0.3517341952937649,0.68,1000
learned_equal,6,barrier_abs_error,0.3520417060032805,0.681,1000
learned_equal,6,barrier_abs_error,0.3566579799640754,0.682,1000
learned_equal,6,barrier_abs_error,0.3571610622146508,0.683,1000
learned_equal,6,barrier_abs_error,0.357294488516573,0.684,1000
learned_equal,6,barrier_abs_error,0.358262052763898,0.685,1000
learned_equal,6,barrier_abs_error,0.3604647108066174,0.686,1000
learned_equal,6,barrier_abs_error,0.3679132795942248,0.687,1000
learned_equal,6,barrier_abs_error,0.3688202916768972,0.688,1000
learned_equal,6,barrier_abs_error,0.3694894308913934,0.689,1000
learned_equal,6,barrier_abs_error,0.3698898350502464,0.69,1000
learned_equal,6,barrier_abs_error,0.3710588788751376,0.691,1000
learned_equal,6,barrier_abs_error,0.3714623371173586,0.692,1000
learned_equal,6,barrier_abs_error,0.373310794642478,0.693,1000
learned_equal,6,barrier_abs_error,0.3736643592278152,0.694,1000
learned_equal,6,barrier_abs_error,0.3738714190133727,0.695,1000
learned_equal,6,barrier_abs_error,0.375205273566138,0.696,1000
learned_equal,6,barrier_abs_error,0.3770295195905646,0.697,1000
learned_equal,6,barrier_abs_error,0.3781620624620014,0.698,1000
learned_equal,6,barrier_abs_error,0.3782203703606583,0.699,1000
learned_equal,6,barrier_abs_error,0.3803919395422532,0.7,1000
learned_equal,6,barrier_abs_error,0.3846767828088069,0.701,1000
learned_equal,6,barrier_abs_error,0.3850847914173734,0.702,1000
learned_equal,6,barrier_abs_error,0.3853679753460817,0.703,1000
learned_equal,6,barrier_abs_error,0.3860052164477956,0.704,1000
learned_equal,6,barrier_abs_error,0.3884127168283733,0.705,1000
learned_equal,6,barrier_abs_error,0.3909078806153143,0.706,1000
learned_equal,6,barrier_abs_error,0.3909142027884078,0.707,1000
learned_equal,6,barrier_abs_error,0.3911681633424777,0.708,1000
learned_equal,6,barrier_abs_error,0.3929951549972372,0.709,1000
learned_equal,6,barrier_abs_error,0.3952360778115462,0.71,1000
learned_equal,6,barrier_abs_error,0.3964281564382759,0.711,1000
learned_equal,6,barrier_abs_error,0.3975292402901473,0.712,1000
learned_equal,6,barrier_abs_error,0.3976717985245981,0.713,1000
learned_equal,6,barrier_abs_error,0.4028480822206184,0.714,1000
learned_equal,6,barrier_abs_error,0.4061085057160793,0.715,1000
learned_equal,6,barrier_abs_error,0.4082696032788888,0.716,1000
learned_equal,6,barrier_abs_error,0.4091777080621241,0.717,1000
learned_equal,6,barrier_abs_error,0.4092382522132389,0.718,1000
learned_equal,6,barrier_abs_error,0.4141034856764551,0.719,1000
learned_equal,6,barrier_abs_error,0.4158209497222991,0.72,1000
learned_equal,6,barrier_abs_error,0.4212942130203814,0.721,1000
learned_equal,6,barrier_abs_error,0.4220388754109372,0.722,1000
learned_equal,6,barrier_abs_error,0.4253039105876226,0.723,1000
learned_equal,6,barrier_abs_error,0.4277982708020502,0.724,1000
learned_equal,6,barrier_abs_error,0.4302548763540716,0.725,1000
learned_equal,6,barrier_abs_error,0.430524373084947,0.726,1000
learned_equal,6,barrier_abs_error,0.431939656544392,0.727,1000
learned_equal,6,barrier_abs_error,0.4343159831356207,0.728,1000
learned_equal,6,barrier_abs_error,0.4350995456367705,0.729,1000
learned_equal,6,barrier_abs_error,0.4353987513579298,0.73,1000
learned_equal,6,barrier_abs_error,0.4364513056930654,0.731,1000
learned_equal,6,barrier_abs_error,0.4371958031104093,0.732,1000
learned_equal,6,barrier_abs_error,0.4375,0.733,1000
learned_equal,6,barrier_abs_error,0.4388842735341303,0.734,1000
learned_equal,6,barrier_abs_error,0.4402943757812352,0.735,1000
learned_equal,6,barrier_abs_error,0.4408081617419235,0.736,1000
learned_equal,6,barrier_abs_error,0.4415799486651304,0.737,1000
learned_equal,6,barrier_abs_error,0.4453995276009657,0.738,1000
learned_equal,6,barrier_abs_error,0.4462708421987038,0.739,1000
learned_equal,6,barrier_abs_error,0.4476682848191755,0.74,1000
learned_equal,6,barrier_abs_error,0.448380211297815,0.741,1000
learned_equal,6,barrier_abs_error,0.4492855522502541,0.742,1000
learned_equal,6,barrier_abs_error,0.4554700184671247,0.743,1000
learned_equal,6,barrier_abs_error,0.4573470183838433,0.744,1000
learned_equal,6,barrier_abs_error,0.4594111408902721,0.745,1000
learned_equal,6,barrier_abs_error,0.4632760398615527,0.746,1000
learned_equal,6,barrier_abs_error,0.4637938521422136,0.747,1000
learned_equal,6,barrier_abs_error,0.4664595938378388,0.748,1000
learned_equal,6,barrier_abs_error,0.4665428220884156,0.749,1000
learned_equal,6,barrier_abs_error,0.4670062501301313,0.75,1000
learned_equal,6,barrier_abs_error,0.4674291248859887,0.751,1000
learned_equal,6,barrier_abs_error,0.4676956879087726,0.752,1000
learned_equal,6,barrier_abs_error,0.4685227810095451,0.753,1000
learned_equal,6,barrier_abs_error,0.4700798917565674,0.754,1000
learned_equal,6,barrier_abs_error,0.4703054198031644,0.755,1000
learned_equal,6,barrier_abs_error,0.4707522094456267,0.756,1000
learned_equal,6,barrier_abs_error,0.4717315367214585,0.757,1000
learned_equal,6,barrier_abs_error,0.4754473386921187,0.758,1000
learned_equal,6,barrier_abs_error,0.4773001427753627,0.759,1000
learned_equal,6,barrier_abs_error,0.4782793331093242,0.76,1000
learned_equal,6,barrier_abs_error,0.4798380282035488,0.761,1000
learned_equal,6,barrier_abs_error,0.481607356971601,0.762,1000
learned_equal,6,barrier_abs_error,0.4821343358086922,0.763,1000
learned_equal,6,barrier_abs_error,0.4833924994223766,0.764,1000
learned_equal,6,barrier_abs_error,0.4859711277376224,0.765,1000
learned_equal,6,barrier_abs_error,0.4864199970421019,0.766,1000
learned_equal,6,barrier_abs_error,0.4867723716850376,0.767,1000
learned_equal,6,barrier_abs_error,0.4932852390146927,0.768,1000
learned_equal,6,barrier_abs_error,0.5,0.769,1000
learned_equal,6,barrier_abs_error,0.5020062922207655,0.77,1000
learned_equal,6,barrier_abs_error,0.5021104051714644,0.771,1000
learned_equal,6,barrier_abs_error,0.5023138805581056,0.772,1000
learned_equal,6,barrier_abs_error,0.5150683631278037,0.773,1000
learned_equal,6,barrier_abs_error,0.5164072395961092,0.774,1000
learned_equal,6,barrier_abs_error,0.5169454584628808,0.775,1000
learned_equal,6,barrier_abs_error,0.5189103346136932,0.776,1000
learned_equal,6,barrier_abs_error,0.51977707616718,0.777,1000
learned_equal,6,barrier_abs_error,0.5198016353555701,0.778,1000
learned_equal,6,barrier_abs_error,0.5205191153669642,0.779,1000
learned_equal,6,barrier_abs_error,0.5208216174549776,0.78,1000
learned_equal,6,barrier_abs_error,0.5262071817459599,0.781,1000
learned_equal,6,barrier_abs_error,0.52736560685452,0.782,1000
learned_equal,6,barrier_abs_error,0.5286764420596022,0.783,1000
learned_equal,6,barrier_abs_error,0.5301136159254831,0.784,1000
learned_equal,6,barrier_abs_error,0.5303905606251931,0.785,1000
learned_equal,6,barrier_abs_error,0.5309935496677776,0.786,1000
learned_equal,6,barrier_abs_error,0.5335865350310911,0.787,1000
learned_equal,6,barrier_abs_error,0.5362944479241598,0.788,1000
learned_equal,6,barrier_abs_error,0.5364762561025209,0.789,1000
learned_equal,6,barrier_abs_error,0.5380611531006423,0.79,1000
learned_equal,6,barrier_abs_error,0.5403255965257543,0.791,1000
learned_equal,6,barrier_abs_error,0.5403487101325855,0.792,1000
learned_equal,6,barrier_abs_error,0.5411935833755663,0.793,1000
learned_equal,6,barrier_abs_error,0.5441403133283593,0.794,1000
learned_equal,6,barrier_abs_error,0.5449399504062189,0.795,1000
learned_equal,6,barrier_abs_error,0.5483812753357178,0.796,1000
learned_equal,6,barrier_abs_error,0.5544061893828456,0.797,1000
learned_equal,6,barrier_abs_error,0.5546979585377905,0.798,1000
learned_equal,6,barrier_abs_error,0.557270945706839,0.799,1000
learned_equal,6,barrier_abs_error,0.5615853730398364,0.8,1000
learned_equal,6,barrier_abs_error,0.5636751089358603,0.801,1000
learned_equal,6,barrier_abs_error,0.5678783263035534,0.802,1000
learned_equal,6,barrier_abs_error,0.5684835468103806,0.803,1000
learned_equal,6,barrier_abs_error,0.5696694771131767,0.804,1000
learned_equal,6,barrier_abs_error,0.5706634091371079,0.805,1000
learned_equal,6,barrier_abs_error,0.5709242533168748,0.806,1000
learned_equal,6,barrier_abs_error,0.571963430974197,0.807,1000
learned_equal,6,barrier_abs_error,0.575699233627331,0.808,1000
learned_equal,6,barrier_abs_error,0.575714511529231,0.809,1000
learned_equal,6,barrier_abs_error,0.5784330833033762,0.81,1000
learned_equal,6,barrier_abs_error,0.5808547492593217,0.811,1000
learned_equal,6,barrier_abs_error,0.58193534324392,0.812,1000
learned_equal,6,barrier_abs_error,0.5825756169184713,0.813,1000
learned_equal,6,barrier_abs_error,0.582724057320501,0.814,1000
learned_equal,6,barrier_abs_error,0.5848959666904143,0.815,1000
learned_equal,6,barrier_abs_error,0.5917241578326191,0.816,1000
learned_equal,6,barrier_abs_error,0.5936533193256235,0.817,1000
learned_equal,6,barrier_abs_error,0.5945462681382025,0.818,1000
learned_equal,6,barrier_abs_error,0.5955187116790572,0.819,1000
learned_equal,6,barrier_abs_error,0.5974822514456974,0.82,1000
learned_equal,6,barrier_abs_error,0.5990071998635873,0.821,1000
learned_equal,6,barrier_abs_error,0.6002500588172759,0.822,1000
learned_equal,6,barrier_abs_error,0.600787210905108,0.823,1000
learned_equal,6,barrier_abs_error,0.6029585102838393,0.824,1000
learned_equal,6,barrier_abs_error,0.6053337947512922,0.825,1000
learned_equal,6,barrier_abs_error,0.6102388578698656,0.826,1000
learned_equal,6,barrier_abs_error,0.6143706425532338,0.827,1000
learned_equal,6,barrier_abs_error,0.6159667557000521,0.828,1000
learned_equal,6,barrier_abs_error,0.6173783788813285,0.829,1000
learned_equal,6,barrier_abs_error,0.6212664467141664,0.83,1000
learned_equal,6,barrier_abs_error,0.6232517116549516,0.831,1000
learned_equal,6,barrier_abs_error,0.6311155839557676,0.832,1000
learned_equal,6,barrier_abs_error,0.6340159330042354,0.833,1000
learned_equal,6,barrier_abs_error,0.6349598343996803,0.834,1000
learned_equal,6,barrier_abs_error,0.6372594039374881,0.835,1000
learned_equal,6,barrier_abs_error,0.6448016979081674,0.836,1000
learned_equal,6,barrier_abs_error,0.6467289794881772,0.837,1000
learned_equal,6,barrier_abs_error,0.6519053350028372,0.838,1000
learned_equal,6,barrier_abs_error,0.6610634590433238,0.839,1000
learned_equal,6,barrier_abs_error,0.6614956940278791,0.84,1000
learned_equal,6,barrier_abs_error,0.6630237484051431,0.841,1000
learned_equal,6,barrier_abs_error,0.6634820721529078,0.842,1000
learned_equal,6,barrier_abs_error,0.6670360858172408,0.843,1000
learned_equal,6,barrier_abs_error,0.6677122060665859,0.844,1000
learned_equal,6,barrier_abs_error,0.6677905351919193,0.845,1000
learned_equal,6,barrier_abs_error,0.6690849060639081,0.846,1000
learned_equal,6,barrier_abs_error,0.6754848302349092,0.847,1000
learned_equal,6,barrier_abs_error,0.6791374748824524,0.848,1000
learned_equal,6,barrier_abs_error,0.6795306492298945,0.849,1000
learned_equal,6,barrier_abs_error,0.6805731760303182,0.85,1000
learned_equal,6,barrier_abs_error,0.6858661710017486,0.851,1000
learned_equal,6,barrier_abs_error,0.6878130171400727,0.852,1000
learned_equal,6,barrier_abs_error,0.6941072861054076,0.853,1000
learned_equal,6,barrier_abs_error,0.6970147710069545,0.854,1000
learned_equal,6,barrier_abs_error,0.7013106355747194,0.855,1000
learned_equal,6,barrier_abs_error,0.7025794437459272,0.856,1000
learned_equal,6,barrier_abs_error,0.7105249988985669,0.857,1000
learned_equal,6,barrier_abs_error,0.7195866551806667,0.858,1000
learned_equal,6,barrier_abs_error,0.7210797028657705,0.859,1000
learned_equal,6,barrier_abs_error,0.7280846581413067,0.86,1000
learned_equal,6,barrier_abs_error,0.7305698310301878,0.861,1000
learned_equal,6,barrier_abs_error,0.735584144969101,0.862,1000
learned_equal,6,barrier_abs_error,0.73810580611093,0.863,1000
learned_equal,6,barrier_abs_error,0.7398433365610497,0.864,1000
learned_equal,6,barrier_abs_error,0.7464635820477428,0.865,1000
learned_equal,6,barrier_abs_error,0.7485932285250225,0.866,1000
learned_equal,6,barrier_abs_error,0.7494302159293884,0.867,1000
learned_equal,6,barrier_abs_error,0.753866758254933,0.868,1000
learned_equal,6,barrier_abs_error,0.7550292998435593,0.869,1000
learned_equal,6,barrier_abs_error,0.7556119768591962,0.87,1000
learned_equal,6,barrier_abs_error,0.7588585206524847,0.871,1000
learned_equal,6,barrier_abs_error,0.7615155611806887,0.872,1000
learned_equal,6,barrier_abs_error,0.7640720636129998,0.873,1000
learned_equal,6,barrier_abs_error,0.7708712859350904,0.874,1000
learned_equal,6,barrier_abs_error,0.773381795547361,0.875,1000
learned_equal,6,barrier_abs_error,0.7764812114571882,0.876,1000
learned_equal,6,barrier_abs_error,0.7859534467271185,0.877,1000
learned_equal,6,barrier_abs_error,0.7862111540833254,0.878,1000
learned_equal,6,barrier_abs_error,0.7918220038616957,0.879,1000
learned_equal,6,barrier_abs_error,0.7926447298689556,0.88,1000
learned_equal,6,barrier_abs_error,0.8029157507843134,0.881,1000
learned_equal,6,barrier_abs_error,0.8088310693258052,0.882,1000
learned_equal,6,barrier_abs_error,0.8091155790083144,0.883,1000
learned_equal,6,barrier_abs_error,0.812633619660172,0.884,1000
learned_equal,6,barrier_abs_error,0.8257427057083717,0.885,1000
learned_equal,6,barrier_abs_error,0.8300568761048117,0.886,1000
learned_equal,6,barrier_abs_error,0.8327952319575229,0.887,1000
learned_equal,6,barrier_abs_error,0.8340153135684325,0.888,1000
learned_equal,6,barrier_abs_error,0.8467444014125509,0.889,1000
learned_equal,6,barrier_abs_error,0.8509316096997477,0.89,1000
learned_equal,6,barrier_abs_error,0.858088822694663,0.891,1000
learned_equal,6,barrier_abs_error,0.8625245843129825,0.892,1000
learned_equal,6,barrier_abs_error,0.867215838500182,0.893,1000
learned_equal,6,barrier_abs_error,0.885923643398733,0.894,1000
learned_equal,6,barrier_abs_error,0.8912832233531383,0.895,1000
learned_equal,6,barrier_abs_error,0.8938451683949626,0.896,1000
learned_equal,6,barrier_abs_error,0.8974832756295399,0.897,1000
learned_equal,6,barrier_abs_error,0.9040842572172424,0.898,1000
learned_equal,6,barrier_abs_error,0.9051056742660536,0.899,1000
learned_equal,6,barrier_abs_error,0.9138711435527008,0.9,1000
learned_equal,6,barrier_abs_error,0.9149173310119516,0.901,1000
learned_equal,6,barrier_abs_error,0.9193142530304526,0.902,1000
learned_equal,6,barrier_abs_error,0.9209341207046844,0.903,1000
learned_equal,6,barrier_abs_error,0.9310660986582916,0.904,1000
learned_equal,6,barrier_abs_error,0.9426655788758308,0.905,1000
learned_equal,6,barrier_abs_error,0.9520002305837084,0.906,1000
learned_equal,6,barrier_abs_error,0.9537036766337276,0.907,1000
learned_equal,6,barrier_abs_error,0.9765357876673484,0.908,1000
learned_equal,6,barrier_abs_error,0.9768380002884348,0.909,1000
learned_equal,6,barrier_abs_error,0.98033731123399,0.91,1000
learned_equal,6,barrier_abs_error,0.9821592089409714,0.911,1000
learned_equal,6,barrier_abs_error,0.987260838617308,0.912,1000
learned_equal,6,barrier_abs_error,1.0301853275874286,0.913,1000
learned_equal,6,barrier_abs_error,1.0342864783629242,0.914,1000
learned_equal,6,barrier_abs_error,1.0434429964752638,0.915,1000
learned_equal,6,barrier_abs_error,1.0440542612611097,0.916,1000
learned_equal,6,barrier_abs_error,1.044497188794688,0.917,1000
learned_equal,6,barrier_abs_error,1.044863837537914,0.918,1000
learned_equal,6,barrier_abs_error,1.0512396701811308,0.919,1000
learned_equal,6,barrier_abs_error,1.061940212326137,0.92,1000
learned_equal,6,barrier_abs_error,1.0638259490235376,0.921,1000
learned_equal,6,barrier_abs_error,1.0668620078111122,0.922,1000
learned_equal,6,barrier_abs_error,1.086782591675853,0.923,1000
learned_equal,6,barrier_abs_error,1.091061856543014,0.924,1000
learned_equal,6,barrier_abs_error,1.1040244593752977,0.925,1000
learned_equal,6,barrier_abs_error,1.1291150270115544,0.926,1000
learned_equal,6,barrier_abs_error,1.1392021567909358,0.927,1000
learned_equal,6,barrier_abs_error,1.147779432779684,0.928,1000
learned_equal,6,barrier_abs_error,1.1540265323522725,0.929,1000
learned_equal,6,barrier_abs_error,1.187501828930639,0.93,1000
learned_equal,6,barrier_abs_error,1.188020339501751,0.931,1000
learned_equal,6,barrier_abs_error,1.1909719316184582,0.932,1000
learned_equal,6,barrier_abs_error,1.191267089475165,0.933,1000
learned_equal,6,barrier_abs_error,1.2054008561824574,0.934,1000
learned_equal,6,barrier_abs_error,1.2094904821313008,0.935,1000
learned_equal,6,barrier_abs_error,1.215852983149965,0.936,1000
learned_equal,6,barrier_abs_error,1.2160832795589194,0.937,1000
learned_equal,6,barrier_abs_error,1.219950894321725,0.938,1000
learned_equal,6,barrier_abs_error,1.225688079542536,0.939,1000
learned_equal,6,barrier_abs_error,1.2607667179058415,0.94,1000
learned_equal,6,barrier_abs_error,1.300848614495992,0.941,1000
learned_equal,6,barrier_abs_error,1.307790189510749,0.942,1000
learned_equal,6,barrier_abs_error,1.3268881063733993,0.943,1000
learned_equal,6,barrier_abs_error,1.3598369426399677,0.944,1000
learned_equal,6,barrier_abs_error,1.3880425918022077,0.945,1000
learned_equal,6,barrier_abs_error,1.413015865337723,0.946,1000
learned_equal,6,barrier_abs_error,1.4243949386516608,0.947,1000
learned_equal,6,barrier_abs_error,1.4434242091111091,0.948,1000
learned_equal,6,barrier_abs_error,1.4581383054342636,0.949,1000
learned_equal,6,barrier_abs_error,1.4682484410538097,0.95,1000
learned_equal,6,barrier_abs_error,1.498328725907184,0.951,1000
learned_equal,6,barrier_abs_error,1.51083650773751,0.952,1000
learned_equal,6,barrier_abs_error,1.5454267668047963,0.953,1000
learned_equal,6,barrier_abs_error,1.5774617934434665,0.954,1000
learned_equal,6,barrier_abs_error,1.5910777681034762,0.955,1000
learned_equal,6,barrier_abs_error,1.6293610656267798,0.956,1000
learned_equal,6,barrier_abs_error,1.6369237477312597,0.957,1000
learned_equal,6,barrier_abs_error,1.6533218750196816,0.958,1000
learned_equal,6,barrier_abs_error,1.6582942015252122,0.959,1000
learned_equal,6,barrier_abs_error,1.7143637461150498,0.96,1000
learned_equal,6,barrier_abs_error,1.7438638478790691,0.961,1000
learned_equal,6,barrier_abs_error,1.754666463739241,0.962,1000
learned_equal,6,barrier_abs_error,1.7685485909534115,0.963,1000
learned_equal,6,barrier_abs_error,1.7941662322478429,0.964,1000
learned_equal,6,barrier_abs_error,1.8091965203617888,0.965,1000
learned_equal,6,barrier_abs_error,1.861429789358457,0.966,1000
learned_equal,6,barrier_abs_error,1.884042033605783,0.967,1000
learned_equal,6,barrier_abs_error,1.8989544528344704,0.968,1000
learned_equal,6,barrier_abs_error,1.922313728717228,0.969,1000
learned_equal,6,barrier_abs_error,1.925764042286886,0.97,1000
learned_equal,6,barrier_abs_error,1.957422550950204,0.971,1000
learned_equal,6,barrier_abs_error,1.9813009268809871,0.972,1000
learned_equal,6,barrier_abs_error,2.0,0.973,1000
learned_equal,6,barrier_abs_error,2.209870094248883,0.974,1000
learned_equal,6,barrier_abs_error,2.284541374866558,0.975,1000
learned_equal,6,barrier_abs_error,2.3161952831416315,0.976,1000
learned_equal,6,barrier_abs_error,2.350931824860861,0.977,1000
learned_equal,6,barrier_abs_error,2.39152821105697,0.978,1000
learned_equal,6,barrier_abs_error,2.47506468506414,0.979,1000
learned_equal,6,barrier_abs_error,2.5255111337542644,0.98,1000
learned_equal,6,barrier_abs_error,2.543394427615582,0.981,1000
learned_equal,6,barrier_abs_error,2.6736582056870617,0.982,1000
learned_equal,6,barrier_abs_error,2.7118872580615765,0.983,1000
learned_equal,6,barrier_abs_error,2.8964923734862467,0.984,1000
learned_equal,6,barrier_abs_error,3.0218072885598843,0.985,1000
learned_equal,6,barrier_abs_error,3.076451420785041,0.986,1000
learned_equal,6,barrier_abs_error,3.1266354331624804,0.987,1000
learned_equal,6,barrier_abs_error,3.5376398659067725,0.988,1000
learned_equal,6,barrier_abs_error,3.733811789628959,0.989,1000
learned_equal,6,barrier_abs_error,3.877425170403248,0.99,1000
learned_equal,6,barrier_abs_error,3.9160471841113136,0.991,1000
learned_equal,6,barrier_abs_error,3.9598295182023815,0.992,1000
learned_equal,6,barrier_abs_error,4.231508399116166,0.993,1000
learned_equal,6,barrier_abs_error,4.420333719791053,0.994,1000
learned_equal,6,barrier_abs_error,4.935635674813284,0.995,1000
learned_equal,6,barrier_abs_error,5.879641594102804,0.996,1000
learned_equal,6,barrier_abs_error,5.94777665140213,0.997,1000
learned_equal,6,barrier_abs_error,6.145640152640777,0.998,1000
learned_equal,6,barrier_abs_error,9.970679160609464,0.999,1000
learned_equal,6,barrier_abs_error,26.84134317424237,1.0,1000
