population,profile,molecule,candidate_count,target_barrier_kcal_mol,central_bond_class,torsion_element_sequence,canonical_smiles,heavy_atom_count,heteroatom_count,formal_charge,formal_charge_class,ring_count,ring_class,rotatable_bond_count,max_whole_similarity,min_torsion_descriptor_distance,whole_similarity_quartile,torsion_descriptor_distance_quartile,heavy_atom_quartile
confirmation,0000b1b53aa25ebb852d232f1d64c6b9,[C:1]([O:2][C:3](=[O:4])[c:5]1[c:6]([H:9])[c:8]2[c:10]([H:13])[c:12]([H:15])[c:14]([H:17])[n:16][n:11]2[n:7]1)([H:18])([H:19])[H:20],24,5.75,C-C,O-C-C-N,COC(=O)c1cc2cccnn2n1,13,5,0,neutral,2,ring_containing,1,0.32608695652173914,0.2092598403580028,whole_similarity_Q3,torsion_distance_Q2,heavy_atoms_Q1
confirmation,00024eb0a7315271bbd5fcbe158bb077,[C:1]([c:2]1[o:3][n:5][c:6]([C:7]([H:22])([H:23])[H:24])[c:4]1[C:8]([n:9]1[c:12]([H:15])[c:14]([Cl:16])[c:17]([C:18]([H:25])([H:26])[H:27])[n:13]1)([H:10])[H:11])([H:19])([H:20])[H:21],24,2.75,C-N,C-C-N-C,Cc1nn(Cc2c(C)noc2C)cc1Cl,15,5,0,neutral,2,ring_containing,2,0.2553191489361702,0.32044402950661766,whole_similarity_Q2,torsion_distance_Q3,heavy_atoms_Q2
confirmation,00040bc22cc851d0b779664beba4d458,[C:1]([C:2]1=[N+:3]([O-:4])[C:5]([H:13])([H:14])[N:6]([C:7]([H:15])([H:16])[H:17])[C:8]1([C:9]([H:19])([H:20])[H:21])[H:18])([H:10])([H:11])[H:12],13,18.125,C-N,C-C-N-C,CC1=[N+]([O-])CN(C)C1C,9,3,0,neutral,1,ring_containing,0,0.20512820512820512,0.2982899564303062,whole_similarity_Q1,torsion_distance_Q3,heavy_atoms_Q1
confirmation,00048c3f690c5eb185a534722fd28936,[O:1]=[C:2]1[C:3]([H:12])([H:13])[C:4]([C:5]([F:6])([F:7])[F:8])([H:14])[C:9]([H:15])([H:16])[C:10]([H:17])([H:18])[N:11]1[H:19],24,5.1875,C-C,C-C-C-F,O=C1CC(C(F)(F)F)CCN1,11,5,0,neutral,1,ring_containing,0,0.24444444444444444,0.4300846226915048,whole_similarity_Q1,torsion_distance_Q4,heavy_atoms_Q1
confirmation,00049f28556454e0af271c23c14e4823,[C:1]([c:2]1[c:3]([H:12])[c:4]([H:13])[c:5]([F:6])[n:7][n+:8]1[H:14])([H:9])([H:10])[H:11],21,19.796875,C-N,C-C-N-N,Cc1ccc(F)n[nH+]1,8,3,1,positive,1,ring_containing,0,0.29411764705882354,0.48412465232530194,whole_similarity_Q2,torsion_distance_Q4,heavy_atoms_Q1
confirmation,0005605302985b1fbce1310fe96918a6,[C:1]([c:2]1[c:3]([H:5])[c:6]([H:7])[c:8]2[c:9]([c:4]1[H:12])[C:11]([H:32])([H:33])[C:13]([H:34])([H:35])[N:10]2[C:14](=[O:15])[N:16]([c:17]1[c:19]([H:21])[c:22]([H:23])[c:24]([Cl:25])[c:26]([H:27])[c:20]1[H:28])[H:18])([H:29])([H:30])[H:31],24,6.6875,C-N,N-C-N-C,Cc1ccc2c(c1)CCN2C(=O)Nc1ccc(Cl)cc1,20,4,0,neutral,3,ring_containing,1,0.32,0.22167781617349744,whole_similarity_Q3,torsion_distance_Q2,heavy_atoms_Q4
confirmation,000560acfaa9505c9328cad8a7a369b1,[C:1]([c:2]1[c:3]([H:26])[c:4]([C:5](=[O:6])[N:7]2[C:8]([H:27])([H:28])[c:9]3[c:10]([H:29])[c:11]([H:30])[c:12]([H:31])[c:13]([H:32])[c:14]3[O:15][C:16]([F:17])([F:18])[C:19]2([H:33])[H:34])[n:20][c:21]([H:35])[n:22]1)([H:23])([H:24])[H:25],24,12.0,C-C,C-C-C-O,Cc1cc(C(=O)N2Cc3ccccc3OC(F)(F)C2)ncn1,22,7,0,neutral,3,ring_containing,1,0.5,0.21440863306243751,whole_similarity_Q4,torsion_distance_Q2,heavy_atoms_Q4
confirmation,0005fe60eee251489ef0ee9989a57ce3,[O:1]=[C:2]([C:3]1([H:22])[C:4]([H:23])([H:24])[C:5]([H:25])([H:26])[O:6][C:7]([H:27])([H:28])[C:8]1([H:29])[H:30])[N:9]1[C:10]([H:31])([H:32])[c:11]2[c:12]([H:33])[c:13]([H:34])[c:14]([H:35])[c:15]([H:36])[c:16]2[O:17][C:18]([F:19])([F:20])[C:21]1([H:37])[H:38],24,19.5625,C-N,C-C-N-C,O=C(C1CCOCC1)N1Cc2ccccc2OC(F)(F)C1,21,6,0,neutral,3,ring_containing,1,0.4918032786885246,0.31257638002678895,whole_similarity_Q4,torsion_distance_Q3,heavy_atoms_Q4
confirmation,0007a28739a55e5dbbf1ed7aceeb7286,[C:1]([c:2]1[c:3](-[c:5]2[c:7]([H:9])[c:10]([H:11])[c:12]3[n:13][c:15]([H:16])[c:17]([H:18])[c:19]([H:20])[c:14]3[c:8]2[H:21])[c:6]([H:22])[n:23][n:4]1[C:24]([H:28])([H:29])[H:30])([H:25])([H:26])[H:27],24,2.21875,C-C,C-C-C-C,Cc1c(-c2ccc3ncccc3c2)cnn1C,17,3,0,neutral,3,ring_containing,1,0.4375,0.12831897048848764,whole_similarity_Q4,torsion_distance_Q1,heavy_atoms_Q3
confirmation,0007d47500dd5e3083643d2361856ff0,[C:1]([C:2]([C:3]1([C:4](=[O:5])[N:6]([C:7]([H:23])([H:24])[H:25])[C:8]([H:26])([H:27])[H:28])[C:9]([H:29])([H:30])[C:10]([H:31])([H:32])[C:11]([H:33])([H:34])[c:12]2[c:13]([H:35])[c:14]([H:36])[c:15]([H:37])[c:16]([H:38])[c:17]21)([H:21])[H:22])([H:18])([H:19])[H:20],24,8.1875,C-C,C-C-C-C,CCC1(C(=O)N(C)C)CCCc2ccccc21,17,2,0,neutral,2,ring_containing,2,0.3673469387755102,0.10937632274228487,whole_similarity_Q4,torsion_distance_Q1,heavy_atoms_Q3
confirmation,0009f6404d1f5a7db2aa85c2aec8f348,[C:1]([C:2](=[O:3])[N:4]([C:5]([C:7]([H:10])([H:11])[H:12])([c:8]1[c:13]([H:15])[c:16]([Cl:17])[c:18]([H:19])[c:20]([H:21])[n:14]1)[H:9])[H:6])([H:22])([H:23])[H:24],24,8.5,C-N,C-N-C-C,CC(=O)NC(C)c1cc(Cl)ccn1,13,4,0,neutral,1,ring_containing,2,0.3191489361702128,0.315869899727771,whole_similarity_Q3,torsion_distance_Q3,heavy_atoms_Q1
confirmation,000a54660bfd5aaca87e8f64301ef982,[N:1]#[C:2][c:3]1[c:4]([C:6]([H:25])([H:26])[H:27])[c:7]([H:8])[c:9]([H:10])[c:11]([H:12])[c:5]1[S:13][c:14]1[c:15]([H:17])[c:18]([H:19])[c:20]([H:21])[c:22]([H:23])[c:16]1[Cl:24],24,5.625,other_central_bonds,C-C-S-C,Cc1cccc(Sc2ccccc2Cl)c1C#N,17,3,0,neutral,2,ring_containing,2,0.28888888888888886,0.6168209438579321,whole_similarity_Q2,torsion_distance_Q4,heavy_atoms_Q3
confirmation,000a8a21a0df5f9795d5ae7c6f9cca90,[O:1]=[C:2]([N:3]([C:5]([H:28])([H:29])[H:30])[H:6])[C:4]1([H:9])[C:7]2([H:12])[C:10]([H:14])([H:15])[c:13]3[c:16]([H:19])[c:18]([H:21])[c:20]([H:23])[c:22]([H:24])[c:17]3[C:11]2([H:26])[O:25][N:8]1[C:27]([H:31])([H:32])[H:33],24,6.9375,C-C,N-C-C-N,CNC(=O)C1C2Cc3ccccc3C2ON1C,17,4,0,neutral,3,ring_containing,1,0.27586206896551724,0.09500664509868814,whole_similarity_Q2,torsion_distance_Q1,heavy_atoms_Q3
confirmation,000ad2385e7f5c99bb77f761c703af4f,[C:1]([c:2]1[c:3]([H:15])[c:4]([H:16])[c:5]([N+:6]2([H:17])[C:7]([H:18])([H:19])[C:8]([H:20])([H:21])[C:9]2([H:22])[H:23])[c:10]([H:24])[n:11]1)([H:12])([H:13])[H:14],24,1.625,C-N,C-N-C-C,Cc1ccc([NH+]2CCC2)cn1,11,2,1,positive,2,ring_containing,1,0.325,0.15347686860193585,whole_similarity_Q3,torsion_distance_Q1,heavy_atoms_Q1
confirmation,000b0b534a005d9091a8afd6c86fdf29,[C:1]([N+:2]([C:3]([c:4]1[c:5]([H:20])[n:6][c:7]2[c:8]([H:21])[c:9]([H:22])[s:10][c:11]2[c:12]1[H:23])([H:18])[H:19])([H:16])[H:17])([H:13])([H:14])[H:15],24,6.4375,C-C,N-C-C-C,C[NH2+]Cc1cnc2ccsc2c1,12,3,1,positive,2,ring_containing,2,0.23404255319148937,0.22290199923191326,whole_similarity_Q1,torsion_distance_Q2,heavy_atoms_Q1
confirmation,000c408fff0f517484313e700dd741d1,[C:1]([c:2]1[c:3]([H:6])[c:5]([H:8])[c:7](-[c:9]2[c:11]([H:14])[c:13]([H:16])[c:15]([H:18])[c:17]([H:19])[c:12]2[O:20][c:21]2[c:22]([H:25])[c:24]([H:27])[n:26][c:28]([C:29]([H:34])([H:35])[H:36])[n:23]2)[c:10]([H:30])[n:4]1)([H:31])([H:32])[H:33],24,8.25,C-O,C-O-C-N,Cc1ccc(-c2ccccc2Oc2ccnc(C)n2)cn1,21,4,0,neutral,3,ring_containing,3,0.3018867924528302,0.31315860538985213,whole_similarity_Q3,torsion_distance_Q3,heavy_atoms_Q4
confirmation,000e517e9c8952a19404c0ed2e90697a,[N:1]([c:2]1[c:3]([S:4](=[O:5])(=[O:6])[O:7][H:25])[c:8]([H:26])[c:9]([Br:10])[c:11]2[c:12]1[C:13](=[O:14])[c:15]1[c:16]([H:27])[c:17]([H:28])[c:18]([H:29])[c:19]([H:30])[c:20]1[C:21]2=[O:22])([H:23])[H:24],24,7.25,other_central_bonds,C-C-S-O,Nc1c(S(=O)(=O)O)cc(Br)c2c1C(=O)c1ccccc1C2=O,22,8,0,neutral,3,ring_containing,1,0.2222222222222222,1.090756243877405,whole_similarity_Q1,torsion_distance_Q4,heavy_atoms_Q4
confirmation,001022ae7fe95c72a49334c8c66df753,[H:1][C:2]([N:3]([C:6]([H:8])([H:9])[H:10])[c:7]1[c:11]([H:13])[c:14]([H:15])[c:16]2[c:17]3[c:12]1[c:31](=[O:32])[c:22]1[c:21]([n:20]3[n:19][n:18]2)[c:23]([H:24])[c:25]([H:26])[c:27]([C:28]([H:33])([H:34])[H:35])[c:29]1[H:30])([H:4])[H:5],24,5.75,C-N,C-N-C-C,Cc1ccc2c(c1)c(=O)c1c(N(C)C)ccc3nnn2c31,21,5,0,neutral,4,ring_containing,1,0.3103448275862069,0.24838519962537436,whole_similarity_Q3,torsion_distance_Q2,heavy_atoms_Q4
confirmation,00156928eb2952558f3503c193ddfc1d,[C:1]([C:2](=[O:3])[N:4]1[C:5](=[O:6])[O:7][C:8]([c:9]2[c:10]([H:21])[c:11]([H:22])[c:12]([H:23])[c:13]([H:24])[c:14]2[H:25])([H:20])[C:15]1([C:16]([H:27])([H:28])[H:29])[H:26])([H:17])([H:18])[H:19],15,16.375,C-C,N-C-C-C,CC(=O)N1C(=O)OC(c2ccccc2)C1C,16,4,0,neutral,2,ring_containing,1,0.3018867924528302,0.24918857954409274,whole_similarity_Q3,torsion_distance_Q2,heavy_atoms_Q2
confirmation,001587d71a2059408ca7dbb2210567bc,[C:1]([C:2](=[C:3]([C:4]1=[N+:5]([H:16])[O:6][C:7]([C:8]([H:18])([H:19])[H:20])([H:17])[N:9]1[C:10]([H:21])([H:22])[H:23])[H:15])[H:14])([H:11])([H:12])[H:13],14,19.1875,C-N,C-N-C-C,CC=CC1=[NH+]OC(C)N1C,10,3,1,positive,1,ring_containing,1,0.1794871794871795,0.20266057247751096,whole_similarity_Q1,torsion_distance_Q2,heavy_atoms_Q1
confirmation,0015af753654592db3d8acf0b6e6d581,[N:1]#[C:2][c:3]1[c:4]([H:7])[c:6]([H:9])[c:8]([H:11])[c:10]2[n:5]1[c:14]([C:15]([F:16])([F:17])[F:18])[n:13][n:12]2,24,4.40625,C-C,N-C-C-F,N#Cc1cccc2nnc(C(F)(F)F)n12,15,7,0,neutral,2,ring_containing,0,0.21666666666666667,0.7334346503144852,whole_similarity_Q1,torsion_distance_Q4,heavy_atoms_Q2
confirmation,00181c4093dc5ae1859ddf2b7b970f38,[C:1](=[C:2]([C:5]([H:7])([H:8])[H:9])[C:6]1([H:12])[C:10]([H:14])([H:15])[C:13]2([H:18])[C:16]([C:19]([H:47])([H:48])[H:49])=[C:20]([O:21][C:22]([C:23]([H:50])([H:51])[H:52])=[O:24])[C:11]1([H:26])[n:25]1[n:17]2[c:45](=[O:46])[c:31]2[c:29]([c:27]1=[O:28])[c:30]([H:33])[c:32]1[c:34]([H:37])[c:36]([H:39])[c:38]([H:41])[c:40]([H:42])[c:35]1[c:43]2[H:44])([H:3])[H:4],24,24.4375,other_central_bonds,C-N-N-C,C=C(C)C1CC2C(C)=C(OC(C)=O)C1n1c(=O)c3cc4ccccc4cc3c(=O)n12,30,6,0,neutral,6,ring_containing,2,0.23880597014925373,0.2732441427221806,whole_similarity_Q1,torsion_distance_Q3,heavy_atoms_Q4
confirmation,0019a28507b357bba7e8c3e7ed0d06f4,[C:1]([n:2]1[n:3][n:5][c:6]([H:7])[c:4]1[C:8]([N:9]1[C:12](=[O:14])[N:15]([H:16])[C:17]([H:18])([H:19])[C:13]1=[O:20])([H:10])[H:11])([H:21])([H:22])[H:23],24,4.40625,C-C,N-C-C-N,Cn1nncc1CN1C(=O)CNC1=O,14,7,0,neutral,2,ring_containing,2,0.2857142857142857,0.0,whole_similarity_Q2,torsion_distance_Q1,heavy_atoms_Q2
confirmation,001b23a36fa75521bb6c7594d18eecbb,[C:1]([c:2]1[c:3]([C:5]2([H:7])[C:8]([H:10])([H:11])[C:9]2([H:12])[H:13])[n:6]([H:14])[c:15]2[c:4]1[c:22]([H:23])[c:20]([H:21])[c:18]([H:19])[c:16]2[H:17])([H:24])([H:25])[H:26],24,2.46875,C-C,N-C-C-C,Cc1c(C2CC2)[nH]c2ccccc12,13,1,0,neutral,3,ring_containing,1,0.32558139534883723,0.248593287750353,whole_similarity_Q3,torsion_distance_Q2,heavy_atoms_Q1
confirmation,001c104214d85288acda606b0642e443,[O:1]=[c:2]1[c:3]([C:5]([H:28])([H:29])[H:30])[n:6][c:7]([Cl:8])[c:9]([C:10]([H:31])([H:32])[H:33])[n:4]1[C:11]1([H:12])[C:13]([H:15])([H:16])[C:17]([H:18])([H:19])[C:20]([H:21])([H:22])[C:23]([H:24])([H:25])[C:14]1([H:26])[H:27],23,17.6875,C-N,C-N-C-C,Cc1nc(Cl)c(C)n(C2CCCCC2)c1=O,16,4,0,neutral,2,ring_containing,1,0.23404255319148937,0.19001329019737628,whole_similarity_Q1,torsion_distance_Q2,heavy_atoms_Q2
confirmation,001cdf625e605fef9db34fd10a1a3f7f,[N:1](=[S:2]1(=[O:3])[C:4]([H:23])([H:24])[C:5]([H:25])([H:26])[N:6]([C:7](=[O:8])[c:9]2[c:10]([H:27])[c:11]([H:28])[c:12]([H:29])[c:13]([H:30])[c:14]2-[c:15]2[c:16]([H:31])[c:17]([H:32])[n:18][n:19]2[H:33])[C:20]([H:34])([H:35])[C:21]1([H:36])[H:37])[H:22],24,11.75,C-C,O-C-C-C,N=S1(=O)CCN(C(=O)c2ccccc2-c2ccn[nH]2)CC1,21,7,0,neutral,3,ring_containing,2,0.38181818181818183,0.32184943799713683,whole_similarity_Q4,torsion_distance_Q3,heavy_atoms_Q4
confirmation,001d83d2dafa523f915edfc5b9f29cf4,[C:1]([C:2](=[O:3])[N:4]([c:5]1[c:6]([H:21])[c:7]([C:8]([H:22])([H:23])[H:24])[c:9]([H:25])[c:10]([H:26])[c:11]1-[n:12]1[c:13]([H:27])[n:14][c:15]([H:28])[n:16]1)[H:20])([H:17])([H:18])[H:19],24,8.5,C-N,C-C-N-C,CC(=O)Nc1cc(C)ccc1-n1cncn1,16,5,0,neutral,2,ring_containing,2,0.3076923076923077,0.20890367069109955,whole_similarity_Q3,torsion_distance_Q2,heavy_atoms_Q2
confirmation,001e05e5474450d5b8f99395413cf4ab,[C:1]([n:2]1[c:3]([S:5][c:7]2[c:8]([H:10])[c:11]([H:12])[c:13]([Cl:14])[c:15]([H:16])[c:9]2[Cl:17])[n:6][c:18]2[c:4]1[c:24]([H:25])[c:22]([H:23])[n:21][c:19]2[C:20]([H:29])([H:30])[H:31])([H:26])([H:27])[H:28],24,4.625,other_central_bonds,C-S-C-C,Cc1nccc2c1nc(Sc1ccc(Cl)cc1Cl)n2C,20,6,0,neutral,3,ring_containing,2,0.35185185185185186,0.45350595244004516,whole_similarity_Q4,torsion_distance_Q4,heavy_atoms_Q4
confirmation,001ea302a24a5e84b6aa0229911a2022,[N:1]([C:2](=[O:5])[C:6]([c:7]1[c:10]([H:13])[c:12]([H:15])[c:14]([H:17])[c:16]([H:18])[c:11]1[N:19]([H:20])[H:21])([H:8])[H:9])([H:3])[H:4],24,10.0,C-C,C-C-C-C,NC(=O)Cc1ccccc1N,11,3,0,neutral,1,ring_containing,2,0.2857142857142857,0.24580799343056092,whole_similarity_Q2,torsion_distance_Q2,heavy_atoms_Q1
confirmation,001f247b33a1564d8f333dcf475e33da,[O:1]=[C:2]([O:3][H:5])[C:4](=[C:6]([c:8]1[c:10]([C:12]([H:26])([H:27])[H:28])[c:13]([H:14])[c:15]([H:16])[c:17]2[c:11]1[c:24]([H:25])[c:22]([H:23])[c:20]([H:21])[c:18]2[H:19])[H:9])[H:7],24,2.875,C-C,C-C-C-C,Cc1ccc2ccccc2c1C=CC(=O)O,16,2,0,neutral,2,ring_containing,2,0.43243243243243246,0.2313745049455517,whole_similarity_Q4,torsion_distance_Q2,heavy_atoms_Q2
confirmation,001ffa76c3385b3ab18af0688da9c7b3,[C:1]([C:2](=[C:3]([C:4](=[O:5])[c:6]1[c:7]([H:20])[c:8]([H:21])[c:9]([H:22])[c:10]([H:23])[c:11](=[O:12])[c:13]1[O:14][H:24])[H:19])[H:18])([H:15])([H:16])[H:17],24,19.3125,C-C,C-C-C-C,CC=CC(=O)c1ccccc(=O)c1O,14,3,0,neutral,1,ring_containing,2,0.2608695652173913,0.3197053431179107,whole_similarity_Q2,torsion_distance_Q3,heavy_atoms_Q2
confirmation,00210cf9467d570fa2fd4809e5985f43,[C:1]([C:2]1=[C:3]([C:4](=[O:5])[O-:6])[C:7]([H:13])([H:14])[O:8][C:9]1([H:15])[H:16])([H:10])([H:11])[H:12],24,3.875,C-C,O-C-C-C,CC1=C(C(=O)[O-])COC1,9,3,-1,negative,1,ring_containing,1,0.23809523809523808,0.25640770446261746,whole_similarity_Q1,torsion_distance_Q3,heavy_atoms_Q1
confirmation,002264de435a566ba4a82942636e4de4,[C:1]([c:2]1[c:3]([H:5])[c:6]([H:7])[c:8]([C:9]([C:11]2([H:14])[C:15]([H:17])([H:18])[C:19]([H:20])([H:21])[c:22]3[c:23]([H:25])[c:26]([H:27])[c:28]([H:29])[c:30]([H:31])[c:24]3[C:16]2([H:32])[H:33])([H:12])[H:13])[c:10]([H:34])[c:4]1[H:35])([H:36])([H:37])[H:38],24,4.3125,C-C,C-C-C-C,Cc1ccc(CC2CCc3ccccc3C2)cc1,18,0,0,neutral,3,ring_containing,2,0.3333333333333333,0.1598933709664366,whole_similarity_Q3,torsion_distance_Q1,heavy_atoms_Q3
confirmation,0022bbd3119e56d88e6f83f8e6748598,[B-:1]([c:2]1[c:3]([H:15])[c:4]([H:16])[c:5]([H:17])[c:6]([H:18])[c:7]1[O:8][C:9]([C:10](=[C:11]([H:22])[H:23])[H:21])([H:19])[H:20])([F:12])([F:13])[F:14],24,2.9375,other_central_bonds,F-B-C-C,C=CCOc1ccccc1[B-](F)(F)F,14,5,-1,negative,1,ring_containing,4,0.2571428571428571,0.3287631413802348,whole_similarity_Q2,torsion_distance_Q3,heavy_atoms_Q2
confirmation,0022d6f458a4508492499ae83c505363,[C:1]([C:2](=[O:3])[N:4]1[C:5]([H:22])([H:23])[C:6]([H:24])([H:25])[C:7]([H:26])([H:27])[C:8]([N:9]([C:10](=[O:11])[C:12]2([H:30])[C:13]([H:31])([H:32])[C:14]([H:33])([H:34])[C:15]([H:35])([H:36])[C:16]([H:37])([H:38])[C:17]2([H:39])[H:40])[H:29])([H:28])[C:18]1([H:41])[H:42])([H:19])([H:20])[H:21],24,5.65625,C-N,C-C-N-C,CC(=O)N1CCCC(NC(=O)C2CCCCC2)C1,18,4,0,neutral,2,ring_containing,2,0.48,0.25147609053156633,whole_similarity_Q4,torsion_distance_Q3,heavy_atoms_Q3
confirmation,002305dd6ddb56ab808431b708bf07bd,[C:1]([C:2](=[C:3]([C:5](=[N:7][N:9]([C:10](=[O:12])[c:13]1[c:14]([H:17])[c:16]([H:19])[c:18](=[O:20])[n:21]([C:22]([H:27])([H:28])[H:29])[c:15]1[H:23])[H:11])[H:8])[H:6])[H:4])([H:24])([H:25])[H:26],24,9.6875,C-N,N-N-C-O,CC=CC=NNC(=O)c1ccc(=O)n(C)c1,16,5,0,neutral,1,ring_containing,3,0.3018867924528302,0.17049565915002327,whole_similarity_Q3,torsion_distance_Q1,heavy_atoms_Q2
confirmation,0024167f088252c9a8b5db23cdc4f1d6,[C:1]([c:2]1[c:3]([H:19])[c:4]([C:5]([C:6]([N:7]([C:8](=[O:9])[N:10]([C:11]([H:25])([H:26])[H:27])[C:12]([H:28])([H:29])[H:30])[H:24])([H:22])[H:23])([H:20])[H:21])[n:13][c:14]([H:31])[n:15]1)([H:16])([H:17])[H:18],24,10.4375,C-N,O-C-N-C,Cc1cc(CCNC(=O)N(C)C)ncn1,15,5,0,neutral,1,ring_containing,3,0.3,0.2631426032742775,whole_similarity_Q3,torsion_distance_Q3,heavy_atoms_Q2
confirmation,0024432fb88555818c4f91d644b1160d,[C:1]([N:2]([C:3](=[O:5])[N:6]1[C:7]([H:10])([H:11])[C:9]2([H:14])[C:12]([H:16])([H:17])[N:15]([C:18]([H:29])([H:30])[H:31])[C:19]([H:21])([H:22])[C:20]([H:23])([C:8]1([H:24])[H:25])[O:13]2)[H:4])([H:26])([H:27])[H:28],23,16.71875,C-N,O-C-N-C,CNC(=O)N1CC2CN(C)CC(C1)O2,14,5,0,neutral,2,ring_containing,0,0.3409090909090909,0.18446953326486376,whole_similarity_Q3,torsion_distance_Q1,heavy_atoms_Q2
confirmation,0024928a611d5fbbb0b675f503b373e0,[O:1]=[C:2]1[C:3]([H:19])=[C:4]([H:20])[C:5]2([O:6][H:21])[C:7]([H:22])([H:23])[C:8]3=[C:9]([C:10]([H:24])([H:25])[C:11]([H:26])([H:27])[C:12]([H:28])([H:29])[C:13]3([H:30])[H:31])[C:14]([H:32])([H:33])[C:15]([H:34])([H:35])[C:16]2([H:36])[C:17]([H:37])([H:38])[O:18]1,24,15.3125,C-C,C-C-C-C,O=C1C=CC2(O)CC3=C(CCCC3)CCC2CO1,18,3,0,neutral,3,ring_containing,0,0.2413793103448276,0.11737939530587661,whole_similarity_Q1,torsion_distance_Q1,heavy_atoms_Q3
confirmation,0024e8a708a5531ab0cde30aaeba48cc,[H:1][C:2]1([H:3])[C:4]([H:6])=[C:7]([C:8](=[O:10])[O:11][H:12])[C:9]([H:13])([H:14])[C:15]([N:16]([c:18]2[n:20][c:22]([H:23])[c:24]([Br:25])[c:26]([H:27])[c:21]2[C:28]([H:31])([H:32])[H:33])[H:19])([H:17])[C:5]1([H:29])[H:30],24,14.125,C-N,C-N-C-N,Cc1cc(Br)cnc1NC1CCC=C(C(=O)O)C1,18,5,0,neutral,2,ring_containing,3,0.3333333333333333,0.3020329751553943,whole_similarity_Q3,torsion_distance_Q3,heavy_atoms_Q3
confirmation,00259a249bb75acb9e453d8c6d1d3069,[C:1]([c:2]1[c:3]([H:5])[c:6]([O:7][C:9]([C:10]([H:12])([H:13])[H:14])=[O:11])[c:8]2[c:15]([C:17]([H:28])([H:29])[H:30])[c:18]([C:19]([H:31])([H:32])[H:33])[c:20]([C:21]([H:34])([H:35])[H:36])[c:22]([Cl:23])[c:16]2[c:4]1[C:24]([H:37])([H:38])[H:39])([H:25])([H:26])[H:27],24,21.3125,C-O,C-C-O-C,CC(=O)Oc1cc(C)c(C)c2c(Cl)c(C)c(C)c(C)c12,20,3,0,neutral,2,ring_containing,1,0.32558139534883723,0.26784517839509153,whole_similarity_Q3,torsion_distance_Q3,heavy_atoms_Q4
confirmation,00264c0c7ff45296a35a68dae3dda12d,[C:1]([c:2]1[c:3]([H:6])[n:5]([H:8])[c:7]2[c:4]1[c:22]([H:23])[c:19]([F:21])[c:11]([H:20])[c:9]2[C:10](=[C:12]([C:14](=[O:16])[O:17][H:18])[H:15])[H:13])([H:24])([H:25])[H:26],24,5.1875,C-C,C-C-C-C,Cc1c[nH]c2c(C=CC(=O)O)cc(F)cc12,16,4,0,neutral,2,ring_containing,2,0.3137254901960784,0.2027051017717955,whole_similarity_Q3,torsion_distance_Q2,heavy_atoms_Q2
confirmation,0028cc6940b251838e1e29f78dac94a9,[H:1][C:2]([C:3]([C:6](=[O:9])[c:10]1[c:11]([H:13])[c:14]([H:15])[c:16]([Cl:17])[c:18]([Cl:19])[c:12]1[H:20])([n:7]1[c:21]([H:23])[n:24][c:25]2[c:22]1[c:32]([H:33])[c:30]([H:31])[c:28]([H:29])[c:26]2[H:27])[H:8])([H:4])[H:5],24,8.125,C-C,C-C-C-C,CC(C(=O)c1ccc(Cl)c(Cl)c1)n1cnc2ccccc21,21,5,0,neutral,3,ring_containing,3,0.3090909090909091,0.2936815330619445,whole_similarity_Q3,torsion_distance_Q3,heavy_atoms_Q4
confirmation,00297dc1f4475a7ab5e5cf358ecabdbf,[C:1]([c:2]1[c:3]([H:5])[c:6]([H:7])[c:8](-[c:9]2[c:11]([H:13])[c:14]([H:15])[c:16]([C:17]([H:26])([H:27])[H:28])[c:18]([C:19]([H:29])([H:30])[H:31])[c:12]2[H:20])[c:10]([H:21])[c:4]1[F:22])([H:23])([H:24])[H:25],24,2.46875,C-C,C-C-C-C,Cc1ccc(-c2ccc(C)c(F)c2)cc1C,16,1,0,neutral,2,ring_containing,1,0.38235294117647056,0.27229215726181305,whole_similarity_Q4,torsion_distance_Q3,heavy_atoms_Q2
confirmation,0029eaf18e285dc784bf5bda28c8f0e4,[C:1]([c:2]1[c:3]([H:5])[c:6]([H:7])[n:8][c:9]2[c:4]1[c:16]([H:20])[c:14]([C:15]([F:17])([F:18])[F:19])[c:12]([H:13])[c:10]2[H:11])([H:21])([H:22])[H:23],24,0.6875,C-C,C-C-C-F,Cc1ccnc2ccc(C(F)(F)F)cc12,15,4,0,neutral,2,ring_containing,0,0.3170731707317073,0.5299546719935675,whole_similarity_Q3,torsion_distance_Q4,heavy_atoms_Q2
confirmation,002afb9b51ac577d80470772e7b0f0d1,[C:1]([c:2]1[c:3]([C:5]([H:41])([H:42])[H:43])[c:6]([H:7])[c:8]2[c:9]([H:11])[c:12]3[c:13]([c:15]([C:17]([H:44])([H:45])[H:46])[c:10]2[c:4]1[C:18]([H:47])([H:48])[H:49])[C:16](=[O:19])[O:20][C:14]3([C:21]1([O:23][H:26])[C:24]([H:27])([H:28])[C:29]([O:30][C:32]([H:50])([H:51])[H:52])=[C:31]([H:33])[C:34](=[O:35])[C:25]1([H:36])[H:37])[H:22])([H:38])([H:39])[H:40],24,5.5,C-O,C-C-O-H,COC1=CC(=O)CC(O)(C2OC(=O)c3c2cc2cc(C)c(C)c(C)c2c3C)C1,28,5,0,neutral,4,ring_containing,2,0.22972972972972974,0.45319166071673334,whole_similarity_Q1,torsion_distance_Q4,heavy_atoms_Q4
confirmation,002ce00f8ddf5e38814581a598cce301,[O:1]=[C:2]([O-:3])[C:4]([c:5]1[c:6]([H:17])[c:7]([H:18])[c:8]([H:19])[n:9][c:10]1[H:20])([N:11]1[C:12]([H:21])([H:22])[C:13]([H:23])([H:24])[C:14]([H:25])([H:26])[C:15]1([H:27])[H:28])[H:16],24,2.8125,C-C,O-C-C-N,O=C([O-])C(c1cccnc1)N1CCCC1,15,4,-1,negative,2,ring_containing,3,0.3125,0.23568915300044196,whole_similarity_Q3,torsion_distance_Q2,heavy_atoms_Q2
confirmation,002e432de2055f538e78084e436e0fa7,[C:1]([c:2]1[c:3]([N:4]([C:5](=[O:6])[C:7]2([H:24])[C:8]3([H:25])[C:9]([H:26])([H:27])[C:10]([H:28])([H:29])[C:11]23[H:30])[H:23])[c:12](=[O:13])[n:14]([C:15]([H:31])([H:32])[H:33])[c:16](=[O:17])[n:18]1[C:19]([H:34])([H:35])[H:36])([H:20])([H:21])[H:22],24,20.25,C-N,C-N-C-O,Cc1c(NC(=O)C2C3CCC32)c(=O)n(C)c(=O)n1C,19,6,0,neutral,3,ring_containing,2,0.37037037037037035,0.09468919197119999,whole_similarity_Q4,torsion_distance_Q1,heavy_atoms_Q3
confirmation,002e91b26b735bcf9622b2ed73b04494,[C:1]([C:2]1=[C:3]2[C:4]([H:20])([H:21])[C:5]3=[C:6]([H:22])[C:7]([H:23])([H:24])[C:8]([H:25])([H:26])[C:9]([H:27])([H:28])[C:10]3([H:29])[C:11]([O-:12])([H:30])[C:13]2([H:31])[O:14][C:15]1=[O:16])([H:17])([H:18])[H:19],16,16.5625,C-C,C-C-C-C,CC1=C2CC3=CCCCC3C([O-])C2OC1=O,16,3,-1,negative,3,ring_containing,0,0.24561403508771928,0.09116355032253123,whole_similarity_Q1,torsion_distance_Q1,heavy_atoms_Q2
confirmation,002feda1d6f354d997be5ca0310a2168,[C:1]([O:2][C:3](=[O:4])[N:5]1[C:6]([H:23])([H:24])[C:7]([H:25])([H:26])[C:8]([N:9]2[C:10]([H:28])([H:29])[C:11]3([H:30])[C:12]([H:31])([H:32])[C:13]([H:33])([H:34])[S:14](=[O:15])(=[O:16])[C:17]3([H:35])[C:18]2([H:36])[H:37])([H:27])[C:19]1([H:38])[H:39])([H:20])([H:21])[H:22],24,13.75,C-O,C-O-C-O,COC(=O)N1CCC(N2CC3CCS(=O)(=O)C3C2)C1,19,7,0,neutral,3,ring_containing,1,0.46511627906976744,0.2792096024726833,whole_similarity_Q4,torsion_distance_Q3,heavy_atoms_Q3
confirmation,0030fa96dcbf5a3b9fbb5b70fed24dc6,[O:1]=[S:2](=[O:3])([C:4]1([H:15])[C:5]([H:16])([H:17])[C:6]([H:18])([H:19])[C:7]1([H:20])[H:21])[N:8]1[C:9]([H:22])([H:23])[C:10]2([H:24])[C:11]([H:25])([H:26])[C:12]1([H:27])[C:13]([H:28])([H:29])[O:14]2,24,7.3125,other_central_bonds,C-S-N-C,O=S(=O)(C1CCC1)N1CC2CC1CO2,14,5,0,neutral,3,ring_containing,2,0.3333333333333333,0.3539602583968372,whole_similarity_Q3,torsion_distance_Q3,heavy_atoms_Q2
confirmation,00314d5f53d65f9aad144e478b889c28,[C:1]([O:2][C:3](=[O:4])[c:5]1[c:6]([H:9])[c:8]([Cl:10])[c:11]([Br:12])[c:13]([F:14])[c:7]1[N:15]([H:16])[H:17])([H:18])([H:19])[H:20],24,11.25,C-C,O-C-C-C,COC(=O)c1cc(Cl)c(Br)c(F)c1N,14,6,0,neutral,1,ring_containing,1,0.3404255319148936,0.7822854872207892,whole_similarity_Q3,torsion_distance_Q4,heavy_atoms_Q2
confirmation,003186ffc129502e9259d4d3416e658c,[C:1](=[C:2]([C:5]([H:27])([H:28])[H:29])[C:6]([O:7][H:10])([c:8]1[n:11][c:13]2[c:14]([H:17])[c:16]([Cl:18])[c:19]([Cl:20])[c:21]([H:22])[c:15]2[n:12]1[H:23])[C:9]([F:24])([F:25])[F:26])([H:3])[H:4],24,4.75,C-C,C-C-C-C,C=C(C)C(O)(c1nc2cc(Cl)c(Cl)cc2[nH]1)C(F)(F)F,20,8,0,neutral,2,ring_containing,2,0.2545454545454545,0.6510060416967856,whole_similarity_Q2,torsion_distance_Q4,heavy_atoms_Q4
confirmation,0032768d5f985dd6be37c6170e3ff9a4,[O:1]=[C:2]1[N:3]=[C:5]([N:6]([c:8]2[c:10]([H:12])[c:13]([H:14])[c:15]([H:16])[n:17][c:11]2[H:18])[H:9])[S:7][C:4]1=[C:19]([C:20]([H:22])([H:23])[H:24])[H:21],24,4.75,C-N,C-N-C-C,CC=C1SC(Nc2cccnc2)=NC1=O,15,5,0,neutral,2,ring_containing,1,0.2631578947368421,0.19001329019737628,whole_similarity_Q2,torsion_distance_Q2,heavy_atoms_Q2
confirmation,00327e57e7c95d438dee0d6a92daee8c,[O:1]=[C:2]([c:3]1[c:4]([H:17])[c:5]([H:18])[c:6]2[c:7]([H:19])[c:8]([H:20])[n:9][c:10]([H:21])[c:11]2[n:12]1)[N:13]1[C:14]([H:22])([H:23])[C:15]([H:24])([H:25])[C:16]1([H:26])[H:27],24,10.03125,C-C,O-C-C-C,O=C(c1ccc2ccncc2n1)N1CCC1,16,4,0,neutral,3,ring_containing,1,0.32608695652173914,0.2479650392631071,whole_similarity_Q3,torsion_distance_Q2,heavy_atoms_Q2
confirmation,003313f58deb502cb352e3ad5a18c109,[C:1]([c:2]1[c:3]([H:23])[c:4]2[c:5]([C:6]([O-:7])([c:8]3[c:9]([H:25])[c:10]([H:26])[n:11][c:12]([H:27])[c:13]3[H:28])[H:24])[c:14]([H:29])[c:15]([H:30])[c:16]([C:17]([H:31])([H:32])[H:33])[n:18]2[n:19]1)([H:20])([H:21])[H:22],24,5.28125,C-C,C-C-C-C,Cc1cc2c(C([O-])c3ccncc3)ccc(C)n2n1,19,4,-1,negative,3,ring_containing,2,0.24,0.17320311380052034,whole_similarity_Q1,torsion_distance_Q1,heavy_atoms_Q3
confirmation,00332796acb156dca298a4be0210b4a8,[C:1]([c:2]1[c:3]([C:8]([N:9]2[C:12]([H:14])([H:15])[C:16]([H:17])([H:18])[N:19]([H:20])[C:21]([H:22])([H:23])[C:13]2([H:24])[H:25])([H:10])[H:11])[n:6][c:5]([C:7]([H:29])([H:30])[H:31])[o:4]1)([H:26])([H:27])[H:28],24,6.78125,C-N,C-C-N-C,Cc1nc(CN2CCNCC2)c(C)o1,14,4,0,neutral,2,ring_containing,2,0.4888888888888889,0.1166214418274969,whole_similarity_Q4,torsion_distance_Q1,heavy_atoms_Q2
confirmation,0035358406e25f01a2b32e3623cd1579,[C:1]([N:2]([C:3]([c:5]1[c:8]([C:10]([H:25])([H:26])[H:27])[n:11][c:12]2[n:9]1[c:17]([H:18])[c:15]([H:16])[n:13]2[C:14]([H:28])([H:29])[H:30])([H:6])[H:7])[C:4]([H:22])([H:23])[H:24])([H:19])([H:20])[H:21],24,7.09375,C-C,N-C-C-C,Cc1nc2n(C)ccn2c1CN(C)C,14,4,0,neutral,2,ring_containing,2,0.2391304347826087,0.21526157034939528,whole_similarity_Q1,torsion_distance_Q2,heavy_atoms_Q2
confirmation,00354222122953db8d4c6517f012a382,[O:1]=[C:2]([C:3]([c:4]1[c:5]([H:21])[c:6]([H:22])[c:7]2[c:8]([c:9]1[H:23])[N:10]([H:24])[C:11]([H:25])([H:26])[C:12]2([H:27])[H:28])([H:19])[H:20])[N:13]1[C:14]([H:29])([H:30])[C:15]([H:31])([H:32])[C:16]([H:33])([H:34])[C:17]([H:35])([H:36])[C:18]1([H:37])[H:38],24,19.40625,C-N,O-C-N-C,O=C(Cc1ccc2c(c1)NCC2)N1CCCCC1,18,3,0,neutral,3,ring_containing,2,0.4230769230769231,0.23316410626432083,whole_similarity_Q4,torsion_distance_Q2,heavy_atoms_Q3
confirmation,00357009fcf956bf8411b9f1fe9ded3c,[C:1]([c:2]1[c:3]([H:22])[c:4]([H:23])[c:5]([N:6]([C:7](=[O:8])[C:9]2([H:25])[C:10]([H:26])([H:27])[C:11]3([H:28])[C:12]([H:29])([H:30])[C:13]3([H:31])[C:14]([H:32])([H:33])[O:15]2)[H:24])[c:16]([H:34])[c:17]1[C:18]([H:35])([H:36])[H:37])([H:19])([H:20])[H:21],24,4.59375,C-N,C-C-N-C,Cc1ccc(NC(=O)C2CC3CC3CO2)cc1C,18,3,0,neutral,3,ring_containing,2,0.4423076923076923,0.18853784103268645,whole_similarity_Q4,torsion_distance_Q1,heavy_atoms_Q3
confirmation,0035e0a16b295d1f930f4e5f6263c8e7,[C:1]([c:2]1[c:3]([H:20])[c:4]([H:21])[c:5]([C:6]([C:7]2([H:24])[N-:8][C:9](=[O:10])[C:11]([H:25])([H:26])[N:12]([H:27])[C:13]2=[O:14])([H:22])[H:23])[c:15]([H:28])[c:16]1[H:29])([H:17])([H:18])[H:19],24,8.8125,C-C,C-C-C-C,Cc1ccc(CC2[N-]C(=O)CNC2=O)cc1,16,4,-1,negative,2,ring_containing,2,0.2765957446808511,0.15063493434492636,whole_similarity_Q2,torsion_distance_Q1,heavy_atoms_Q2
confirmation,0036408185cd51b5b81483709729cc4e,[C:1]([c:2]1[c:3]([H:5])[c:6](-[c:7]2[c:9]([H:11])[c:12]([H:13])[c:14]([H:15])[c:16]([H:17])[c:10]2[H:18])[n:8][c:19]([C:20]([H:27])([H:28])[H:29])[c:4]1[C:21](=[O:22])[C:23]([H:30])([H:31])[H:32])([H:24])([H:25])[H:26],24,4.4375,C-C,N-C-C-C,CC(=O)c1c(C)cc(-c2ccccc2)nc1C,17,2,0,neutral,2,ring_containing,2,0.3404255319148936,0.08828998977018998,whole_similarity_Q3,torsion_distance_Q1,heavy_atoms_Q3
confirmation,00375b0ed4b45d9a80e62e937cd87135,[C:1]1([H:2])=[N:3][C:5]([H:6])([H:7])[C:8]([C:9]2([H:11])[C:12]3([H:14])[C:13]2([H:31])[C:28]([H:29])([H:30])[c:20]2[c:18]([c:19]([H:21])[c:22]([H:23])[c:24]([H:25])[c:26]2[H:27])[C:15]3([H:16])[H:17])([H:10])[N:4]1[H:32],13,19.78125,C-C,N-C-C-N,C1=NCC(C2C3Cc4ccccc4CC32)N1,16,2,0,neutral,4,ring_containing,1,0.22727272727272727,0.24022624037710402,whole_similarity_Q1,torsion_distance_Q2,heavy_atoms_Q2
confirmation,00395113c1d4532bab5324e452c56d35,[Cl:1][c:2]1[c:3]([H:6])[c:5]([H:8])[c:7]([C:9](=[C:11]([c:13]2[n:15]([H:18])[c:17]3[c:19]([H:22])[c:21]([H:24])[c:23]([H:26])[c:25]([H:27])[c:20]3[c:16]2[C:28](=[C:29]([C:31]([H:35])([H:36])[H:37])[H:32])[H:30])[H:14])[H:12])[c:10]([H:33])[c:4]1[H:34],24,6.4375,C-C,C-C-C-C,CC=Cc1c(C=Cc2ccc(Cl)cc2)[nH]c2ccccc12,21,2,0,neutral,3,ring_containing,3,0.28,0.2376316274188611,whole_similarity_Q2,torsion_distance_Q2,heavy_atoms_Q4
confirmation,0039bcc9d69358d1a9d004dd06f9aede,[O:1]=[C:2]([O:3][H:5])[c:4]1[n:6][n:8]2[c:9]([H:11])[c:12]([C:13]([H:18])([H:19])[H:20])[c:14]([H:15])[n:16][c:10]2[c:7]1[Cl:17],24,3.9375,C-C,O-C-C-N,Cc1cnc2c(Cl)c(C(=O)O)nn2c1,14,6,0,neutral,2,ring_containing,1,0.2692307692307692,0.5051212578526831,whole_similarity_Q2,torsion_distance_Q4,heavy_atoms_Q2
confirmation,0039dac0ee9f5ff8b7d611bedc339a2d,[C:1](=[C:2]([Si:3]1([H:10])[C:4]([H:11])([H:12])[C:5]([H:13])([H:14])[C:6]1([H:15])[H:16])[Cl:7])([H:8])[H:9],24,2.5625,other_central_bonds,C-C-Si-C,C=C(Cl)[SiH]1CCC1,7,2,0,neutral,1,ring_containing,1,0.14285714285714285,1.2655366924880058,whole_similarity_Q1,torsion_distance_Q4,heavy_atoms_Q1
confirmation,003baea1b1255d0eaa74993c1bb0621f,[C:1]([c:2]1[n:3][c:5]([C:6](=[O:8])[N:9]2[C:10]([H:12])([H:13])[C:14]([H:15])([H:16])[N:17]([H:18])[C:19](=[O:20])[C:21]([H:22])([H:23])[C:11]2([H:24])[H:25])[c:7]([H:26])[s:4]1)([H:27])([H:28])[H:29],24,10.0,C-C,N-C-C-O,Cc1nc(C(=O)N2CCNC(=O)CC2)cs1,16,6,0,neutral,2,ring_containing,1,0.3387096774193548,0.2003587376612116,whole_similarity_Q3,torsion_distance_Q2,heavy_atoms_Q2
confirmation,003cac4cb19a5ad5b206e3dbdc775d9d,[H:1][C:2]1([H:3])[C:4]([C:6]([N:9]([H:11])[H:12])=[O:10])([H:7])[C:8](=[O:13])[N:14]([H:15])[C:16](=[O:17])[C:5]1([H:18])[H:19],24,11.53125,C-C,C-C-C-N,NC(=O)C1CCC(=O)NC1=O,11,5,0,neutral,1,ring_containing,1,0.2571428571428571,0.29070019553315246,whole_similarity_Q2,torsion_distance_Q3,heavy_atoms_Q1
confirmation,003da9a738eb5cefb67a9333eb969098,[C:1]([c:2]1[c:3]([H:5])[c:6]([H:7])[c:8]([C:9]([n:11]2[n:14][c:16]([C:17]([H:38])([H:39])[H:40])[c:18]3[c:15]2-[c:20]2[n:21][c:23]([C:24]([H:41])([H:42])[H:43])[n:25][c:26]([H:27])[c:22]2[C:28]([H:29])([H:30])[C:19]3([H:31])[H:32])([H:12])[H:13])[c:10]([H:33])[c:4]1[H:34])([H:35])([H:36])[H:37],24,1.125,C-C,C-C-C-N,Cc1ccc(Cn2nc(C)c3c2-c2nc(C)ncc2CC3)cc1,23,4,0,neutral,4,ring_containing,2,0.2698412698412698,0.17391918984382668,whole_similarity_Q2,torsion_distance_Q1,heavy_atoms_Q4
confirmation,003e2894072d568092dab26da72ecfca,[O:1]=[C:2]([C:3]1([H:18])[C:4]([H:19])([H:20])[O:5][C:6]([H:21])([H:22])[C:7]([H:23])([H:24])[N:8]1[H:25])[N:9]1[C:10]([H:26])([H:27])[C:11]2([H:28])[C:12]([H:29])([H:30])[S:13](=[O:14])(=[O:15])[C:16]2([H:31])[C:17]1([H:32])[H:33],23,8.1875,C-C,O-C-C-C,O=C(C1COCCN1)N1CC2CS(=O)(=O)C2C1,17,7,0,neutral,3,ring_containing,1,0.4418604651162791,0.19965477237044005,whole_similarity_Q4,torsion_distance_Q2,heavy_atoms_Q3
confirmation,003ed2e2abde516ebf6925e17a3d2175,[C:1](=[C:2]1[C:3]([H:26])([H:27])[C:4]23[C:5]([H:28])([H:29])[C:6]1([H:30])[C:7]([H:31])([H:32])[C:8]([H:33])=[C:9]2[C:10]12[C:11]([H:34])([H:35])[O:12][C:13]3([H:36])[C:14]([H:37])([H:38])[C:15]1([H:39])[C:16]([H:40])([H:41])[C:17]([H:42])([H:43])[C:18]([H:44])([H:45])[C:19]2([O:20][C:21]([C:22]([H:47])([H:48])[H:49])=[O:23])[H:46])([H:24])[H:25],23,22.3125,C-C,C-C-C-O,C=C1CC23CC1CC=C2C12COC3CC1CCCC2OC(C)=O,23,3,0,neutral,6,ring_containing,1,0.2236842105263158,0.2716092700139583,whole_similarity_Q1,torsion_distance_Q3,heavy_atoms_Q4
confirmation,0040f4309f245607a85f99f9c7652c14,[C:1]([O:2][C:3](=[O:4])[C:5]1=[C:6]([N:8]([H:10])[H:11])[N:9]([C:12]([H:48])([H:49])[H:50])[C:13]2=[C:14]([C:7]1([c:26]1[c:28]([C:30]([H:32])([H:33])[H:34])[n:31][n:35]([C:36]([H:51])([H:52])[H:53])[c:29]1-[n:37]1[c:38]([H:41])[c:40]([H:43])[n:42][c:39]1[H:44])[H:27])[C:16](=[O:17])[C:18]([H:20])([H:21])[C:19]([H:22])([H:23])[C:15]2([H:24])[H:25])([H:45])([H:46])[H:47],24,8.25,C-C,C-C-C-C,COC(=O)C1=C(N)N(C)C2=C(C(=O)CCC2)C1c1c(C)nn(C)c1-n1ccnc1,29,9,0,neutral,4,ring_containing,3,0.22857142857142856,0.3102672520012588,whole_similarity_Q1,torsion_distance_Q3,heavy_atoms_Q4
confirmation,0041391b7263548f91e3ed0c7a613bf8,[C:1]([O:2][C:6]([O:7][H:9])=[C:8]1[C:10]([C:12]([H:22])([H:23])[H:24])=[N:13][C:14]([H:15])=[C:16]([N+:17](=[O:18])[O-:19])[C:11]1([H:20])[H:21])([H:3])([H:4])[H:5],24,9.8125,C-O,C-O-C-C,COC(O)=C1CC([N+](=O)[O-])=CN=C1C,14,6,0,neutral,1,ring_containing,2,0.3333333333333333,0.353975942462708,whole_similarity_Q3,torsion_distance_Q3,heavy_atoms_Q2
confirmation,0043e5ad60d956eaa10a82295cb9b364,[C:1]([O:2][C:3]([C:4](=[O:5])[N:6]1[C:7]([H:21])([H:22])[C:8]2([H:23])[C:9]([H:24])([H:25])[C:10]1([H:26])[C:11]([H:27])([H:28])[N:12]2[C:13]([C:14]([H:29])([H:30])[H:31])=[O:15])([H:19])[H:20])([H:16])([H:17])[H:18],24,16.90625,C-N,C-C-N-C,COCC(=O)N1CC2CC1CN2C(C)=O,15,5,0,neutral,2,ring_containing,2,0.42857142857142855,0.19218733684680184,whole_similarity_Q4,torsion_distance_Q2,heavy_atoms_Q2
confirmation,004438cf076c50a0a0bf4db5c22cf310,[C:1]([c:2]1[c:3]([H:5])[c:6]([N:7]2[C:9]([H:11])([H:12])[C:13]([H:14])([H:15])[O:16][C:17]3([H:18])[C:10]2([H:22])[C:19]3([H:20])[H:21])[n:8][c:23]2[c:4]1[c:29]([H:30])[c:27]([H:28])[n:26][c:24]2[C:25]([H:34])([H:35])[H:36])([H:31])([H:32])[H:33],24,10.9375,C-N,C-C-N-C,Cc1cc(N2CCOC3CC32)nc2c(C)nccc12,19,4,0,neutral,4,ring_containing,1,0.2857142857142857,0.08014905788284306,whole_similarity_Q2,torsion_distance_Q1,heavy_atoms_Q3
confirmation,004440e0b7e1562fb39fc7cde1641cbe,[H:1][C:2]([N:3]([C:6]1([H:8])[C:9]([H:11])([H:12])[N:13]([H:14])[S:15](=[O:16])(=[O:17])[c:18]2[c:10]1[c:25]([H:26])[c:23]([H:24])[c:21]([H:22])[c:19]2[H:20])[H:7])([H:4])[H:5],24,17.5,C-C,C-C-C-S,CNC1CNS(=O)(=O)c2ccccc21,14,5,0,neutral,2,ring_containing,1,0.24489795918367346,0.3474928268932973,whole_similarity_Q1,torsion_distance_Q3,heavy_atoms_Q2
confirmation,004537404e80517a89d6c89e80acdf86,[O:1]=[C:2]([C:3](=[C:5]([C:7]([H:27])([H:28])[H:29])[H:8])[H:6])[N:4]([C:9]([N:11]([C:14](=[S:16])[N:17]([C:18]([H:30])([H:31])[H:32])[H:19])[H:15])([C:12]1([H:20])[C:21]([H:23])([H:24])[C:22]1([H:25])[H:26])[H:13])[H:10],23,14.75,C-N,C-N-C-C,CC=CC(=O)NC(NC(=S)NC)C1CC1,15,5,0,neutral,1,ring_containing,4,0.45,0.12974858590954577,whole_similarity_Q4,torsion_distance_Q1,heavy_atoms_Q2
confirmation,0045dc9002be50d496efbf838b8e83c6,[C:1]([c:2]1[n:3][c:4]([H:22])[c:5]([N:6]([C:7](=[O:8])[C:9]2([H:24])[C:10]([H:25])([H:26])[C:11]([H:27])([H:28])[S:12](=[O:13])(=[O:14])[C:15]2([H:29])[H:30])[H:23])[c:16]([H:31])[c:17]1[Br:18])([H:19])([H:20])[H:21],24,4.25,C-N,C-C-N-C,Cc1ncc(NC(=O)C2CCS(=O)(=O)C2)cc1Br,18,7,0,neutral,2,ring_containing,2,0.5185185185185185,0.4162556705541615,whole_similarity_Q4,torsion_distance_Q4,heavy_atoms_Q3
confirmation,004684881ba3579ea7f1fe4617bc9677,[O:1]=[C:2]1[N-:3][C:4]2([N:5]([H:18])[C:6](=[O:7])[C:8]1=[O:9])[N:10]([H:19])[c:11]1[c:12]([H:20])[c:13]([H:21])[c:14]([H:22])[c:15]([H:23])[c:16]1[S:17]2,23,16.875,C-C,O-C-C-O,O=C1[N-]C2(NC(=O)C1=O)Nc1ccccc1S2,17,7,-1,negative,3,ring_containing,0,0.2222222222222222,0.6136742451185911,whole_similarity_Q1,torsion_distance_Q4,heavy_atoms_Q3
confirmation,0046ac7630ce5d60b160a67865287195,[C:1]([O:2][C:3](=[O:4])[C:5]([C:6]([C:7]1([H:21])[C:8]([H:22])([H:23])[N:9]([H:24])[C:10]1([H:25])[H:26])([H:19])[H:20])([N:11]([C:12]([C:13]([H:28])([H:29])[H:30])=[O:14])[H:27])[H:18])([H:15])([H:16])[H:17],24,6.6875,C-N,C-C-N-C,COC(=O)C(CC1CNC1)NC(C)=O,14,5,0,neutral,1,ring_containing,4,0.2619047619047619,0.19626844316985131,whole_similarity_Q2,torsion_distance_Q2,heavy_atoms_Q2
confirmation,00473dbaef8d5f24bd0a9da6f1caf556,[C:1]([O:2][C:3](=[O:4])[N:5]([C:6]([C:7]1([C:8](=[O:9])[N:10]([C:11]([H:22])([H:23])[H:24])[C:12]([H:25])([H:26])[H:27])[C:13]([H:28])([H:29])[C:14]([H:30])([H:31])[C:15]1([H:32])[H:33])([H:20])[H:21])[H:19])([H:16])([H:17])[H:18],24,19.03125,C-N,O-C-N-C,COC(=O)NCC1(C(=O)N(C)C)CCC1,15,5,0,neutral,1,ring_containing,3,0.35,0.1890516862450118,whole_similarity_Q4,torsion_distance_Q2,heavy_atoms_Q2
confirmation,0047a57bd39e57af807aae80589d17d1,[C:1]([N:2]([C:6]([C:8]1([H:11])[C:12]([H:14])([H:15])[c:16]2[c:17]([C:19]([H:37])([H:38])[H:39])[n:20][c:21]([C:22]([H:40])([H:41])[H:42])[n:23][c:18]2[N:24]([H:25])[C:13]1=[O:26])([H:9])[H:10])[c:7]1[c:27]([H:29])[c:30]([H:31])[c:32]([C:33]([H:43])([H:44])[H:45])[c:34]([H:35])[c:28]1[H:36])([H:3])([H:4])[H:5],23,6.1875,C-N,C-N-C-C,Cc1ccc(N(C)CC2Cc3c(C)nc(C)nc3NC2=O)cc1,23,5,0,neutral,3,ring_containing,3,0.2857142857142857,0.1756973461367036,whole_similarity_Q2,torsion_distance_Q1,heavy_atoms_Q4
confirmation,00489ddc2d355df9b2040b4eada8e36a,[O:1]=[C:2]([c:3]1[n:5][c:7]([H:8])[c:9]([C:10]([H:26])([H:27])[H:28])[n:6]1[H:11])[c:4]1[c:12]([H:14])[n:15]([H:16])[c:17]2[c:13]1[c:24]([H:25])[c:22]([H:23])[c:20]([Br:21])[c:18]2[H:19],24,15.625,C-C,O-C-C-N,Cc1cnc(C(=O)c2c[nH]c3cc(Br)ccc23)[nH]1,18,5,0,neutral,3,ring_containing,2,0.3275862068965517,0.3939204044403857,whole_similarity_Q3,torsion_distance_Q4,heavy_atoms_Q3
confirmation,004d9a77989255359d628a17bfa874f5,[O:1]=[C:2]([O:3][H:5])[c:4]1[c:6]([H:9])[c:8]([H:11])[c:10]([H:12])[n:7]1[C:13]([c:14]1[c:17]([H:20])[c:19]([H:22])[c:21]([H:24])[c:23]([H:25])[n:18]1)([H:15])[H:16],24,3.53125,C-C,N-C-C-N,O=C(O)c1cccn1Cc1ccccn1,15,4,0,neutral,2,ring_containing,3,0.25,0.1742144960203798,whole_similarity_Q1,torsion_distance_Q1,heavy_atoms_Q2
confirmation,004da69ce906509cb7d596170774926f,[C:1]([C:2]([C:3]([C:4]1([H:20])[C:5](=[O:6])[N-:7][C:8]2([H:21])[C:9](=[O:10])[O:11][C:12]12[H:22])([H:18])[H:19])([H:16])[H:17])([H:13])([H:14])[H:15],19,17.6875,C-C,N-C-C-O,CCCC1C(=O)[N-]C2C(=O)OC12,12,4,-1,negative,2,ring_containing,2,0.1951219512195122,0.23990218964634907,whole_similarity_Q1,torsion_distance_Q2,heavy_atoms_Q1
confirmation,004e26021cce523b974ff71ad7352ca5,[H:1][C:2]1([H:3])[C:4]([H:6])([H:7])[N:8]([c:9]2[c:11]([H:13])[c:14]([H:15])[c:16]([Cl:17])[c:18]([H:19])[c:12]2[H:20])[C:10](=[N:21][C:22](=[N:23][C:25]([H:29])([H:30])[H:31])[C:24]([H:26])([H:27])[H:28])[S:5]1,24,2.3125,C-N,C-N-C-C,CN=C(C)N=C1SCCN1c1ccc(Cl)cc1,17,5,0,neutral,2,ring_containing,1,0.23728813559322035,0.2466949872601013,whole_similarity_Q1,torsion_distance_Q2,heavy_atoms_Q3
confirmation,004e489337205fa896b9a904ea653517,[C:1]([N:2]([c:3]1[c:4]([H:15])[c:5](=[O:6])[n:7]([H:16])[c:8]([H:17])[c:9]1[C:10]([H:18])([H:19])[H:20])[H:14])([H:11])([H:12])[H:13],24,11.625,C-N,C-C-N-C,CNc1cc(=O)[nH]cc1C,10,3,0,neutral,1,ring_containing,1,0.2894736842105263,0.2719663747304286,whole_similarity_Q2,torsion_distance_Q3,heavy_atoms_Q1
confirmation,004ee28803875a28aa288ea1e284b0ed,[B-:1]([C:2]([c:3]1[c:4]([H:15])[c:5]([F:9])[c:6]([H:16])[c:7]([H:17])[c:8]1[H:18])([H:13])[H:14])([H:10])([H:11])[H:12],24,2.34375,C-C,B-C-C-C,[BH3-]Cc1cccc(F)c1,9,2,-1,negative,1,ring_containing,1,0.3409090909090909,1.0099161288477312,whole_similarity_Q3,torsion_distance_Q4,heavy_atoms_Q1
confirmation,004efb6ad2f45f4294fe13a4c43d97fc,[O:1]=[C:2]([C:3]([F:4])([C:5]1([H:17])[C:6]([H:18])([H:19])[C:7]([H:20])([H:21])[C:8]([H:22])([H:23])[C:9]1([H:24])[H:25])[H:16])[N:10]1[C:11]([H:26])([H:27])[C:12]([H:28])([H:29])[C:13]([F:14])([H:30])[C:15]1([H:31])[H:32],24,10.1875,C-C,O-C-C-F,O=C(C(F)C1CCCC1)N1CCC(F)C1,15,4,0,neutral,2,ring_containing,2,0.3617021276595745,0.4224385846630083,whole_similarity_Q4,torsion_distance_Q4,heavy_atoms_Q2
confirmation,004f0af032ba57e29d706bb12c14bebd,[C:1]([c:2]1[c:3]([H:5])[n:6]([C:7]([C:9]2([H:12])[C:13]([H:15])([H:16])[C:14]2([H:17])[H:18])([C:10]2([H:19])[C:20]([H:22])([H:23])[C:21]2([H:24])[H:25])[H:11])[c:8]([H:26])[n:4]1)([H:27])([H:28])[H:29],24,2.125,C-N,C-N-C-C,Cc1cn(C(C2CC2)C2CC2)cn1,13,2,0,neutral,3,ring_containing,3,0.2692307692307692,0.12831897048848764,whole_similarity_Q2,torsion_distance_Q1,heavy_atoms_Q1
confirmation,0050006cc8cd554583964bb867ae8b19,[C:1]([c:2]1[c:3]([C:14]([N:15]([C:18]([H:29])([H:30])[H:31])[H:19])([H:16])[H:17])[n:7]2[c:5]([c:4]1[C:6]([H:23])([H:24])[H:25])[c:8]([C:9]([H:26])([H:27])[H:28])[n:10][c:11]([H:12])[n:13]2)([H:20])([H:21])[H:22],24,6.8125,C-C,C-C-C-N,CNCc1c(C)c(C)c2c(C)ncnn12,15,4,0,neutral,2,ring_containing,2,0.26,0.13592076661596522,whole_similarity_Q2,torsion_distance_Q1,heavy_atoms_Q2
confirmation,00502f548cdf59d5a3359d8a9f5b4a0c,[N:1]#[C:2][c:3]1[c:4]([H:6])[c:7]([H:8])[c:9]([C:10]([n:12]2[c:15]([H:17])[c:18]([C:19]([H:27])([H:28])[H:29])[c:20]([H:21])[c:22]([C:23]([H:30])([H:31])[H:32])[c:16]2=[O:24])([H:13])[H:14])[c:11]([H:25])[c:5]1[H:26],24,9.34375,C-N,C-C-N-C,Cc1cc(C)c(=O)n(Cc2ccc(C#N)cc2)c1,18,3,0,neutral,2,ring_containing,2,0.35294117647058826,0.1422732546872422,whole_similarity_Q4,torsion_distance_Q1,heavy_atoms_Q3
confirmation,00519952bb245de9ae78312dfa50a1a6,[O:1]=[C:2]([N:3]([N:5]=[C:7]([c:8]1[c:10]([H:12])[c:13]([H:14])[c:15]([C:16]([H:25])([H:26])[H:27])[c:17]([H:18])[c:11]1[H:19])[H:9])[H:6])[C:4]1=[N:20][N:22]([H:23])[C:24]([H:30])([H:31])[C:21]1([H:28])[H:29],24,48.34375,C-N,N-N-C-C,Cc1ccc(C=NNC(=O)C2=NNCC2)cc1,17,5,0,neutral,2,ring_containing,3,0.35294117647058826,0.17282934234315891,whole_similarity_Q4,torsion_distance_Q1,heavy_atoms_Q3
confirmation,00536bc1be6f5623b0caa3c4820636fa,[C:1]([c:2]1[c:3]([H:6])[c:5]([H:8])[c:7]([C:9](=[O:11])[N:12]([C:13]2([H:17])[C:15]3([H:20])[C:18]([H:22])([H:23])[C:21]4([H:26])[C:24]([H:28])([H:29])[C:27]([H:31])([C:19]3([H:32])[H:33])[C:30]([H:34])([H:35])[C:16]2([H:36])[C:25]4([H:37])[H:38])[H:14])[c:10]([H:39])[c:4]1[H:40])([H:41])([H:42])[H:43],23,16.1875,C-N,O-C-N-C,Cc1ccc(C(=O)NC2C3CC4CC(C3)CC2C4)cc1,20,2,0,neutral,5,ring_containing,2,0.3269230769230769,0.2444548735258696,whole_similarity_Q3,torsion_distance_Q2,heavy_atoms_Q4
confirmation,005494e7d1065374862b889bd43891e3,[C:1]([c:2]1[n:3][c:4]([N:5]([C:6](=[O:7])[c:8]2[s:9][c:10]([H:21])[n:11][c:12]2[Cl:13])[H:20])[s:14][c:15]1[C:16]([H:22])([H:23])[H:24])([H:17])([H:18])[H:19],24,14.25,C-N,C-N-C-O,Cc1nc(NC(=O)c2scnc2Cl)sc1C,16,7,0,neutral,2,ring_containing,2,0.2711864406779661,0.6452741668971701,whole_similarity_Q2,torsion_distance_Q4,heavy_atoms_Q2
confirmation,0054f6ccedfe586f938f78494a68e84d,[C:1]([C:2]([C:6]1([H:11])[N:9]([H:13])[C:12](=[S:14])[N:15]([H:17])[C:16](=[O:18])[C:10]1([H:19])[H:20])([H:7])[H:8])([H:3])([H:4])[H:5],24,4.96875,C-C,C-C-C-C,CCC1CC(=O)NC(=S)N1,10,4,0,neutral,1,ring_containing,1,0.2682926829268293,0.36899092901682545,whole_similarity_Q2,torsion_distance_Q4,heavy_atoms_Q1
confirmation,00555d95e2ad544e9de7b0bc66015146,[C:1]([C:2](=[C:3]1[C:4]([H:37])([H:38])[N:5]([C:6]([H:39])([H:40])[H:41])[C:7]([H:42])([H:43])[C:8]([H:44])([H:45])[C:9]1([C:10]1=[C:11]([H:47])[N:12]2[c:13]3[c:14]([H:48])[c:15]([H:49])[c:16]([H:50])[c:17]([H:51])[c:18]3[C:19]3([H:52])[C:20]4([H:53])[C:21]([H:54])([H:55])[C:22]5([H:56])[C:23](=[C:24]([H:57])[C:25]([H:58])([H:59])[O:26][C:27]1([H:60])[C:28]5([H:61])[C:29]23[H:62])[C:30]([H:63])([H:64])[N:31]4[C:32]([H:65])([H:66])[H:67])[H:46])[H:36])([H:33])([H:34])[H:35],24,19.1875,C-C,C-C-C-C,CC=C1CN(C)CCC1C1=CN2c3ccccc3C3C4CC5C(=CCOC1C5C32)CN4C,32,4,0,neutral,7,ring_containing,1,0.19767441860465115,0.4980349676644615,whole_similarity_Q1,torsion_distance_Q4,heavy_atoms_Q4
confirmation,00561234012f513fb1f68b38b3fc1a7a,[C:1]([c:2]1[c:3]([H:5])[c:6]([O:7][C:9](=[O:10])[c:11]2[c:12]([H:14])[c:15]([H:16])[c:17]([H:18])[o:13]2)[n:8][c:19]([C:20]([H:24])([H:25])[H:26])[n:4]1)([H:21])([H:22])[H:23],24,6.46875,C-O,C-O-C-C,Cc1cc(OC(=O)c2ccco2)nc(C)n1,16,5,0,neutral,2,ring_containing,2,0.2857142857142857,0.303841786404543,whole_similarity_Q2,torsion_distance_Q3,heavy_atoms_Q2
confirmation,00577fb9d9345ac79486b2c7abf10077,[C:1]([c:2]1[c:3]([H:5])[c:6]([H:7])[c:8]([H:9])[c:10]([C:11](=[O:12])[N:13]([c:14]2[n:16][o:18][c:19]([C:20]([H:26])([H:27])[H:28])[c:17]2[C:21]([H:29])([H:30])[H:31])[H:15])[c:4]1[H:22])([H:23])([H:24])[H:25],24,8.28125,C-N,O-C-N-C,Cc1cccc(C(=O)Nc2noc(C)c2C)c1,17,4,0,neutral,2,ring_containing,2,0.3392857142857143,0.17223811654561574,whole_similarity_Q3,torsion_distance_Q1,heavy_atoms_Q3
confirmation,0057c410e7d85f9e954353ce49db6086,[C:1]([O:2][C:3](=[O:4])[C:5]([C:6]#[N:8])=[C:7]1[c:9]2[c:11]([H:13])[c:14]([H:15])[c:16]([H:17])[c:18]([H:19])[c:12]2-[c:20]2[c:10]1[n:25][c:23]1[c:22]([n:21]2)[n:24](-[c:29]2[c:30]([H:32])[c:33]([H:34])[c:35]([H:36])[c:37]([H:38])[c:31]2[H:39])[n:28][c:26]1[C:27]([H:43])([H:44])[H:45])([H:40])([H:41])[H:42],23,19.4375,C-N,C-N-C-C,COC(=O)C(C#N)=C1c2ccccc2-c2nc3c(nc21)c(C)nn3-c1ccccc1,30,7,0,neutral,5,ring_containing,2,0.2727272727272727,0.21555979383128548,whole_similarity_Q2,torsion_distance_Q2,heavy_atoms_Q4
confirmation,00588a7f370456b1a015cedb46ff9c92,[C:1]([N:2]([C:3]([C:5](=[O:8])[N:9]1[C:10]([H:12])([H:13])[C:14]([H:15])([H:16])[c:17]2[c:18]([c:21]([C:22]([H:28])([H:29])[H:30])[n:20][o:19]2)[C:11]1([H:23])[H:24])([H:6])[H:7])[H:4])([H:25])([H:26])[H:27],24,6.40625,C-C,N-C-C-O,CNCC(=O)N1CCc2onc(C)c2C1,15,5,0,neutral,2,ring_containing,2,0.2413793103448276,0.12831897048848764,whole_similarity_Q1,torsion_distance_Q1,heavy_atoms_Q2
confirmation,0059a4ac5b7c5e28ae9afb5d9e17531f,[C:1]([c:2]1[c:3]([H:23])[c:4]([C:5]([H:24])([H:25])[H:26])[c:6]2[c:7]([H:27])[c:8]([N:9]([C:10](=[O:11])[N:12]3[C:13]([H:29])([H:30])[C:14]([H:31])([H:32])[C:15]3([H:33])[H:34])[H:28])[c:16]([H:35])[c:17]([H:36])[c:18]2[n:19]1)([H:20])([H:21])[H:22],24,4.75,C-N,C-C-N-C,Cc1cc(C)c2cc(NC(=O)N3CCC3)ccc2n1,19,4,0,neutral,3,ring_containing,1,0.32727272727272727,0.08014905788284306,whole_similarity_Q3,torsion_distance_Q1,heavy_atoms_Q3
confirmation,005a7761df6e51f99270abe5ba124fd4,[C:1]([c:2]1[c:3]([H:5])[c:6]([H:7])[c:8]([N:9]([c:11]2[n:13][c:15]3[c:16]([H:18])[c:19]([H:20])[c:21]([H:22])[c:23]([H:24])[c:17]3[c:25]3[n:14]2[c:28]([H:29])[n:27][n:26]3)[H:12])[c:10]([Cl:30])[c:4]1[H:31])([H:32])([H:33])[H:34],24,5.375,C-N,C-N-C-N,Cc1ccc(Nc2nc3ccccc3c3nncn23)c(Cl)c1,22,6,0,neutral,4,ring_containing,2,0.25806451612903225,0.3003502776007217,whole_similarity_Q2,torsion_distance_Q3,heavy_atoms_Q4
confirmation,005b31a9a1e05b0ea66d608e8bf04d18,[N:1]([N:2]([S:5](=[O:7])(=[O:8])[c:9]1[c:10]([H:13])[c:12]([H:15])[c:14]([H:17])[c:16]([H:18])[c:11]1[Br:19])[H:6])([H:3])[H:4],24,8.0,other_central_bonds,N-N-S-C,NNS(=O)(=O)c1ccccc1Br,12,6,0,neutral,1,ring_containing,2,0.2857142857142857,1.0541556206544473,whole_similarity_Q2,torsion_distance_Q4,heavy_atoms_Q1
confirmation,005b9af6987a59839ea4877865120dc8,[C:1]([O:2][P:3](=[O:4])([O:5][C:7]([H:18])([H:19])[H:20])[C:6](=[C:8]([C:10]([H:21])([H:22])[H:23])[H:11])[C:9]([H:12])([H:13])[H:14])([H:15])([H:16])[H:17],24,4.0625,other_central_bonds,O-P-C-C,CC=C(C)P(=O)(OC)OC,10,4,0,neutral,0,acyclic,3,0.2222222222222222,1.2559250161872273,whole_similarity_Q1,torsion_distance_Q4,heavy_atoms_Q1
confirmation,005bd60fec535533868b7f3c7c181586,[C:1]([C:2](=[C:3]([C:5]([H:19])([H:20])[H:21])[N:6]([N:7]([C:9](=[O:11])[C:12]([H:13])([H:14])[H:15])[H:10])[H:8])[H:4])([H:16])([H:17])[H:18],24,15.125,C-N,N-N-C-C,CC=C(C)NNC(C)=O,9,3,0,neutral,0,acyclic,2,0.32,0.2817364949115761,whole_similarity_Q3,torsion_distance_Q3,heavy_atoms_Q1
confirmation,005d386874a75b3e86bf04b198586e0f,[C:1]([C:2]([C:3]1([H:20])[C:4](=[O:5])[N:6]([C:7]([H:21])([H:22])[H:23])[C:8](=[O:9])[N:10]([C:11]([H:24])([H:25])[H:26])[C:12]1=[N+:13]([C:14]([H:28])([H:29])[H:30])[H:27])([H:18])[H:19])([H:15])([H:16])[H:17],19,19.0625,C-C,O-C-C-C,CCC1C(=O)N(C)C(=O)N(C)C1=[NH+]C,14,5,1,positive,1,ring_containing,1,0.2702702702702703,0.09500664509868814,whole_similarity_Q2,torsion_distance_Q1,heavy_atoms_Q2
confirmation,005d3a0191d4529489bfeaf7785b2e2f,[H:1][C:2]([C:3](=[O:6])[N:7]([N:8]1[N:10]([H:12])[C:13]([H:14])([H:15])[c:16]2[c:17]([H:19])[c:20]3[c:21]([c:23]([H:25])[c:18]2[C:26]([H:27])([H:28])[C:11]1=[O:29])[O:24][C:30]([H:31])([H:32])[O:22]3)[H:9])([H:4])[H:5],24,11.625,other_central_bonds,C-N-N-C,CC(=O)NN1NCc2cc3c(cc2CC1=O)OCO3,19,7,0,neutral,3,ring_containing,1,0.32075471698113206,0.2514728042147983,whole_similarity_Q3,torsion_distance_Q3,heavy_atoms_Q3
confirmation,005e84b342ed5a748fe8b79fbbc2a542,[Cl:1][c:2]1[n:3][n:9]2[c:7]([c:5]([H:8])[c:4]1[H:6])[n:10][n:11][c:12]2-[c:13]1[c:14]([H:16])[c:17]([H:18])[c:19]([H:20])[c:21]([H:22])[c:15]1[H:23],24,5.1875,C-C,N-C-C-C,Clc1ccc2nnc(-c3ccccc3)n2n1,16,5,0,neutral,3,ring_containing,1,0.3695652173913043,0.3885392466885049,whole_similarity_Q4,torsion_distance_Q4,heavy_atoms_Q2
confirmation,0060ff215b2058c5b25e5ac15d13aa31,[H:1][C:2]1([H:3])[C:4]([H:6])([H:7])[c:8]2[c:9]([H:11])[c:12]3[c:13]([c:15]([H:17])[c:10]2[C:18]([C:19]([H:30])([H:31])[H:32])=[N:20][N:5]1[C:21](=[O:22])[C:23]([N:24]([C:27]([H:33])([H:34])[H:35])[C:28]([H:36])([H:37])[H:38])([H:25])[H:26])[O:16][C:29]([H:39])([H:40])[O:14]3,24,20.5625,C-N,C-C-N-C,CC1=NN(C(=O)CN(C)C)CCc2cc3c(cc21)OCO3,21,6,0,neutral,3,ring_containing,2,0.2833333333333333,0.20541237107585975,whole_similarity_Q2,torsion_distance_Q2,heavy_atoms_Q4
confirmation,0061103521995090932faac1e81d90f9,[H:1][C:2]([C:3]([C:6](=[C:9]1[c:11]2[c:13]([H:15])[c:16]([Cl:17])[c:18]([H:19])[c:20]([H:21])[c:14]2[S:22][c:23]2[c:12]1[c:30]([H:31])[c:28]([F:29])[c:26]([F:27])[c:24]2[H:25])[H:10])([H:7])[H:8])([H:4])[H:5],19,17.125,C-C,C-C-C-C,CCC=C1c2cc(Cl)ccc2Sc2cc(F)c(F)cc21,20,4,0,neutral,3,ring_containing,1,0.2222222222222222,0.6821322321861556,whole_similarity_Q1,torsion_distance_Q4,heavy_atoms_Q4
confirmation,00615e5e8bfc529e964c20e9fb3a5271,[C:1]([c:2]1[c:3]([H:19])[n:4][c:5]([H:20])[c:6]([H:21])[c:7]1[C:8](=[O:9])[N:10]1[C:11]([H:22])([H:23])[C:12]2([H:24])[C:13]([H:25])([H:26])[C:14]1([H:27])[C:15]2([H:28])[H:29])([H:16])([H:17])[H:18],24,21.375,C-N,O-C-N-C,Cc1cnccc1C(=O)N1CC2CC1C2,15,3,0,neutral,4,ring_containing,1,0.825,0.1271528619534262,whole_similarity_Q4,torsion_distance_Q1,heavy_atoms_Q2
confirmation,0061dda216ce5208a7eefd37c4b12c65,[O:1]=[C:2]([N:3]([C:5]([H:27])([H:28])[H:29])[H:6])[C:4]1([N:7]([C:10]([H:30])([H:31])[H:32])[H:11])[C:8]([H:13])([H:14])[C:12]2([H:17])[C:15]([H:19])([H:20])[C:18]([H:22])([H:23])[C:21]([H:24])([C:9]1([H:25])[H:26])[O:16]2,24,5.1875,C-C,N-C-C-N,CNC(=O)C1(NC)CC2CCC(C1)O2,14,4,0,neutral,2,ring_containing,2,0.2916666666666667,0.15180955075455582,whole_similarity_Q2,torsion_distance_Q1,heavy_atoms_Q2
confirmation,0064b59a56b65cf0beef6400db613d58,[H:1][C:2]1([H:3])[O:4][C:6]([O:7][n:10]2[c:11]([H:13])[n:14][c:15]3[c:12]2[n:21][c:19]([H:20])[n:18][c:16]3[Cl:17])([H:8])[C:9]([H:22])([H:23])[S:5]1,24,10.6875,other_central_bonds,C-O-N-C,Clc1ncnc2c1ncn2OC1CSCO1,16,8,0,neutral,3,ring_containing,2,0.1791044776119403,0.6391763132119438,whole_similarity_Q1,torsion_distance_Q4,heavy_atoms_Q2
confirmation,00656e32ce0e5d99b4700117d783a7a1,[C:1](=[C:2]1[C:5]([H:41])([H:42])[O:7][c:8]2[c:6]1[c:14]([H:16])[c:12]1[c:11]([c:9]2[H:10])[C:13]([N:32]([C:34](=[O:36])[C:37]([H:38])([H:39])[H:40])[H:35])([H:33])[C:29]([H:30])([H:31])[C:20]([H:27])([H:28])[c:17]2[c:15]-1[c:18]([C:26]([H:49])([H:50])[H:51])[c:24]([C:25]([H:46])([H:47])[H:48])[c:22]([C:23]([H:43])([H:44])[H:45])[c:19]2[H:21])([H:3])[H:4],24,18.8125,C-N,C-N-C-O,C=C1COc2cc3c(cc21)-c1c(cc(C)c(C)c1C)CCC3NC(C)=O,26,3,0,neutral,4,ring_containing,1,0.22972972972972974,0.19386066395999094,whole_similarity_Q1,torsion_distance_Q2,heavy_atoms_Q4
confirmation,0066b4a8b986565fb4dade1242b3e5d0,[C:1]([C:2]1=[C:3]2[C:4]([H:18])([H:19])[C:5]([H:20])=[C:6]([C:7](=[O:8])[H:21])[C:9]([H:22])([H:23])[C:10]([H:24])([H:25])[C:11]([H:26])([H:27])[C:12]2([H:28])[C:13]([H:29])([H:30])[C:14]1([H:31])[H:32])([H:15])([H:16])[H:17],21,24.15625,C-C,C-C-C-C,CC1=C2CC=C(C=O)CCCC2CC1,14,1,0,neutral,2,ring_containing,1,0.22448979591836735,0.1089392007570171,whole_similarity_Q1,torsion_distance_Q1,heavy_atoms_Q2
confirmation,006b1710ffa55f3f8f8b3a7e09a5141f,[N:1]([C:2]([C:5]1([H:8])[C:9]([H:11])([H:12])[N:13]([C:14]([H:21])([H:22])[H:23])[C:15]([H:16])([H:17])[C:18]([H:19])([H:20])[O:10]1)([H:6])[H:7])([H:3])[H:4],24,4.46875,C-N,C-C-N-H,CN1CCOC(CN)C1,9,3,0,neutral,1,ring_containing,1,0.34146341463414637,0.4184389250605269,whole_similarity_Q3,torsion_distance_Q4,heavy_atoms_Q1
confirmation,006b35829f9d51f9a7e2416101d3e3ff,[C:1]([c:2]1[c:3]([C:5]([H:24])([H:25])[H:26])[n:6][n:7]([C:8]([C:9]([N:12]([H:15])[H:16])([C:13](=[O:17])[O:18][H:19])[H:14])([H:10])[H:11])[c:4]1[C:20]([H:27])([H:28])[H:29])([H:21])([H:22])[H:23],24,9.0,C-C,N-C-C-N,Cc1nn(CC(N)C(=O)O)c(C)c1C,14,5,0,neutral,1,ring_containing,3,0.27906976744186046,0.16713142791960187,whole_similarity_Q2,torsion_distance_Q1,heavy_atoms_Q2
confirmation,006c0163702554489f1cf7fa0f970646,[C:1]([c:2]1[c:3]([H:5])[c:6]([H:7])[c:8]([H:9])[c:10]([H:11])[c:4]1[C:12]1([H:13])[C:14]([C:16]#[N:18])=[C:17]2[N:19]=[C:21]([N:22]([H:24])[H:25])[c:23]3[c:26]([s:28][c:29]([C:30]([H:47])([H:48])[H:49])[c:27]3[C:31]([H:50])([H:51])[H:52])[N:20]2[C:32]2=[C:15]1[C:34](=[O:35])[C:36]([H:37])([H:38])[C:39]([H:40])([H:41])[C:33]2([H:42])[H:43])([H:44])([H:45])[H:46],18,35.0625,C-N,C-C-N-C,Cc1ccccc1C1C(C#N)=C2N=C(N)c3c(sc(C)c3C)N2C2=C1C(=O)CCC2,30,6,0,neutral,5,ring_containing,1,0.22535211267605634,0.3718916464567397,whole_similarity_Q1,torsion_distance_Q4,heavy_atoms_Q4
confirmation,006e5b4d9fc45bd29aa48c491517decd,[C:1]([c:2]1[c:3]([H:6])[c:5]([H:8])[c:7]2[c:9]([H:12])[c:11]([C:13]([O:15][H:18])([c:16]3[c:19]([H:22])[c:21]([H:24])[s:23][c:20]3[H:25])[H:17])[c:14]([H:27])[c:26]([H:28])[c:10]2[c:4]1[H:29])([H:30])([H:31])[H:32],24,1.75,C-C,C-C-C-C,Cc1ccc2cc(C(O)c3ccsc3)ccc2c1,18,2,0,neutral,3,ring_containing,2,0.3090909090909091,0.2850804593786586,whole_similarity_Q3,torsion_distance_Q3,heavy_atoms_Q3
confirmation,006ef1379fd05073bbdbeeb8bbc0dfd0,[C:1]([c:2]1[c:3]([H:5])[c:6]([H:7])[c:8]([H:9])[c:10]([C:11]([H:33])([H:34])[H:35])[c:4]1[N:12]([c:13]1[c:15]([C:17]([H:36])([H:37])[H:38])[c:18]([C:19]#[N:21])[c:20]2[n:16]1[c:28]([Cl:29])[c:26]([H:27])[c:24]([H:25])[c:22]2[H:23])[H:14])([H:30])([H:31])[H:32],24,5.4375,C-N,C-C-N-C,Cc1cccc(C)c1Nc1c(C)c(C#N)c2cccc(Cl)n12,22,4,0,neutral,3,ring_containing,2,0.2553191489361702,0.2760831015486977,whole_similarity_Q2,torsion_distance_Q3,heavy_atoms_Q4
confirmation,006fd9e612e8512484a6e7bb62bf3e4d,[N:1]#[C:2][c:3]1[c:4](-[c:6]2[c:8]([H:11])[c:10]([H:13])[c:12]([F:14])[c:15]([H:16])[c:9]2[H:17])[n:7]([H:19])[c:18]2[c:5]1[c:25]([H:27])[c:23]([H:26])[c:21]([H:24])[c:20]2[H:22],24,3.40625,C-C,N-C-C-C,N#Cc1c(-c2ccc(F)cc2)[nH]c2ccccc12,18,3,0,neutral,3,ring_containing,1,0.2909090909090909,0.4212884444494128,whole_similarity_Q2,torsion_distance_Q4,heavy_atoms_Q3
confirmation,0070e4d953e15fb39d982d7086d120f3,[C:1]([c:2]1[c:3](-[c:18]2[c:19]([H:21])[c:22]([H:23])[c:24]([C:25]([H:32])([H:33])[H:34])[c:26]([H:27])[c:20]2[H:28])[c:16](=[O:17])[c:7]2[c:5]([n:4]1[H:6])[c:8]([H:9])[c:10]([F:11])[c:12]([H:13])[c:14]2[F:15])([H:29])([H:30])[H:31],24,9.0625,C-C,C-C-C-C,Cc1ccc(-c2c(C)[nH]c3cc(F)cc(F)c3c2=O)cc1,21,4,0,neutral,3,ring_containing,1,0.2553191489361702,0.2452862286530559,whole_similarity_Q2,torsion_distance_Q2,heavy_atoms_Q4
confirmation,0071219e4a51553aa2a54cc65c3ebbc4,[O:1]=[C:2]1[C:3]([H:23])=[C:4]2[C:5]3([H:24])[C:6]([H:25])([H:26])[C:7]([H:27])([H:28])[C:8]4([H:29])[C:9]([H:30])([H:31])[C:10]([H:32])([H:33])[C:11]([H:34])([H:35])[C:12]([H:36])([H:37])[C:13]4([H:38])[C:14]3([H:39])[C:15]([H:40])([H:41])[C:16]([H:42])([H:43])[C:17]23[C:18](=[O:19])[O:20][C:21]([H:44])([H:45])[C:22]13[H:46],12,16.4375,C-C,C-C-C-C,O=C1C=C2C3CCC4CCCCC4C3CCC23C(=O)OCC13,22,3,0,neutral,5,ring_containing,0,0.203125,0.1351143157628931,whole_similarity_Q1,torsion_distance_Q1,heavy_atoms_Q4
confirmation,0071947a932b5010a4cb5e93c3a38cb7,[C:1]([O:2][C:3](=[O:4])[N:5]1[C:6]([H:17])([H:18])[C:7]([O:8][H:20])([H:19])[C:9]([N:10]([C:11]([H:22])([H:23])[H:24])[C:12]([H:25])([H:26])[H:27])([H:21])[C:13]1([H:28])[H:29])([H:14])([H:15])[H:16],24,13.71875,C-O,C-O-C-O,COC(=O)N1CC(O)C(N(C)C)C1,13,5,0,neutral,1,ring_containing,1,0.43243243243243246,0.23041122778574114,whole_similarity_Q4,torsion_distance_Q2,heavy_atoms_Q1
confirmation,0071f07f36df5c738b416b476d3dc28c,[C:1]([n:2]1[c:3]([H:5])[n:6][c:7]2[c:4]1[n:13][c:11](-[c:12]1[c:14]([H:16])[c:17]([H:18])[c:19]3[c:20]([H:22])[c:23]([H:24])[c:25]([H:26])[c:27]([H:28])[c:21]3[c:15]1[H:29])[n:10][c:8]2[C:9]([H:33])([H:34])[H:35])([H:30])([H:31])[H:32],15,21.625,C-N,C-N-C-C,Cc1nc(-c2ccc3ccccc3c2)nc2c1ncn2C,21,4,0,neutral,4,ring_containing,1,0.2962962962962963,0.23056322885847455,whole_similarity_Q3,torsion_distance_Q2,heavy_atoms_Q4
confirmation,00729ceed0b95f03bbd79b1acc7a1907,[C:1]([O:2][c:6]1[c:7]([H:9])[c:10]([H:11])[c:12]2[c:13]([c:8]1[C:16]([H:20])([H:21])[H:22])[C:15](=[O:17])[C:14]2([H:18])[H:19])([H:3])([H:4])[H:5],19,16.125,C-C,C-C-C-C,COc1ccc2c(c1C)C(=O)C2,12,2,0,neutral,2,ring_containing,1,0.42105263157894735,0.2874656424337291,whole_similarity_Q4,torsion_distance_Q3,heavy_atoms_Q1
confirmation,007419a3aff150dfad3f04607985402c,[C:1]([O:2][C:3](=[O:4])[N:5]([C:6]([C:7]([H:21])([H:22])[H:23])([C:8]([C:9](=[O:10])[N:11]=[S:12]([C:13]([H:26])([H:27])[H:28])([C:14]([H:29])([H:30])[H:31])=[O:15])([H:24])[H:25])[H:20])[H:19])([H:16])([H:17])[H:18],24,9.0625,C-C,C-C-C-C,COC(=O)NC(C)CC(=O)N=S(C)(C)=O,15,7,0,neutral,0,acyclic,3,0.3170731707317073,0.2629026655375739,whole_similarity_Q3,torsion_distance_Q3,heavy_atoms_Q2
confirmation,00753b5ee7bc5188827dc25fc4a043b1,[F:1][c:2]1[c:3]([H:6])[c:5]([C:7]([C:9]2([H:14])[C:12]([H:16])([H:17])[N:15]([H:18])[C:13]2([H:19])[H:20])([H:10])[H:11])[c:8]([H:22])[c:21]([F:23])[c:4]1[F:24],24,3.4375,C-C,C-C-C-C,Fc1cc(CC2CNC2)cc(F)c1F,14,4,0,neutral,2,ring_containing,2,0.23255813953488372,0.46534052665219594,whole_similarity_Q1,torsion_distance_Q4,heavy_atoms_Q2
confirmation,00753c80799354788608186ddb808d70,[C:1]([c:2]1[c:3]([H:5])[c:6]([H:7])[n:8][c:9]2[c:4]1[c:12]([C:32]([H:39])([H:40])[H:41])[c:11]([C:13](=[O:14])[N:15]1[C:16]([H:18])([H:19])[C:20]([H:21])([H:22])[N:23]([C:24](=[O:26])[C:27]([H:36])([H:37])[H:38])[C:25]([H:28])([H:29])[C:17]1([H:30])[H:31])[s:10]2)([H:33])([H:34])[H:35],23,15.0625,C-N,O-C-N-C,CC(=O)N1CCN(C(=O)c2sc3nccc(C)c3c2C)CC1,22,6,0,neutral,3,ring_containing,1,0.41509433962264153,0.29947496235599186,whole_similarity_Q4,torsion_distance_Q3,heavy_atoms_Q4
confirmation,0075ca11973d5e0b8f85e0be0642e972,[C:1]([O:2][C:3](=[O:4])[C:5](=[C:6]1[N:8]([H:10])[c:11]2[c:12]([H:14])[c:15]([H:16])[c:17]([H:18])[c:19]([H:20])[c:13]2-[n:21]2[c:9]1[n:24][n:23][n:22]2)[H:7])([H:25])([H:26])[H:27],22,18.5625,C-N,C-C-N-N,COC(=O)C=C1Nc2ccccc2-n2nnnc21,18,7,0,neutral,3,ring_containing,1,0.2711864406779661,0.25070252001781235,whole_similarity_Q2,torsion_distance_Q2,heavy_atoms_Q3
confirmation,007656d0bd3e5cb9b4a67bf4beda092d,[C:1]([O:2][C:3](=[O:4])[C:5]1=[C:6]([N:8]([c:10]2[c:12]([H:14])[c:15]([H:16])[c:17]([C:18]([H:31])([H:32])[H:33])[c:19]([H:20])[c:13]2[H:21])[H:11])[N:9]=[C:22]([H:23])[N:24]2[C:7]1=[N:27][C:26]([H:36])([H:37])[C:25]2([H:34])[H:35])([H:28])([H:29])[H:30],14,19.875,C-C,C-C-C-N,COC(=O)C1=C(Nc2ccc(C)cc2)N=CN2CCN=C12,21,6,0,neutral,3,ring_containing,3,0.2698412698412698,0.2360066088258175,whole_similarity_Q2,torsion_distance_Q2,heavy_atoms_Q4
confirmation,0076ba02fddf584991424f3b5ee8c19a,[C:1]([N:2]1[c:3]2[c:5]([H:7])[c:8]([H:9])[c:10]([H:11])[c:12]([H:13])[c:6]2[C:14](=[O:15])[C:4]1([C:16]([H:18])([H:19])[H:20])[O:17][C:21]([H:22])([H:23])[H:24])([H:25])([H:26])[H:27],24,6.78125,C-O,C-C-O-C,COC1(C)C(=O)c2ccccc2N1C,14,3,0,neutral,2,ring_containing,1,0.27450980392156865,0.1605143661148338,whole_similarity_Q2,torsion_distance_Q1,heavy_atoms_Q2
confirmation,007814f08b8050eab11bfedfba49f8ef,[C:1]([C:2](=[C:3]([C:4](=[O:5])[O:6][H:16])[H:15])[c:7]1[c:8]([H:17])[c:9]([H:18])[c:10]([H:19])[s:11]1)([H:12])([H:13])[H:14],24,5.25,C-C,C-C-C-O,CC(=CC(=O)O)c1cccs1,11,3,0,neutral,1,ring_containing,2,0.38095238095238093,0.3532700896450957,whole_similarity_Q4,torsion_distance_Q3,heavy_atoms_Q1
confirmation,007a5f1e70015b01be3d2e9eec57519c,[C:1]([c:2]1[c:3]([H:5])[c:6]([C:7]([C:9]([H:12])([H:13])[H:14])([O:10][H:15])[C:11]#[C:16][c:17]2[c:18]([H:20])[c:21]3[c:22]([c:24]([H:26])[c:19]2[Cl:27])[O:25][C:28]([H:39])([H:40])[C:29]([H:41])([H:42])[n:30]2[c:23]-3[n:35][c:33]([C:34]([H:43])([H:44])[H:45])[c:31]2[H:32])[n:8][o:4]1)([H:36])([H:37])[H:38],23,4.125,C-C,N-C-C-O,Cc1cn2c(n1)-c1cc(C#CC(C)(O)c3cc(C)on3)c(Cl)cc1OCC2,27,7,0,neutral,4,ring_containing,1,0.21518987341772153,0.39397253465521254,whole_similarity_Q1,torsion_distance_Q4,heavy_atoms_Q4
confirmation,007aade9d8b05f44aff39a52d729ae63,[C:1]([Si:2]([C:3]([H:17])([H:18])[H:19])([C:4]([H:20])([H:21])[H:22])[C:5]1([H:23])[C:6]([H:24])([H:25])[C:7]2([H:26])[C:8]([H:27])([H:28])[C:9]1([H:29])[C:10]([H:30])([H:31])[C:11]2([C:12]([S:13][H:35])([H:33])[H:34])[H:32])([H:14])([H:15])[H:16],24,2.1875,other_central_bonds,C-Si-C-C,C[Si](C)(C)C1CC2CC1CC2CS,13,2,0,neutral,2,ring_containing,2,0.2,0.5107810820611145,whole_similarity_Q1,torsion_distance_Q4,heavy_atoms_Q1
confirmation,007c76e635815fab840a2e45ac7f1012,[C:1]([n:2]1[c:3]([H:18])[n:4][c:5]2[c:6](=[O:7])[n:8]([H:19])[c:9]([N+:10]([H:20])([H:21])[H:22])[n:11][c:12](=[O:13])[c:14]12)([H:15])([H:16])[H:17],24,19.25,C-N,N-C-N-C,Cn1cnc2c(=O)[nH]c([NH3+])nc(=O)c21,14,7,1,positive,2,ring_containing,0,0.20754716981132076,0.21254430858749784,whole_similarity_Q1,torsion_distance_Q2,heavy_atoms_Q2
confirmation,007ef20722b853c99e12654e2f53d31a,[B:1]([c:2]1[c:3]([H:17])[c:4]([O:13][C:14]([H:24])([H:25])[H:26])[c:5]([C:9]([O:10][H:20])([O:11][C:12]([H:21])([H:22])[H:23])[H:19])[c:6]([F:8])[c:7]1[H:18])([O:15][H:27])[O:16][H:28],24,1.9375,other_central_bonds,O-B-C-C,COc1cc(B(O)O)cc(F)c1C(O)OC,16,7,0,neutral,1,ring_containing,4,0.2894736842105263,0.5636638104721484,whole_similarity_Q2,torsion_distance_Q4,heavy_atoms_Q2
confirmation,007f3af2aa1a5c539b706719bd6d21df,[C:1]([c:2]1[s:3][c:4]2[c:5]([H:20])[c:6]([H:21])[c:7]([H:22])[c:8]([H:23])[c:9]2[c:10]1[C:11]([N:12]([S:13]([C:14]([H:27])([H:28])[H:29])(=[O:15])=[O:16])[H:26])([H:24])[H:25])([H:17])([H:18])[H:19],24,7.1875,C-C,C-C-C-N,Cc1sc2ccccc2c1CNS(C)(=O)=O,16,5,0,neutral,2,ring_containing,3,0.3409090909090909,0.35346041847494647,whole_similarity_Q3,torsion_distance_Q3,heavy_atoms_Q2
confirmation,00803e39ff4c58e0ac9d489fc93d9621,[N:1]#[C:2][c:3]1[c:4]([H:7])[c:6]([H:9])[c:8]2[c:10]([C:12](=[C:14]([c:16]3[c:18]([H:21])[c:20]([H:23])[n:22][c:24]([H:25])[c:19]3[H:26])[H:17])[H:15])[n:13][n:27]([H:28])[c:11]2[c:5]1[H:29],24,35.875,C-C,C-C-C-C,N#Cc1ccc2c(C=Cc3ccncc3)n[nH]c2c1,19,4,0,neutral,3,ring_containing,2,0.22950819672131148,0.2507045178033212,whole_similarity_Q1,torsion_distance_Q2,heavy_atoms_Q3
confirmation,0080a61416175fd78bd740f1b048287d,[C:1]([C:2](=[O:3])[N:4]1[C:5]([H:23])([H:24])[C:6]([H:25])([H:26])[C:7]([H:27])([H:28])[C:8]([N:9]([C:10](=[O:11])[c:12]2[c:13]([H:31])[c:14]([C:15]#[N:16])[c:17]([H:32])[n:18]2[H:33])[H:30])([H:29])[C:19]1([H:34])[H:35])([H:20])([H:21])[H:22],24,12.0,C-N,C-N-C-O,CC(=O)N1CCCC(NC(=O)c2cc(C#N)c[nH]2)C1,19,6,0,neutral,2,ring_containing,2,0.543859649122807,0.12837151158926297,whole_similarity_Q4,torsion_distance_Q1,heavy_atoms_Q3
confirmation,00817ca93784544d8309bdf2461d5278,[O:1]=[C:2]([C:3]1=[C:4]([Cl:5])[C:6]([H:24])([H:25])[C:7]1([H:26])[H:27])[N:8]1[C:9]([H:28])([H:29])[C:10]([H:30])([H:31])[C:11]([N:12]2[C:13]([H:33])([H:34])[C:14]([H:35])([H:36])[c:15]3[c:16]([H:37])[c:17]([H:38])[c:18]([H:39])[c:19]([H:40])[c:20]3[C:21]2([H:41])[H:42])([H:32])[C:22]([H:43])([H:44])[C:23]1([H:45])[H:46],24,16.5,C-N,C-C-N-C,O=C(C1=C(Cl)CC1)N1CCC(N2CCc3ccccc3C2)CC1,23,4,0,neutral,4,ring_containing,2,0.43636363636363634,0.24084474310301973,whole_similarity_Q4,torsion_distance_Q2,heavy_atoms_Q4
confirmation,0081b8fb624153659a8f109a55837710,[O:1]=[S:2](=[O:3])([c:4]1[c:5]([H:24])[n:6][c:7]2[c:8]([H:25])[c:9]([H:26])[c:10]([H:27])[c:11]([H:28])[c:12]2[c:13]1[H:29])[N:14]1[C:15]([H:30])([H:31])[C:16]2([H:32])[C:17]([H:33])([H:34])[C:18]([H:35])([H:36])[C:19]([H:37])([H:38])[C:20]1([H:39])[C:21]([H:40])([H:41])[C:22]([H:42])([H:43])[C:23]2([H:44])[H:45],23,3.4375,other_central_bonds,N-S-C-C,O=S(=O)(c1cnc2ccccc2c1)N1CC2CCCC1CCC2,23,5,0,neutral,4,ring_containing,2,0.2631578947368421,0.23710073659566372,whole_similarity_Q2,torsion_distance_Q2,heavy_atoms_Q4
confirmation,008273083e995affa3f4d31dc44bd6a6,[C:1]([C:2](=[O:3])[N:4]([C:5]([C:6]([c:7]1[c:8]([H:25])[c:9]([H:26])[c:10]([H:27])[c:11]([H:28])[c:12]1[Cl:13])([C:14]([F:15])([F:16])[F:17])[H:24])([H:22])[H:23])[H:21])([H:18])([H:19])[H:20],24,17.5625,C-C,C-C-C-C,CC(=O)NCC(c1ccccc1Cl)C(F)(F)F,17,6,0,neutral,1,ring_containing,3,0.375,0.5380192434861648,whole_similarity_Q4,torsion_distance_Q4,heavy_atoms_Q3
confirmation,00837639d7855357a38e9de19c790285,[C:1]([C:2]1([O-:3])[c:4]2[c:5]([H:27])[c:6]([H:28])[c:7]([Br:8])[c:9]([H:29])[c:10]2-[n+:11]2[c:12]([H:30])[c:13]([H:31])[c:14]3[c:15]([n:16]([H:32])[c:17]4[c:18]([H:33])[c:19]([H:34])[c:20]([H:35])[c:21]([H:36])[c:22]34)[c:23]21)([H:24])([H:25])[H:26],15,28.0,C-C,O-C-C-N,CC1([O-])c2ccc(Br)cc2-[n+]2ccc3c([nH]c4ccccc43)c21,23,4,0,neutral,5,ring_containing,0,0.2318840579710145,0.495136005338797,whole_similarity_Q1,torsion_distance_Q4,heavy_atoms_Q4
confirmation,0083bd36541c5c4c8d41cd5f184c9cc2,[C:1]([N:2]([C:3](=[O:4])[N:5]1[C:6]([H:21])([H:22])[C:7]([H:23])([H:24])[C:8]2([H:25])[C:9]([H:26])([H:27])[C:10]([H:28])([H:29])[C:11]12[c:12]1[c:13]([H:30])[c:14]([H:31])[c:15]([H:32])[o:16]1)[H:20])([H:17])([H:18])[H:19],24,3.28125,C-C,C-C-C-O,CNC(=O)N1CCC2CCC21c1ccco1,16,4,0,neutral,3,ring_containing,1,0.30158730158730157,0.19710465725947618,whole_similarity_Q3,torsion_distance_Q2,heavy_atoms_Q2
confirmation,0083c455d0ba5a019f0630bf0de212c5,[C:1]([n:2]1[n:3][n:5][n:6][c:4]1[C:7]([N:8]([c:11]1[c:13]([H:15])[c:16]([Cl:17])[c:18]([H:19])[c:20]([H:21])[c:14]1[C:22]([H:26])([H:27])[H:28])[H:12])([H:9])[H:10])([H:23])([H:24])[H:25],24,6.375,C-N,C-C-N-C,Cc1ccc(Cl)cc1NCc1nnnn1C,16,6,0,neutral,2,ring_containing,3,0.24193548387096775,0.29118564329525065,whole_similarity_Q1,torsion_distance_Q3,heavy_atoms_Q2
confirmation,0083e164200e5a47bb7f473a14011cd3,[C:1]([C:2](=[C:3]1[O:5][c:7]2[c:8]([c:10]([H:12])[c:11]([H:14])[c:13]([C:15]([H:38])([H:39])[H:40])[c:9]2[C:16]([N:17]2[C:20]([H:23])([H:24])[C:22]([H:26])([H:27])[N:25]([C:28]([H:41])([H:42])[H:43])[C:29]([H:30])([H:31])[C:21]2([H:32])[H:33])([H:18])[H:19])[C:6]1=[O:34])[H:4])([H:35])([H:36])[H:37],24,5.9375,C-N,C-C-N-C,CC=C1Oc2c(ccc(C)c2CN2CCN(C)CC2)C1=O,21,4,0,neutral,3,ring_containing,2,0.47058823529411764,0.14330205965541776,whole_similarity_Q4,torsion_distance_Q1,heavy_atoms_Q4
confirmation,00850317c62a5535972ae7809e67c4dc,[C:1]([N:2]([c:3]1[n:4][c:5]([C:6]([H:21])([H:22])[H:23])[n:7][n:8]1-[c:9]1[c:10]([H:24])[c:11]([H:25])[c:12]([C:13]#[N:14])[c:15]([H:26])[c:16]1[H:27])[H:20])([H:17])([H:18])[H:19],24,4.28125,C-N,N-N-C-C,CNc1nc(C)nn1-c1ccc(C#N)cc1,16,5,0,neutral,2,ring_containing,2,0.2711864406779661,0.22301686864178397,whole_similarity_Q2,torsion_distance_Q2,heavy_atoms_Q2
confirmation,00850d3136b45ad8b0591be27cb33da7,[O:1]=[C:2]1[N:3]2[C:5]([H:7])([H:8])[C:9]([H:10])=[C:11]([c:12]3[c:14]([H:16])[c:17]([H:18])[c:19]([H:20])[n:21][c:15]3[H:22])[C:13]([H:23])([N:4]1[C:26]([H:27])([H:28])[H:29])[C:6]2([H:24])[H:25],13,19.8125,C-C,C-C-C-C,CN1C(=O)N2CC=C(c3cccnc3)C1C2,16,4,0,neutral,3,ring_containing,1,0.28,0.12831897048848764,whole_similarity_Q2,torsion_distance_Q1,heavy_atoms_Q2
confirmation,0085bc66c26d51c499d1d91cddf5b3eb,[C:1]([c:2]1[n:3][c:4]([C:5](=[O:6])[N:7]([C:8]([H:22])([H:23])[H:24])[C:9]2([H:25])[C:10]([H:26])([H:27])[C:11]([H:28])([H:29])[C:12]2([H:30])[H:31])[c:13]2[c:14]([H:32])[c:15]([H:33])[n:16]([H:34])[c:17]2[n:18]1)([H:19])([H:20])[H:21],24,5.96875,C-N,C-N-C-C,Cc1nc(C(=O)N(C)C2CCC2)c2cc[nH]c2n1,18,5,0,neutral,3,ring_containing,2,0.36538461538461536,0.18853784103268645,whole_similarity_Q4,torsion_distance_Q1,heavy_atoms_Q3
confirmation,008675fabf2a59bfb1a23c810a3a2aee,[C:1]([N+:2](=[C:3]([N:4]([c:5]1[c:6]([H:21])[c:7]([H:22])[c:8]2[c:9]([c:10]1[H:23])[O:11][C:12]([H:24])([H:25])[O:13]2)[H:20])[S:14][C:15]([H:26])([H:27])[H:28])[H:19])([H:16])([H:17])[H:18],24,13.875,C-N,N-C-N-C,C[NH+]=C(Nc1ccc2c(c1)OCO2)SC,15,5,1,positive,2,ring_containing,1,0.27450980392156865,0.09019060086706536,whole_similarity_Q2,torsion_distance_Q1,heavy_atoms_Q2
confirmation,0088eceda17d550fac7fa2af6f43b885,[C:1]([C:2](=[C:3]([c:4]1[c:5]([H:28])[c:6]([H:29])[c:7]([H:30])[c:8]([C:9]([H:31])([H:32])[H:33])[c:10]1[H:34])[c:11]1[c:12]([H:35])[c:13]([H:36])[c:14]([H:37])[c:15]([C:16]([H:38])([H:39])[H:40])[c:17]1[H:41])[c:18]1[c:19]([H:42])[c:20]([H:43])[c:21]([H:44])[c:22]([C:23]([H:45])([H:46])[H:47])[c:24]1[H:48])([H:25])([H:26])[H:27],24,4.625,C-C,C-C-C-C,CC(=C(c1cccc(C)c1)c1cccc(C)c1)c1cccc(C)c1,24,0,0,neutral,3,ring_containing,3,0.3333333333333333,0.25233790316407206,whole_similarity_Q3,torsion_distance_Q3,heavy_atoms_Q4
confirmation,008bb5e36644543b83b86ece6759c4e1,[C:1]([O:2][C:3]1([C:4](=[O:5])[N:6]2[C:7]([H:17])([H:18])[C:8]([H:19])([H:20])[S:9][C:10]([H:21])([H:22])[C:11]2([H:23])[H:24])[C:12]([H:25])([H:26])[C:13]1([H:27])[H:28])([H:14])([H:15])[H:16],24,10.5625,C-C,O-C-C-N,COC1(C(=O)N2CCSCC2)CC1,13,4,0,neutral,2,ring_containing,2,0.3469387755102041,0.20958448890380893,whole_similarity_Q4,torsion_distance_Q2,heavy_atoms_Q1
confirmation,008bd44193ee5947bdc498a912728613,[C:1]([N:2]([C:3]([H:29])([H:30])[H:31])[C:4]([C:5]([C:8]1([H:11])[C:12]([H:14])([H:15])[C:16]([H:17])([H:18])[N:19]([C:20]([H:32])([H:33])[H:34])[C:21]([H:22])([H:23])[C:13]1([H:24])[H:25])([H:9])[H:10])([H:6])[H:7])([H:26])([H:27])[H:28],24,7.8125,C-C,N-C-C-C,CN(C)CCC1CCN(C)CC1,12,2,0,neutral,1,ring_containing,3,0.36585365853658536,0.1278385512496656,whole_similarity_Q4,torsion_distance_Q1,heavy_atoms_Q1
confirmation,008cc0593eb25bfa8556bf0a745558ed,[C:1]([c:2]1[c:3]([H:5])[c:6]2[c:7]([n:10](-[c:12]3[c:13]([H:15])[c:16]([H:17])[c:18]([C:19]([H:28])([H:29])[H:30])[n:20][c:14]3[H:21])[c:9]([H:11])[n:8]2)[c:22]([H:23])[c:4]1[C:24]([H:31])([H:32])[H:33])([H:25])([H:26])[H:27],24,3.96875,C-N,C-N-C-C,Cc1ccc(-n2cnc3cc(C)c(C)cc32)cn1,18,3,0,neutral,3,ring_containing,1,0.2765957446808511,0.14240354960401028,whole_similarity_Q2,torsion_distance_Q1,heavy_atoms_Q3
confirmation,008ddc463bba535680dcafa3ab49cc3b,[C:1]([N:2]([C:3](=[O:5])[C:6]([O:7][N:10]=[C:11]([N:12]([H:14])[H:15])[C:13]([H:19])([H:20])[H:21])([H:8])[H:9])[H:4])([H:16])([H:17])[H:18],24,6.5,C-C,N-C-C-O,CNC(=O)CON=C(C)N,10,5,0,neutral,0,acyclic,3,0.2857142857142857,0.14748682384226897,whole_similarity_Q2,torsion_distance_Q1,heavy_atoms_Q1
confirmation,008fd5dcd2ba5a5aa7792cf5a75608d4,[C:1]([S:2](=[O:3])(=[O:4])[C:5]([C:6]1([H:18])[C:7]([H:19])([H:20])[C:8]([H:21])([H:22])[C:9]([H:23])([H:24])[C:10]([H:25])([H:26])[C:11]1([F:12])[H:27])([H:16])[H:17])([H:13])([H:14])[H:15],24,7.4375,other_central_bonds,C-S-C-C,CS(=O)(=O)CC1CCCCC1F,12,4,0,neutral,1,ring_containing,2,0.2682926829268293,0.4826630838500008,whole_similarity_Q2,torsion_distance_Q4,heavy_atoms_Q1
confirmation,00918bbc55135975a824e59fe7e6905d,[C:1]([c:2]1[n:3][c:5](=[O:6])[n:7]([C:8]([C:10]([C:13]([H:16])([H:17])[H:18])([C:14]([H:19])([H:20])[H:21])[C:15](=[O:22])[O:23][H:24])([H:11])[H:12])[c:9](=[O:25])[n:4]1[C:26]([H:30])([H:31])[H:32])([H:27])([H:28])[H:29],24,5.125,C-C,N-C-C-C,Cc1nc(=O)n(CC(C)(C)C(=O)O)c(=O)n1C,17,7,0,neutral,1,ring_containing,3,0.2549019607843137,0.22117234170078662,whole_similarity_Q2,torsion_distance_Q2,heavy_atoms_Q3
confirmation,0091e41e12d45fb4b96fd83e1035771c,[C:1]([c:2]1[c:3]([H:5])[c:6]([H:7])[c:8]([C:9]([H:29])([H:30])[H:31])[c:10]([N:11]([c:12]2[n:14][c:16]([H:17])[n:18][c:19]3[c:15]2[n:21][c:22]([H:23])[n:20]3[C:24]([H:32])([H:33])[H:34])[H:13])[c:4]1[H:25])([H:26])([H:27])[H:28],24,8.3125,C-N,C-C-N-C,Cc1ccc(C)c(Nc2ncnc3c2ncn3C)c1,19,5,0,neutral,3,ring_containing,2,0.2909090909090909,0.1824590832415972,whole_similarity_Q2,torsion_distance_Q1,heavy_atoms_Q3
confirmation,0092e7eb4cec5064b656feb4903eefae,[C:1]([c:2]1[c:3]([H:14])[c:4]([N:5]([H:15])[H:16])[c:6]([H:17])[c:7]([C:8]([H:18])([H:19])[H:20])[c:9]1[F:10])([H:11])([H:12])[H:13],24,4.34375,C-N,C-C-N-H,Cc1cc(N)cc(C)c1F,10,2,0,neutral,1,ring_containing,0,0.25,0.5246574389872461,whole_similarity_Q1,torsion_distance_Q4,heavy_atoms_Q1
confirmation,009320743dfe5409a742d0a94f22abc8,[C:1]([O:2][c:3]1[c:4]([H:21])[c:5]([H:22])[c:6]2[c:7]([c:8]1[N:9]([C:10]([C:11]([H:24])([H:25])[H:26])=[O:12])[H:23])[C:13]([H:27])([H:28])[C:14]([H:29])([H:30])[C:15]([H:31])=[C:16]2[C:17]([H:32])([H:33])[H:34])([H:18])([H:19])[H:20],24,7.4375,C-O,C-O-C-C,COc1ccc2c(c1NC(C)=O)CCC=C2C,17,3,0,neutral,2,ring_containing,2,0.3181818181818182,0.1741824844391545,whole_similarity_Q3,torsion_distance_Q1,heavy_atoms_Q3
confirmation,009361bf9eb85879acd460d365efa4dd,[C:1]([N:2]1[C:3]([H:26])([H:27])[C:4]([H:28])([H:29])[N:5]([c:6]2[c:7]([H:30])[c:8]([H:31])[c:9]([H:32])[c:10]([Cl:11])[c:12]2[N:13]2[C:14]([H:33])([H:34])[C:15]([H:35])([H:36])[O:16][C:17]([H:37])([H:38])[C:18]2([H:39])[H:40])[C:19](=[O:20])[C:21]1=[O:22])([H:23])([H:24])[H:25],24,17.25,C-C,N-C-C-N,CN1CCN(c2cccc(Cl)c2N2CCOCC2)C(=O)C1=O,22,7,0,neutral,3,ring_containing,2,0.3684210526315789,0.24715603067483494,whole_similarity_Q4,torsion_distance_Q2,heavy_atoms_Q4
confirmation,0093a628e3e95abb89d2fd9c9611ebe2,[O:1]=[C:2]([C:3]1([H:21])[C:4]([H:22])([H:23])[C:5]1([H:24])[H:25])[N:6]1[C:7]([H:26])([H:27])[C:8]([H:28])([H:29])[C:9]2([H:30])[C:10]([H:31])([C:11]1([H:32])[H:33])[C:12]([H:34])([H:35])[N:13]2[C:14](=[O:15])[C:16]1=[C:17]([Cl:18])[C:19]([H:36])([H:37])[C:20]1([H:38])[H:39],24,18.25,C-N,C-C-N-C,O=C(C1CC1)N1CCC2C(C1)CN2C(=O)C1=C(Cl)CC1,20,5,0,neutral,4,ring_containing,2,0.5689655172413793,0.0,whole_similarity_Q4,torsion_distance_Q1,heavy_atoms_Q4
confirmation,009537a857105e35bb6bd10b60cc2707,[H:1][C:2]1([N:3]([C:6]([c:8]2[c:11]([H:13])[n:14]([H:15])[c:16]3[c:12]2[n:23][c:21]([H:22])[c:19]([H:20])[c:17]3[H:18])([H:9])[H:10])[H:7])[C:4]([H:24])([H:25])[C:26]([H:27])([H:28])[C:29]([H:30])([H:31])[C:5]1([H:32])[H:33],24,5.71875,C-N,C-N-C-C,c1cnc2c(CNC3CCCC3)c[nH]c2c1,16,3,0,neutral,3,ring_containing,3,0.30612244897959184,0.2115410532892328,whole_similarity_Q3,torsion_distance_Q2,heavy_atoms_Q2
confirmation,0095fa48d7de522eb5d59ed70296b9f1,[C:1]([c:2]1[n:3][c:4]([C:5]([N:6]([C:7]2([H:22])[C:8]([H:23])([H:24])[O:9][C:10]3([H:25])[C:11]([H:26])([H:27])[C:12]2([H:28])[C:13]3([H:29])[H:30])[H:21])([H:19])[H:20])[c:14]([H:31])[s:15]1)([H:16])([H:17])[H:18],24,5.8125,C-N,C-C-N-C,Cc1nc(CNC2COC3CC2C3)cs1,15,4,0,neutral,4,ring_containing,3,0.25925925925925924,0.1629301424770785,whole_similarity_Q2,torsion_distance_Q1,heavy_atoms_Q2
confirmation,0096087ff4d85f3a809d7dbbd0330314,[C:1]([c:2]1[n:3][c:5]([C:6]([H:25])([H:26])[H:27])[n:7][c:8]([C:9]([C:10]([H:13])([H:14])[H:15])([C:11]([H:16])([H:17])[H:18])[C:12]([H:19])([H:20])[H:21])[n:4]1)([H:22])([H:23])[H:24],24,0.34375,C-C,N-C-C-C,Cc1nc(C)nc(C(C)(C)C)n1,12,3,0,neutral,1,ring_containing,0,0.25806451612903225,0.1760943055077668,whole_similarity_Q2,torsion_distance_Q1,heavy_atoms_Q1
confirmation,00963bed79ea576aa7d92450f5fae6c7,[C:1]([c:2]1[n:3][c:4](-[c:5]2[c:6]([H:24])[c:7]([H:25])[c:8]([H:26])[c:9]([C:10]#[N:11])[c:12]2[H:27])[c:13](-[n:14]2[c:15]([H:28])[c:16]([H:29])[n+:17]([H:30])[c:18]2[C:19]([H:31])([H:32])[H:33])[s:20]1)([H:21])([H:22])[H:23],24,18.5,C-C,C-C-C-N,Cc1nc(-c2cccc(C#N)c2)c(-n2cc[nH+]c2C)s1,20,5,1,positive,3,ring_containing,2,0.359375,0.17823818884263273,whole_similarity_Q4,torsion_distance_Q1,heavy_atoms_Q4
confirmation,0098a1f3d1465f8392541783a8e06066,[C:1]([Si:2]([C:3]([H:19])([H:20])[H:21])([C:4]([H:22])([H:23])[H:24])[C:5]([c:6]1[c:7]([H:27])[c:8]([H:28])[c:9]([S:12](=[O:13])(=[O:14])[N:15]([H:31])[H:32])[c:10]([H:29])[c:11]1[H:30])([H:25])[H:26])([H:16])([H:17])[H:18],24,2.125,other_central_bonds,C-Si-C-C,C[Si](C)(C)Cc1ccc(S(N)(=O)=O)cc1,15,5,0,neutral,1,ring_containing,3,0.25,0.503957564959341,whole_similarity_Q1,torsion_distance_Q4,heavy_atoms_Q2
confirmation,0098b6c0ab0e5119b0686ade8346dc35,[O:1]=[C:2]([c:3]1[c:4]([H:23])[c:5]([Br:6])[c:7]([H:24])[c:8]2[c:9]1[O:10][C:11]([H:25])([H:26])[C:12]([H:27])([H:28])[O:13]2)[N:14]1[C:15]([H:29])([H:30])[C:16]([H:31])([H:32])[S:17][C:18]([H:33])([H:34])[C:19]([F:20])([F:21])[C:22]1([H:35])[H:36],24,13.5,C-C,O-C-C-C,O=C(c1cc(Br)cc2c1OCCO2)N1CCSCC(F)(F)C1,22,8,0,neutral,3,ring_containing,1,0.4307692307692308,0.33837548156271285,whole_similarity_Q4,torsion_distance_Q3,heavy_atoms_Q4
confirmation,0099801cd1915bbcbe0d047d0a59e801,[C:1]([O:2][C:3](=[O:4])[C:5]1([N:6]([S:7]([C:8]([H:23])([H:24])[H:25])(=[O:9])=[O:10])[H:22])[C:11]([H:26])([H:27])[C:12]([H:28])([H:29])[c:13]2[c:14]([H:30])[c:15]([H:31])[c:16]([H:32])[c:17]([H:33])[c:18]21)([H:19])([H:20])[H:21],24,5.9375,C-C,O-C-C-C,COC(=O)C1(NS(C)(=O)=O)CCc2ccccc21,18,6,0,neutral,2,ring_containing,3,0.32142857142857145,0.28824428902368315,whole_similarity_Q3,torsion_distance_Q3,heavy_atoms_Q3
confirmation,009ebeadf814580d9e1ae456e2284b88,[C:1]([c:2]1[c:3]([H:5])[c:6]([N:7]([C:9](=[O:11])[c:12]2[c:13]([H:15])[c:16]([H:17])[c:18]([C:19]([H:24])([H:25])[H:26])[o:14]2)[H:10])[n:8][n:4]1[C:20]([H:27])([H:28])[H:29])([H:21])([H:22])[H:23],24,14.59375,C-N,C-N-C-O,Cc1ccc(C(=O)Nc2cc(C)n(C)n2)o1,16,5,0,neutral,2,ring_containing,2,0.37254901960784315,0.20227105655205432,whole_similarity_Q4,torsion_distance_Q2,heavy_atoms_Q2
confirmation,00a0d01be2685bfe9c187b82417ee7d9,[H:1][C:2]1([H:3])[C:4]([H:6])=[C:7]([H:8])[c:9]2[c:10]([H:12])[c:13]([H:14])[c:15]([H:16])[c:17]([C:18](=[C:19]([C:21]#[N:23])[C:22]([H:24])([H:25])[H:26])[H:20])[c:11]2[O:5]1,24,4.78125,C-C,C-C-C-C,CC(C#N)=Cc1cccc2c1OCC=C2,15,2,0,neutral,2,ring_containing,1,0.29411764705882354,0.19102374458240676,whole_similarity_Q2,torsion_distance_Q2,heavy_atoms_Q2
confirmation,00a1cf05693856719777309e72d073bb,[C:1]([C:2](=[O:3])[N-:4][N:5]1[C:6](=[O:7])[C:8]([H:16])([H:17])[C:9]([H:18])([H:19])[S:10][C:11]1([C:12]([H:21])([H:22])[H:23])[H:20])([H:13])([H:14])[H:15],24,23.0625,C-N,N-N-C-S,CC(=O)[N-]N1C(=O)CCSC1C,12,5,-1,negative,1,ring_containing,1,0.25,0.37633723265773944,whole_similarity_Q1,torsion_distance_Q4,heavy_atoms_Q1
confirmation,00a280ce67b45843bc9bde3ddd77b768,[C:1]([N:2]([C:3](=[O:4])[N:5]([C:6]1([H:24])[C:7]([H:25])([H:26])[C:8]([H:27])([H:28])[N:9]([H:29])[C:10]1([c:11]1[c:12]([H:31])[n:13][c:14]([Cl:15])[c:16]([F:17])[c:18]1[H:32])[H:30])[H:23])[H:22])([H:19])([H:20])[H:21],14,17.9375,C-C,C-C-C-N,CNC(=O)NC1CCNC1c1cnc(Cl)c(F)c1,18,7,0,neutral,2,ring_containing,2,0.2857142857142857,0.4639461439366271,whole_similarity_Q2,torsion_distance_Q4,heavy_atoms_Q3
confirmation,00a4530c26665898a8519d8d60af6d70,[C:1]([N:2]1[C:3]2=[N:4][C:5]([H:18])([H:19])[C:6]([H:20])([H:21])[N:7]2[C:8]([N:9]([H:22])[H:23])=[C:10]2[N:11]=[C:12]([H:24])[N:13]=[C:14]12)([H:15])([H:16])[H:17],14,19.875,C-N,C-N-C-N,CN1C2=NC=NC2=C(N)N2CCN=C12,14,6,0,neutral,3,ring_containing,0,0.19148936170212766,0.23196319696858078,whole_similarity_Q1,torsion_distance_Q2,heavy_atoms_Q2
confirmation,00a5c3c7c9c655c78fcbbdcc4fcf5c61,[C:1](=[C:2]1[C:5]([H:7])([H:8])[C:9]([H:10])([H:11])[C:12]([C:13]([C:16]([H:19])([H:20])[H:21])([C:17]([H:22])([H:23])[H:24])[H:18])([H:14])[C:15]2([H:25])[C:6]1([H:35])[C:32]([H:33])([H:34])[C:28](=[O:31])[C:26]2=[C:27]([C:29]([H:36])([H:37])[H:38])[H:30])([H:3])[H:4],24,8.78125,C-C,C-C-C-C,C=C1CCC(C(C)C)C2C(=CC)C(=O)CC12,16,1,0,neutral,2,ring_containing,1,0.2037037037037037,0.0,whole_similarity_Q1,torsion_distance_Q1,heavy_atoms_Q2
confirmation,00a75e77712f5e589f6d835667e1bfef,[C:1]([c:2]1[c:3]([H:20])[c:4]([C:5](=[O:6])[N:7]([C:8]2([H:22])[C:9]3([H:23])[C:10]([H:24])([H:25])[C:11]([H:26])([H:27])[N:12]([H:28])[C:13]23[H:29])[H:21])[c:14]([C:15]([H:30])([H:31])[H:32])[o:16]1)([H:17])([H:18])[H:19],24,15.53125,C-N,O-C-N-C,Cc1cc(C(=O)NC2C3CCNC32)c(C)o1,16,4,0,neutral,3,ring_containing,2,0.6170212765957447,0.09927476169351607,whole_similarity_Q4,torsion_distance_Q1,heavy_atoms_Q2
confirmation,00a77457c33d55f1ac461ac3d10c9c87,[C:1]([C:2](=[O:3])[N:4]1[C:5]([H:25])([H:26])[C:6]([H:27])([H:28])[C:7]2([H:29])[C:8]([H:30])([H:31])[C:9]1([H:32])[C:10]([H:33])([H:34])[N:11]([C:12](=[O:13])[C:14]([C:15]1([H:37])[C:16]([H:38])([H:39])[C:17]([H:40])([H:41])[C:18]([H:42])([H:43])[C:19]([H:44])([H:45])[C:20]1([H:46])[H:47])([H:35])[H:36])[C:21]2([H:48])[H:49])([H:22])([H:23])[H:24],24,5.4375,C-C,C-C-C-C,CC(=O)N1CCC2CC1CN(C(=O)CC1CCCCC1)C2,21,4,0,neutral,3,ring_containing,2,0.35294117647058826,0.24199508909646145,whole_similarity_Q4,torsion_distance_Q2,heavy_atoms_Q4
confirmation,00a7eaa1a90256628fd923f4fbc9f5b3,[C:1]([c:2]1[c:3]([H:5])[c:6]([H:7])[c:8]2[c:9]([c:4]1[H:17])[n:15][c:13]1[n:11]([c:10]2=[O:12])-[c:14]2[c:36]([c:38]([H:39])[c:40]3[c:41]([H:43])[c:44]([H:45])[c:46]([H:47])[c:48]([H:49])[c:42]3[c:50]2[H:51])[C:34](=[O:37])[N:18]([H:35])[C:16]1([C:19]([c:21]1[c:24]([H:26])[c:27]([H:28])[c:29]([C:30]([H:55])([H:56])[H:57])[c:31]([H:32])[c:25]1[H:33])([H:22])[H:23])[H:20])([H:52])([H:53])[H:54],24,9.6875,C-C,N-C-C-C,Cc1ccc(CC2NC(=O)c3cc4ccccc4cc3-n3c2nc2cc(C)ccc2c3=O)cc1,34,5,0,neutral,6,ring_containing,2,0.27692307692307694,0.3530779471073156,whole_similarity_Q2,torsion_distance_Q3,heavy_atoms_Q4
confirmation,00a82325df3a5dda972d7463f6cfca96,[O:1]=[C:2]([O:3][H:5])[c:4]1[s:6][c:8]([H:10])[c:9]([H:11])[c:7]1-[c:12]1[c:13]([H:16])[c:15]([H:18])[c:17]([H:20])[c:19]([H:21])[c:14]1[H:22],24,4.1875,C-C,C-C-C-C,O=C(O)c1sccc1-c1ccccc1,14,3,0,neutral,2,ring_containing,2,0.30952380952380953,0.4276977130777185,whole_similarity_Q3,torsion_distance_Q4,heavy_atoms_Q2
confirmation,00a8ab2a6a725127a722cd89fbae991f,[C:1]([N:2]([C:3]([H:24])([H:25])[H:26])[C:4]1([C:5](=[O:6])[N:7]2[C:8]([H:27])([H:28])[C:9]([H:29])([H:30])[S:10][C:11]([H:31])([H:32])[C:12]([F:13])([F:14])[C:15]2([H:33])[H:34])[C:16]([H:35])([H:36])[C:17]([H:37])([H:38])[C:18]([H:39])([H:40])[O:19][C:20]1([H:41])[H:42])([H:21])([H:22])[H:23],24,15.25,C-C,N-C-C-O,CN(C)C1(C(=O)N2CCSCC(F)(F)C2)CCCOC1,20,7,0,neutral,2,ring_containing,2,0.36363636363636365,0.3641721994388758,whole_similarity_Q4,torsion_distance_Q3,heavy_atoms_Q4
confirmation,00a90e2eb5005d57ab2208fb9e0122f6,[C:1]([O:2][c:3]1[c:4]([H:20])[c:5]([H:21])[c:6]([H:22])[c:7]([H:23])[c:8]1-[c:9]1[n:10][c:11]([C:12]([H:24])([H:25])[H:26])[c:13]([C:14]([H:27])([H:28])[H:29])[n:15]1[C:16]([H:30])([H:31])[H:32])([H:17])([H:18])[H:19],24,5.59375,C-O,C-O-C-C,COc1ccccc1-c1nc(C)c(C)n1C,16,3,0,neutral,2,ring_containing,2,0.41025641025641024,0.20736356484192686,whole_similarity_Q4,torsion_distance_Q2,heavy_atoms_Q2
confirmation,00a91080d7d453a3935d602d3681e962,[O:1]=[C:2]([N:3]([C:4]1([H:19])[C:5]([H:20])([H:21])[C:6]([H:22])([H:23])[S:7][C:8]1([H:24])[H:25])[H:18])[c:9]1[c:10]([H:26])[c:11]2[n:12][c:13]([H:27])[c:14]([H:28])[c:15]([H:29])[n:16]2[n:17]1,24,7.3125,C-C,O-C-C-N,O=C(NC1CCSC1)c1cc2ncccn2n1,17,6,0,neutral,3,ring_containing,2,0.3076923076923077,0.2774692747056494,whole_similarity_Q3,torsion_distance_Q3,heavy_atoms_Q3
confirmation,00a91845a45353d7a14cd7f0ffce679c,[O:1]=[C:2]1[C:3](=[C:5]([c:7]2[c:9]([H:11])[c:12]([H:13])[c:14]([C:15]([H:30])([H:31])[H:32])[c:16]([C:17]([H:33])([H:34])[H:35])[c:10]2[H:18])[H:8])[C:6]([H:19])([H:20])[c:21]2[c:4]1[c:28]([H:29])[c:26]([H:27])[c:24]([H:25])[c:22]2[H:23],24,5.5625,C-C,C-C-C-C,Cc1ccc(C=C2Cc3ccccc3C2=O)cc1C,19,1,0,neutral,3,ring_containing,1,0.43137254901960786,0.18246046095729582,whole_similarity_Q4,torsion_distance_Q1,heavy_atoms_Q3
confirmation,00a9c5bbd0445fd5b451d30245a23355,[C:1]([c:2]1[c:3]([H:28])[c:4]([H:29])[c:5]([C:6](=[O:7])[N:8]([C:9]2([H:31])[C:10]([H:32])([H:33])[C:11]([H:34])([H:35])[N:12]([C:13](=[O:14])[C:15]3=[C:16]([Cl:17])[C:18]([H:36])([H:37])[C:19]3([H:38])[H:39])[C:20]2([H:40])[H:41])[H:30])[c:21]([C:22]([H:42])([H:43])[H:44])[c:23]1[C:24]([H:45])([H:46])[H:47])([H:25])([H:26])[H:27],24,3.1875,C-C,C-C-C-O,Cc1ccc(C(=O)NC2CCN(C(=O)C3=C(Cl)CC3)C2)c(C)c1C,24,5,0,neutral,3,ring_containing,3,0.6,0.30364755296333545,whole_similarity_Q4,torsion_distance_Q3,heavy_atoms_Q4
confirmation,00a9f2d26f9c571298e09fabac6ee5e2,[C:1]([C:2]12[C:3]([H:23])([H:24])[C:4]([H:25])([H:26])[C:5]([H:27])([H:28])[C:6]([H:29])([H:30])[C:7]1([H:31])[C:8]1([H:32])[C:9]([H:33])([H:34])[C:10]1([H:35])[C:11]1([H:36])[C:12]([H:37])([H:38])[C:13]([H:39])([H:40])[C:14]([C:15](=[O:16])[O-:17])=[C:18]1[C:19]2([H:41])[H:42])([H:20])([H:21])[H:22],14,20.0,C-C,C-C-C-C,CC12CCCCC1C1CC1C1CCC(C(=O)[O-])=C1C2,19,2,-1,negative,4,ring_containing,1,0.234375,0.1827474326959593,whole_similarity_Q1,torsion_distance_Q1,heavy_atoms_Q3
confirmation,00aa52ead944500c85b83a287579dea4,[c:1]1([H:2])[c:3]([H:5])[c:6]2[c:7]3[c:9]([c:11]([H:13])[c:14]([H:15])[c:8]2[n:4]1[H:16])[C:12]([H:17])([H:18])[C:19]([H:20])([H:21])[C:22]([N:23]1[C:25]([H:27])([H:28])[C:29]([H:30])([H:31])[C:32]([H:33])([H:34])[C:35]([H:36])([H:37])[C:38]([H:39])([H:40])[C:26]1([H:41])[H:42])([H:24])[C:10]3([H:43])[H:44],24,18.84375,C-C,C-C-C-C,c1cc2c3c(ccc2[nH]1)CCC(N1CCCCCC1)C3,20,2,0,neutral,4,ring_containing,1,0.2033898305084746,0.14094597478696116,whole_similarity_Q1,torsion_distance_Q1,heavy_atoms_Q4
confirmation,00aac6961a7051a5a56c6b923066aa5b,[C:1]([N:2]1[C:3]2([H:7])[C:5]([H:9])([H:10])[C:8]([H:11])([H:12])[C:4]1([H:14])[C:13]([H:16])([H:17])[C:15]([C:18]([c:20]1[c:23]([H:26])[c:25]([H:28])[c:27]([Cl:29])[c:30]([H:31])[c:24]1[H:32])([H:21])[H:22])([H:19])[C:6]2([H:33])[H:34])([H:35])([H:36])[H:37],24,4.9375,C-C,C-C-C-C,CN1C2CCC1CC(Cc1ccc(Cl)cc1)C2,17,2,0,neutral,3,ring_containing,2,0.3181818181818182,0.2185020285511331,whole_similarity_Q3,torsion_distance_Q2,heavy_atoms_Q3
confirmation,00aac8b7427052ea8fddf37bb7547d9d,[C:1]([C:2](=[O:3])[N:4]([S:5](=[O:6])(=[O:7])[c:8]1[c:9]([H:21])[c:10]([H:22])[c:11]2[c:12]([c:13]1[H:23])[O:14][C:15]([H:24])([H:25])[O:16]2)[H:20])([H:17])([H:18])[H:19],24,5.0625,other_central_bonds,N-S-C-C,CC(=O)NS(=O)(=O)c1ccc2c(c1)OCO2,16,7,0,neutral,2,ring_containing,2,0.3617021276595745,0.47969723987212776,whole_similarity_Q4,torsion_distance_Q4,heavy_atoms_Q2
confirmation,00aada6ddcfa52ec96568b6792165c55,[C:1]([c:2]1[c:3]([H:5])[c:6]([C:7]#[N:9])[c:8]([N:10]([C:12](=[O:14])[c:15]2[c:16]([H:18])[c:19]([H:20])[c:21]([H:22])[n:23][c:17]2[Cl:24])[H:13])[c:11]([H:25])[c:4]1[C:26]([H:30])([H:31])[H:32])([H:27])([H:28])[H:29],24,14.5625,C-N,C-N-C-O,Cc1cc(C#N)c(NC(=O)c2cccnc2Cl)cc1C,20,5,0,neutral,2,ring_containing,2,0.3157894736842105,0.21011987897823217,whole_similarity_Q3,torsion_distance_Q2,heavy_atoms_Q4
confirmation,00ab816ba758505fa1dfa3083129f384,[C:1]([C:2]1=[N:3][N:4]([H:13])[C:5](=[O:6])[O:7][C:8]1([C:9]([H:15])([H:16])[H:17])[H:14])([H:10])([H:11])[H:12],19,19.875,C-N,N-N-C-O,CC1=NNC(=O)OC1C,9,4,0,neutral,1,ring_containing,0,0.17073170731707318,0.2646299383747944,whole_similarity_Q1,torsion_distance_Q3,heavy_atoms_Q1
confirmation,00adea52f6795abb86d8c358932ab04c,[C:1]([C:2](=[O:3])[O:4][C:5]1([H:22])[c:6]2[o:7][c:8]([H:23])[c:9]([H:24])[c:10]2[C:11]([H:25])([H:26])[C:12]([H:27])([H:28])[C:13]2([H:29])[C:14]([H:30])([H:31])[C:15]([H:32])([H:33])[C:16]([H:34])([H:35])[C:17]12[C:18]([H:36])([H:37])[H:38])([H:19])([H:20])[H:21],22,18.875,C-C,O-C-C-C,CC(=O)OC1c2occc2CCC2CCCC21C,18,3,0,neutral,3,ring_containing,1,0.24615384615384617,0.1518343833042946,whole_similarity_Q1,torsion_distance_Q1,heavy_atoms_Q3
confirmation,00ae32bee2fb58ec8cf852e9385796aa,[H:1][C:2]1([H:3])[C:4]([H:6])([H:7])[C:8]([H:9])([H:10])[C:11]([H:12])([H:13])[N:14]([C:15]([c:17]2[c:20]([H:22])[c:23]([H:24])[c:25]([C:26]([H:34])([H:35])[H:36])[c:27]([H:28])[c:21]2[F:29])([H:18])[H:19])[C:16]([H:30])([H:31])[C:5]1([H:32])[H:33],24,5.9375,C-N,C-N-C-C,Cc1ccc(CN2CCCCCC2)c(F)c1,16,2,0,neutral,2,ring_containing,2,0.3584905660377358,0.1596622084280856,whole_similarity_Q4,torsion_distance_Q1,heavy_atoms_Q2
confirmation,00ae4768fb3854ef86ca7add3e238858,[C:1]([c:2]1[c:3]([H:5])[c:6]([C:7]([H:25])([H:26])[H:27])[n:8][c:9](=[O:10])[n:4]1-[c:11]1[c:12]([H:14])[c:15]([H:16])[c:17]([H:18])[c:19]([H:20])[c:13]1[H:21])([H:22])([H:23])[H:24],24,14.9375,C-N,C-N-C-C,Cc1cc(C)n(-c2ccccc2)c(=O)n1,15,3,0,neutral,2,ring_containing,1,0.42105263157894735,0.20512948799553515,whole_similarity_Q4,torsion_distance_Q2,heavy_atoms_Q2
confirmation,00ae99eeeb5e56d7b022a3eec1a6e5cb,[C:1]([C:2](=[O:3])[N:4]([C:5]([C:6]([H:15])([H:16])[H:17])([C:7](=[N:8][H:18])[S-:9])[H:14])[H:13])([H:10])([H:11])[H:12],24,7.46875,C-C,N-C-C-S,CC(=O)NC(C)C(=N)[S-],9,4,-1,negative,0,acyclic,2,0.34375,0.4885683562739443,whole_similarity_Q4,torsion_distance_Q4,heavy_atoms_Q1
confirmation,00af4c6f5fc357de91731f7b01f80c7a,[C:1]([c:2]1[c:3]([H:26])[c:4]([H:27])[c:5]([C:6]([N:7]2[C:8]([H:30])([H:31])[C:9]([H:32])([H:33])[S:10](=[O:11])(=[O:12])[N:13]3[C:14]([H:34])([H:35])[C:15]([H:36])([H:37])[C:16]([H:38])([H:39])[C:17]([H:40])([H:41])[C:18]([H:42])([H:43])[C:19]23[H:44])([H:28])[H:29])[c:20]([C:21]([H:45])([H:46])[H:47])[n:22]1)([H:23])([H:24])[H:25],24,6.6875,C-N,C-C-N-C,Cc1ccc(CN2CCS(=O)(=O)N3CCCCCC23)c(C)n1,22,6,0,neutral,3,ring_containing,2,0.2857142857142857,0.18812708844191653,whole_similarity_Q2,torsion_distance_Q1,heavy_atoms_Q4
confirmation,00af8976df0f5dbbb14f9c2adaf805ee,[C:1]([c:2]1[n:3][c:4]2[n:5]([c:6](=[O:7])[c:8]1[C:9]([H:26])([H:27])[H:28])[C:10]([H:29])([H:30])[C:11]([H:31])([H:32])[N:12]([C:13](=[O:14])[C:15](=[O:16])[N:17]([C:18]([H:33])([H:34])[H:35])[C:19]([H:36])([H:37])[H:38])[C:20]2([C:21]([H:39])([H:40])[H:41])[C:22]([H:42])([H:43])[H:44])([H:23])([H:24])[H:25],24,17.125,C-N,C-N-C-C,Cc1nc2n(c(=O)c1C)CCN(C(=O)C(=O)N(C)C)C2(C)C,22,7,0,neutral,2,ring_containing,0,0.24528301886792453,0.15926635315427012,whole_similarity_Q1,torsion_distance_Q1,heavy_atoms_Q4
confirmation,00b16fd7a7ec53a1935e55564e62ccb4,[C:1]([n:2]1[n:3][n:5][c:6]2[c:4]1[c:13]([H:31])[c:10](-[c:12]1[n:14][c:16]([C:17]([H:35])([H:36])[H:37])[o:18][c:15]1[S:19][c:20]1[c:21]([H:24])[c:23]([H:26])[c:25]([Cl:27])[c:28]([H:29])[c:22]1[H:30])[c:8]([H:11])[c:7]2[H:9])([H:32])([H:33])[H:34],24,4.625,other_central_bonds,O-C-S-C,Cc1nc(-c2ccc3nnn(C)c3c2)c(Sc2ccc(Cl)cc2)o1,24,7,0,neutral,4,ring_containing,3,0.24561403508771928,0.5905421044581105,whole_similarity_Q1,torsion_distance_Q4,heavy_atoms_Q4
confirmation,00b1b97b55c15189b1783aba6ab073af,[C:1]([c:2]1[n:3][n:6]2[c:5]([n:4]1)[c:7]([C:8]([C:10]([H:13])([H:14])[H:15])([H:11])[H:12])[c:9]([H:16])[n:17]2[C:18]([H:22])([H:23])[H:24])([H:19])([H:20])[H:21],24,14.4375,other_central_bonds,N-N-N-C,CCc1cn(C)n2nc(C)nc12,12,4,0,neutral,2,ring_containing,1,0.2545454545454545,0.2566613961936085,whole_similarity_Q2,torsion_distance_Q3,heavy_atoms_Q1
confirmation,00b22bf168ff56f2921065a2171090d8,[C:1]([n:2]1[n:3][c:5]([H:6])[c:7]([C:8]2([H:9])[C:10]([H:12])([H:13])[C:14](=[O:15])[N:16]([H:17])[C:18]([H:19])([H:20])[c:21]3[c:11]2[n:24]2[c:23]([n:22]3)[s:25][c:26]([H:27])[c:28]2[H:29])[c:4]1[C:30]([H:34])([H:35])[H:36])([H:31])([H:32])[H:33],24,10.0,C-C,C-C-C-C,Cc1c(C2CC(=O)NCc3nc4sccn4c32)cnn1C,21,7,0,neutral,4,ring_containing,1,0.2676056338028169,0.27854505637215743,whole_similarity_Q2,torsion_distance_Q3,heavy_atoms_Q4
confirmation,00b757429aae560f91b7fe527656a101,[C:1]([c:2]1[c:3]([H:5])[c:6]([C:7]([H:29])([H:30])[H:31])[c:8]([C:9]([C:10]([H:13])([H:14])[H:15])([c:11]2[c:16]([H:18])[c:19]([H:20])[c:21]([H:22])[c:23]([C:24]([H:32])([H:33])[H:34])[c:17]2[H:25])[H:12])[o:4]1)([H:26])([H:27])[H:28],24,3.53125,C-C,O-C-C-C,Cc1cccc(C(C)c2oc(C)cc2C)c1,16,1,0,neutral,2,ring_containing,2,0.34,0.2787271400822165,whole_similarity_Q3,torsion_distance_Q3,heavy_atoms_Q2
confirmation,00b774ce75715fe995e93280796a55b5,[C:1]([N:2]([C:3](=[O:4])[c:5]1[c:6]([H:29])[c:7]2[c:8]([H:30])[n:9][n:10]([H:31])[c:11]2[c:12]([H:32])[n:13]1)[C:14]1([H:33])[C:15]([H:34])([H:35])[C:16]([H:36])([H:37])[N:17]([C:18](=[O:19])[C:20]2=[C:21]([Cl:22])[C:23]([H:38])([H:39])[C:24]2([H:40])[H:41])[C:25]1([H:42])[H:43])([H:26])([H:27])[H:28],24,17.875,C-N,C-N-C-C,CN(C(=O)c1cc2cn[nH]c2cn1)C1CCN(C(=O)C2=C(Cl)CC2)C1,25,8,0,neutral,4,ring_containing,3,0.3783783783783784,0.3631808260295801,whole_similarity_Q4,torsion_distance_Q3,heavy_atoms_Q4
confirmation,00b7b84559d356aa9da9e2e8d391cecd,[O:1]=[C:2]1[C:3]([H:15])([H:16])[C:4]([H:17])([H:18])[C:5]([C:6](=[O:7])[N:8]2[C:9]([H:20])([H:21])[C:10]([H:22])([H:23])[C:11]([F:12])([H:24])[C:13]2([H:25])[H:26])([H:19])[O:14]1,23,16.09375,C-N,O-C-N-C,O=C1CCC(C(=O)N2CCC(F)C2)O1,14,5,0,neutral,2,ring_containing,1,0.3673469387755102,0.37302849633658985,whole_similarity_Q4,torsion_distance_Q4,heavy_atoms_Q2
confirmation,00b7bf10515352ffa33666966e0024fc,[C:1]([c:2]1[c:3]([H:19])[c:4]2[c:5]([s:6]1)[C:7]([H:20])([H:21])[C:8]([C:9]([H:23])([H:24])[H:25])([H:22])[C:10]([H:26])([H:27])[N:11]1[C:12](=[O:13])[C:14]([H:28])([H:29])[C:15]21[H:30])([H:16])([H:17])[H:18],24,18.75,C-N,C-N-C-C,Cc1cc2c(s1)CC(C)CN1C(=O)CC21,15,3,0,neutral,3,ring_containing,0,0.24561403508771928,0.16649116718430268,whole_similarity_Q1,torsion_distance_Q1,heavy_atoms_Q2
confirmation,00b7bf3ae6f95e9d9d14967ee858a6bc,[C:1]([O:2][C:3](=[O:4])[N:5]1[C:6]([H:28])([H:29])[C:7]2([H:30])[C:8]([H:31])([H:32])[C:9]([H:33])([H:34])[O:10][C:11]([H:35])([H:36])[C:12]2([C:13](=[O:14])[N:15]=[S:16]2(=[O:17])[C:18]([H:37])([H:38])[C:19]([H:39])([H:40])[C:20]([H:41])([H:42])[C:21]([H:43])([H:44])[C:22]([H:45])([H:46])[C:23]2([H:47])[H:48])[C:24]1([H:49])[H:50])([H:25])([H:26])[H:27],24,12.3125,C-N,O-C-N-C,COC(=O)N1CC2CCOCC2(C(=O)N=S2(=O)CCCCCC2)C1,24,8,0,neutral,3,ring_containing,1,0.3392857142857143,0.3648904329667098,whole_similarity_Q3,torsion_distance_Q3,heavy_atoms_Q4
confirmation,00b81721d94f566d9d75917b22f76951,[O:1]=[C:2]1[N:3]([H:24])[C:4]([H:25])([H:26])[c:5]2[c:6]([H:27])[c:7]([H:28])[c:8]([H:29])[c:9]([H:30])[c:10]2[C:11]1([N:12]([C:13](=[O:14])[C:15]12[C:16]([H:33])([H:34])[C:17]([H:35])([H:36])[C:18]([F:19])([C:20]([H:37])([H:38])[N:21]([H:39])[C:22]1([H:40])[H:41])[C:23]2([H:42])[H:43])[H:32])[H:31],24,17.6875,C-N,C-C-N-C,O=C1NCc2ccccc2C1NC(=O)C12CCC(F)(CNC1)C2,23,6,0,neutral,4,ring_containing,2,0.24285714285714285,0.28144109027367137,whole_similarity_Q1,torsion_distance_Q3,heavy_atoms_Q4
confirmation,00b8a9db9a7252989f99d16efdaaab67,[C:1]([c:2]1[c:3]([H:5])[c:6]([H:7])[c:8]([C:9](=[O:11])[N:12]([C:13](=[C:15]([C:17]([H:28])([H:29])[H:30])[H:18])[C:16](=[O:19])[N:20]([C:21]([H:31])([H:32])[H:33])[C:22]([H:34])([H:35])[H:36])[H:14])[c:10]([H:23])[c:4]1[C:24]([H:37])([H:38])[H:39])([H:25])([H:26])[H:27],24,5.8125,C-C,C-C-C-O,CC=C(NC(=O)c1ccc(C)c(C)c1)C(=O)N(C)C,19,4,0,neutral,1,ring_containing,3,0.32,0.2191138323966111,whole_similarity_Q3,torsion_distance_Q2,heavy_atoms_Q3
confirmation,00b9e993e56958c4b34ea472aa684ec6,[C:1]([c:2]1[c:3]([H:5])[c:6](-[c:7]2[c:9]([H:11])[c:12]([H:13])[c:14]([H:15])[c:16]([H:17])[c:10]2[H:18])[c:8]([Cl:19])[c:20]([H:21])[c:4]1[F:22])([H:23])([H:24])[H:25],24,7.375,C-C,C-C-C-C,Cc1cc(-c2ccccc2)c(Cl)cc1F,15,2,0,neutral,2,ring_containing,1,0.32608695652173914,0.4937431315121124,whole_similarity_Q3,torsion_distance_Q4,heavy_atoms_Q2
confirmation,00bb3a42062e59ac81f40a98896609f1,[O:1]=[C:2]1[C:3]([C:5]([H:29])([H:30])[H:31])=[C:6]([N:7]([c:9]2[c:11]([H:14])[c:13]([H:16])[c:15]([Cl:17])[c:18]([Cl:19])[c:12]2[H:20])[H:10])[c:8]2[c:4]1[c:26]([H:28])[c:24]([H:27])[c:22]([H:25])[c:21]2[H:23],24,6.0,C-N,C-C-N-C,CC1=C(Nc2ccc(Cl)c(Cl)c2)c2ccccc2C1=O,20,4,0,neutral,3,ring_containing,2,0.29545454545454547,0.3652938757571993,whole_similarity_Q3,torsion_distance_Q4,heavy_atoms_Q4
confirmation,00bc56f64fe85abe8dec872ccb06bd1e,[H:1][C:2]1([F:3])[C:4](=[O:6])[N:7]([C:8]([C:10]2([H:13])[C:14]([H:16])([H:17])[C:18]([H:19])([H:20])[C:21]([H:22])([H:23])[C:24]([H:25])([H:26])[C:15]2([H:27])[H:28])([H:11])[H:12])[c:9]2[c:5]1[c:35]([H:36])[c:33]([H:34])[c:31]([H:32])[c:29]2[H:30],24,4.59375,C-C,N-C-C-C,O=C1C(F)c2ccccc2N1CC1CCCCC1,18,3,0,neutral,3,ring_containing,2,0.3148148148148148,0.2545840124854096,whole_similarity_Q3,torsion_distance_Q3,heavy_atoms_Q3
confirmation,00bcc126cd115f1494a040ad45ac87f3,[C:1]([C:2]1=[N:3][N:5]([C:6]([H:31])([H:32])[H:33])[C:7](=[O:8])[C:9](=[C:10]([N:11]([C:13](=[O:15])[c:16]2[c:17]([H:20])[c:19]([H:22])[c:21]([H:24])[c:23]([C:25]([H:34])([H:35])[H:36])[c:18]2[H:26])[H:14])[H:12])[N:4]1[H:27])([H:28])([H:29])[H:30],22,5.0625,C-C,O-C-C-C,CC1=NN(C)C(=O)C(=CNC(=O)c2cccc(C)c2)N1,20,6,0,neutral,2,ring_containing,2,0.27586206896551724,0.09094922299353864,whole_similarity_Q2,torsion_distance_Q1,heavy_atoms_Q4
confirmation,00bd4733a7775d52bb48f864feb8ee50,[C:1]([S:2][C:3]([C:4]#[N:5])([C:6]([c:7]1[c:8]([H:20])[c:9]([H:21])[c:10]([H:22])[c:11]([H:23])[c:12]1[C:13]([H:24])([H:25])[H:26])([H:18])[H:19])[H:17])([H:14])([H:15])[H:16],24,4.3125,C-C,C-C-C-C,CSC(C#N)Cc1ccccc1C,13,2,0,neutral,1,ring_containing,3,0.2608695652173913,0.2445653117528156,whole_similarity_Q2,torsion_distance_Q2,heavy_atoms_Q1
confirmation,00bd9c7ce9ce5c1da9d62797482ec1d3,[C:1]([C:2]1=[N:3][N:4]([H:20])[C:5](=[c:6]2[c:7]([H:21])[c:8]([H:22])[c:9]3[c:14]([c:15]2[H:27])[C:12]([C:13]([H:24])([H:25])[H:26])=[N+:11]([H:23])[N:10]=3)[N:16]1[H:28])([H:17])([H:18])[H:19],24,4.625,C-C,C-C-C-N,CC1=NNC(=c2ccc3c(c2)C(C)=[NH+]N=3)N1,16,5,1,positive,3,ring_containing,0,0.20754716981132076,0.17882812861781566,whole_similarity_Q1,torsion_distance_Q1,heavy_atoms_Q2
confirmation,00bda78dd2ac5f3fa531a2fa2188ba76,[C:1]([N:2]1[C:3]([H:29])([H:30])[C:4]([H:31])([H:32])[C:5]([H:33])([H:34])[N:6]([C:7]([H:35])([H:36])[H:37])[P:8]12=[N:9][P:10]([N:11]1[C:12]([H:38])([H:39])[C:13]([H:40])([H:41])[C:14]([H:42])([H:43])[C:15]1([H:44])[H:45])([N:16]1[C:17]([H:46])([H:47])[C:18]([H:48])([H:49])[C:19]([H:50])([H:51])[C:20]1([H:52])[H:53])=[N:21][P:22]([C:23]([H:54])([H:55])[H:56])([C:24]([H:57])([H:58])[H:59])=[N:25]2)([H:26])([H:27])[H:28],24,18.875,C-N,P-N-C-C,CN1CCCN(C)P12=NP(N1CCCC1)(N1CCCC1)=NP(C)(C)=N2,25,10,0,neutral,4,ring_containing,2,0.16279069767441862,1.7803313751825731,whole_similarity_Q1,torsion_distance_Q4,heavy_atoms_Q4
confirmation,00bdacea4fe75cfe8fe88370f824d5b3,[H:1][C:2]([C:3]([N:6]([C:9]1([H:13])[C:11]([H:15])([H:16])[C:14]([H:18])([H:19])[C:17]([H:21])([H:22])[c:20]2[c:12]1[c:29]([H:30])[c:26]([Cl:28])[c:25]([H:27])[c:23]2[Cl:24])[H:10])([H:7])[H:8])([H:4])[H:5],24,6.9375,C-N,C-C-N-C,CCNC1CCCc2c(Cl)cc(Cl)cc21,15,3,0,neutral,2,ring_containing,2,0.22807017543859648,0.4246039952720229,whole_similarity_Q1,torsion_distance_Q4,heavy_atoms_Q2
confirmation,00be96450de4530b9117c32b483717f4,[C:1]([O:2][C:3](=[O:4])[C:5]([n:6]1[c:9](=[O:11])[c:12]2[c:13]([s:16][c:15]([C:17]([H:24])([H:25])[H:26])[n:14]2)[n:18]([C:19]([H:27])([H:28])[H:29])[c:10]1=[O:20])([H:7])[H:8])([H:21])([H:22])[H:23],24,6.5625,C-C,O-C-C-N,COC(=O)Cn1c(=O)c2nc(C)sc2n(C)c1=O,18,8,0,neutral,2,ring_containing,2,0.3018867924528302,0.37826398927422233,whole_similarity_Q3,torsion_distance_Q4,heavy_atoms_Q3
confirmation,00c08af5e5895f3aadd5e13b2304372e,[O:1]=[C:2]1[C:3]([H:5])([H:6])[C:7]([C:8]([H:21])([H:22])[H:23])=[N:9][N:4]1[c:10]1[c:11]([Cl:13])[c:14]([H:15])[c:16]([Cl:17])[c:18]([H:19])[c:12]1[Cl:20],24,16.5,C-N,N-N-C-C,CC1=NN(c2c(Cl)cc(Cl)cc2Cl)C(=O)C1,16,6,0,neutral,2,ring_containing,1,0.2727272727272727,0.6820935791224662,whole_similarity_Q2,torsion_distance_Q4,heavy_atoms_Q2
confirmation,00c08d1839685aab96c96a65de556330,[H:1][C:2]([C:3](=[O:6])[N:7]1[C:8]([H:11])([H:12])[C:10]([H:14])([H:15])[S:13](=[O:16])(=[O:17])[C:18]2([H:20])[C:9]1([H:32])[C:27]([H:30])([H:31])[C:24]([H:28])([H:29])[C:21]([H:25])([H:26])[C:19]2([H:22])[H:23])([H:4])[H:5],24,19.0625,C-N,C-C-N-C,CC(=O)N1CCS(=O)(=O)C2CCCCC21,15,5,0,neutral,2,ring_containing,0,0.35555555555555557,0.13247517277553317,whole_similarity_Q4,torsion_distance_Q1,heavy_atoms_Q2
confirmation,00c0ba4f772c5286a1485669e068504e,[C:1]([S:2]([C:3]([H:22])([H:23])[H:24])(=[O:4])=[N:5][C:6](=[O:7])[c:8]1[c:9]([H:25])[c:10]([H:26])[c:11]2[n:12][c:13]([H:27])[c:14]([H:28])[c:15]([H:29])[c:16]2[c:17]1[F:18])([H:19])([H:20])[H:21],24,11.0625,C-N,S-N-C-C,CS(C)(=O)=NC(=O)c1ccc2ncccc2c1F,18,6,0,neutral,2,ring_containing,1,0.37735849056603776,0.44159831889455675,whole_similarity_Q4,torsion_distance_Q4,heavy_atoms_Q3
confirmation,00c14a2c91bf583e80c6f92b787816b6,[C:1]([c:2]1[c:3]([H:19])[c:4]([S:5](=[O:6])(=[O:7])[N:8]2[C:9]([H:20])([H:21])[C:10](=[C:11]([Br:12])[H:22])[C:13]2([H:23])[H:24])[o:14][n:15]1)([H:16])([H:17])[H:18],24,6.75,other_central_bonds,C-S-N-C,Cc1cc(S(=O)(=O)N2CC(=CBr)C2)on1,15,7,0,neutral,2,ring_containing,2,0.3269230769230769,0.6806871313960252,whole_similarity_Q3,torsion_distance_Q4,heavy_atoms_Q2
confirmation,00c307fbee80542d8eabc352209f646f,[C:1]([C:2](=[C:3]1[C:4]([H:25])([H:26])[C:5]([H:27])([H:28])[C:6]([H:29])([H:30])[C:7]2=[C:8]1[C:9]([H:31])([H:32])[C:10]([H:33])([H:34])[C:11]1([H:35])[C:12]([H:36])([H:37])[C:13]3([H:38])[O:14][C:15]([H:39])([H:40])[O:16][C:17]3([H:41])[C:18]([H:42])([H:43])[C:19]21[C:20]([H:44])([H:45])[H:46])[H:24])([H:21])([H:22])[H:23],17,17.4375,C-C,C-C-C-C,CC=C1CCCC2=C1CCC1CC3OCOC3CC21C,20,2,0,neutral,4,ring_containing,0,0.19696969696969696,0.07759834314290777,whole_similarity_Q1,torsion_distance_Q1,heavy_atoms_Q4
confirmation,00c38dc428e95a1eb36ae29446072145,[C:1]([c:2]1[c:3]2[c:4]([c:5]([H:30])[c:6]3[c:7]1[C:8](=[O:9])[C:10]([c:11]1[c:12]([H:32])[c:13]4[c:14]([c:15]([H:33])[c:16]1[O:17][H:34])[O:18][C:19]([H:35])([H:36])[O:20]4)([H:31])[C:21]([H:37])([H:38])[O:22]3)[O:23][C:24]([H:39])([H:40])[C:25]([H:41])=[C:26]2[H:42])([H:27])([H:28])[H:29],24,4.6875,C-C,C-C-C-C,Cc1c2c(cc3c1C(=O)C(c1cc4c(cc1O)OCO4)CO3)OCC=C2,26,6,0,neutral,5,ring_containing,1,0.2236842105263158,0.30498753940961176,whole_similarity_Q1,torsion_distance_Q3,heavy_atoms_Q4
confirmation,00c3ab19f9b8541186f560bfbc559e5a,[H:1][C:2]([O:3][C:6](=[O:7])[c:8]1[c:9]([C:18]([H:28])([H:29])[H:30])[n:15]([C:17]([H:25])([H:26])[H:27])[c:13](=[S:16])[c:11]([C:14]([H:22])([H:23])[H:24])[c:10]1[C:12]([H:19])([H:20])[H:21])([H:4])[H:5],24,19.125,C-N,S-C-N-C,COC(=O)c1c(C)c(C)c(=S)n(C)c1C,15,4,0,neutral,1,ring_containing,1,0.38095238095238093,0.3714860627294758,whole_similarity_Q4,torsion_distance_Q4,heavy_atoms_Q2
confirmation,00c540afe9e45ce3849222de701283ae,[O:1]=[C:2]1[C:3]2=[C:4]([C:5](=[O:6])[C:7]3=[C:8]1[N:9]([H:25])[c:10]1[c:11]([H:26])[c:12]([H:27])[c:13]([H:28])[c:14]([H:29])[c:15]1[S:16][C:17]3([H:30])[H:31])[N:18]1[C:19]([H:32])([H:33])[C:20]3([H:34])[N:21]([H:35])[C:22]3([H:36])[C:23]1([H:37])[C:24]2([H:38])[H:39],14,19.6875,C-C,O-C-C-N,O=C1C2=C(C(=O)C3=C1Nc1ccccc1SC3)N1CC3NC3C1C2,24,6,0,neutral,6,ring_containing,0,0.22388059701492538,0.2748355367944468,whole_similarity_Q1,torsion_distance_Q3,heavy_atoms_Q4
confirmation,00c59a689bee5abba93293b3b978cd78,[C:1]([c:2]1[n:3][n:5][c:6]2[n:4]1[c:21]1[c:20]([c:9](=[O:19])[n:7]2[C:8]([C:10]([H:13])([H:14])[H:15])([C:11]([H:16])([H:17])[H:18])[H:12])[s:22][c:23]([H:25])[c:24]1[H:26])([H:27])([H:28])[H:29],24,10.5,C-N,C-N-C-C,Cc1nnc2n(C(C)C)c(=O)c3sccc3n12,17,6,0,neutral,3,ring_containing,1,0.23636363636363636,0.16439398178769432,whole_similarity_Q1,torsion_distance_Q1,heavy_atoms_Q3
confirmation,00ca2c9c7caa5d1a800505a58b7172bd,[C:1]([C:2](=[C:3]([C:5](=[O:7])[N:8]1[C:9]([H:35])([H:36])[C:11]([H:37])([H:38])[c:12]2[c:10]1[c:14]([H:16])[c:15]([C:17]([H:39])([H:40])[H:41])[c:18]1[c:13]2[C:20](=[O:21])[C:22]([H:23])([C:24](=[O:25])[O:26][C:27]([H:28])([H:29])[H:30])[N:19]1[H:31])[H:6])[H:4])([H:32])([H:33])[H:34],24,14.875,C-O,O-C-O-C,CC=CC(=O)N1CCc2c1cc(C)c1c2C(=O)C(C(=O)OC)N1,23,6,0,neutral,3,ring_containing,2,0.25,0.374594748082573,whole_similarity_Q1,torsion_distance_Q4,heavy_atoms_Q4
confirmation,00ca843ca27b53f4a8c556164b7b28ee,[C:1]([C:2](=[O:3])[N:4]1[C:5]([H:26])([H:27])[C:6]([H:28])([H:29])[C:7]([H:30])([H:31])[N:8]([C:9](=[O:10])[c:11]2[c:12]([H:32])[c:13]([F:14])[c:15]([C:16]([H:33])([H:34])[H:35])[c:17]([H:36])[c:18]2[F:19])[C:20]([H:37])([H:38])[C:21]([H:39])([H:40])[C:22]1([H:41])[H:42])([H:23])([H:24])[H:25],24,9.6875,C-C,O-C-C-C,CC(=O)N1CCCN(C(=O)c2cc(F)c(C)cc2F)CCC1,22,6,0,neutral,2,ring_containing,1,0.48936170212765956,0.31133030729163763,whole_similarity_Q4,torsion_distance_Q3,heavy_atoms_Q4
confirmation,00cb98bab8fa5516b206718edb9b38a9,[C:1]([C:2]([C:3]([N+:4]1([H:21])[C:5]([H:22])([H:23])[N:6]=[C:7]([N:8]([H:24])[H:25])[c:9]2[n:10][c:11]([H:26])[n:12]([H:27])[c:13]21)([H:19])[H:20])([H:17])[H:18])([H:14])([H:15])[H:16],12,15.1875,C-C,N-C-C-C,CCC[NH+]1CN=C(N)c2nc[nH]c21,13,5,1,positive,2,ring_containing,2,0.23404255319148937,0.20763664646654328,whole_similarity_Q1,torsion_distance_Q2,heavy_atoms_Q1
confirmation,00cbb232531551b780837bd6697b5692,[c:1]1([H:15])[c:2]([H:16])[c:3]([H:17])[c:4]([N:5]2[C:6]3([H:18])[C:7]4([H:19])[C:8]([H:20])([H:21])[C:9]([H:22])([H:23])[C:10]([H:24])([C:11]4([H:25])[H:26])[C:12]23[H:27])[c:13]([H:28])[c:14]1[H:29],12,19.96875,C-N,C-C-N-C,c1ccc(N2C3C4CCC(C4)C32)cc1,14,1,0,neutral,4,ring_containing,1,0.25,0.21644833448167583,whole_similarity_Q1,torsion_distance_Q2,heavy_atoms_Q2
confirmation,00cc15892fff5f87a904a3a2cf6a0365,[O:1]=[C:2]1[C:3]([H:5])([H:6])[C:7]([H:8])([H:9])[C:10]([H:11])([H:12])[C:13]([O:14][H:15])=[C:4]1[S:16][c:17]1[n:18][n:20][c:21]([H:22])[s:19]1,15,18.9375,C-C,O-C-C-S,O=C1CCCC(O)=C1Sc1nncs1,14,6,0,neutral,2,ring_containing,2,0.2641509433962264,0.6700810734178463,whole_similarity_Q2,torsion_distance_Q4,heavy_atoms_Q2
confirmation,00cc2761e88c5266872b46358d8ec9f8,[C:1]([c:2]1[n:3][n:6]([C:23]([H:27])([H:28])[H:29])[c:5](-[c:7]2[c:8]([H:10])[n:11][c:12]3[c:13]([H:15])[c:16]([H:17])[c:18]([H:19])[c:20]([H:21])[n:14]3[c:9]2=[O:22])[n:4]1)([H:24])([H:25])[H:26],24,8.78125,C-C,N-C-C-C,Cc1nc(-c2cnc3ccccn3c2=O)n(C)n1,18,6,0,neutral,3,ring_containing,1,0.28,0.22844889220350373,whole_similarity_Q2,torsion_distance_Q2,heavy_atoms_Q3
confirmation,00cd0a50f827516dbf7db256be4ffb12,[C:1]([c:2]1[c:3]([H:22])[c:4]([H:23])[c:5]2[c:6]([c:7]1[H:24])[N:8]([S+:9]([O-:10])[C:11]1([H:25])[C:12]([H:26])([H:27])[C:13]([H:28])([H:29])[C:14]1([H:30])[H:31])[C:15]([H:32])([H:33])[C:16]([H:34])([H:35])[C:17]([H:36])([H:37])[C:18]2([H:38])[H:39])([H:19])([H:20])[H:21],24,7.125,other_central_bonds,C-N-S-O,Cc1ccc2c(c1)N([S+]([O-])C1CCC1)CCCC2,18,3,0,neutral,3,ring_containing,2,0.46551724137931033,0.5199716546228837,whole_similarity_Q4,torsion_distance_Q4,heavy_atoms_Q3
confirmation,00cd1453846e5c2e857aed43ae3fc6ff,[C:1]([C:2]#[C:3][C:4]12[C:5]([H:21])([H:22])[C:6]([H:23])([H:24])[C:7]([H:25])([H:26])[C:8]([H:27])([H:28])[C:9]1=[C:10]([H:29])[C:11]([H:30])([H:31])[C:12]1([H:32])[C:13]([H:33])([H:34])[C:14]([H:35])([H:36])[C:15]([H:37])([H:38])[C:16]([H:39])([H:40])[C:17]21[H:41])([H:18])([H:19])[H:20],13,17.6875,C-C,C-C-C-C,CC#CC12CCCCC1=CCC1CCCCC12,17,0,0,neutral,3,ring_containing,0,0.28846153846153844,0.14212003057184794,whole_similarity_Q2,torsion_distance_Q1,heavy_atoms_Q3
confirmation,00cdce5f2d1e592db965dfb9a180d1a2,[C:1]([c:2]1[c:3]([H:5])[c:6]([H:7])[c:8]([S:9](=[O:11])(=[O:12])[C:13]2=[c:14]3[n:16][c:18]([H:19])[c:20]([H:21])[c:22]([H:23])[c:17]3=[C:24]3[C:15]2([H:39])[C:37](=[O:38])[c:29]2[c:27]([c:28]([H:30])[c:31]([H:32])[c:33]([H:34])[c:35]2[H:36])[C:25]3=[O:26])[c:10]([H:40])[c:4]1[H:41])([H:42])([H:43])[H:44],13,19.375,C-C,S-C-C-C,Cc1ccc(S(=O)(=O)C2=c3ncccc3=C3C(=O)c4ccccc4C(=O)C32)cc1,29,6,0,neutral,5,ring_containing,2,0.3684210526315789,0.5757533394959731,whole_similarity_Q4,torsion_distance_Q4,heavy_atoms_Q4
confirmation,00ce64e6e4eb531084af1e20e9923724,[C:1]([C:2]([C:6]([H:9])([H:10])[H:11])([c:7]1[c:12]([H:14])[c:15]([H:16])[c:17]([H:18])[n:19][c:13]1[H:20])[C:8]([O:21][H:24])([c:22]1[c:25]([H:27])[c:28]([H:29])[c:30]([H:31])[c:32]([H:33])[c:26]1[H:34])[H:23])([H:3])([H:4])[H:5],24,8.6875,C-C,C-C-C-O,CC(C)(c1cccnc1)C(O)c1ccccc1,17,2,0,neutral,2,ring_containing,3,0.42857142857142855,0.17608261831328167,whole_similarity_Q4,torsion_distance_Q1,heavy_atoms_Q3
confirmation,00ced36e24a351818d3f7b4b9b521cc1,[C:1]([c:2]1[c:3]([H:5])[c:6]([H:7])[c:8]([H:9])[c:10]([C:11]2([C:12]([H:15])([H:16])[H:17])[C:13]([H:18])([H:19])[S:20][C:21]([H:22])([H:23])[C:24]([N:25]([H:26])[H:27])=[N:14]2)[c:4]1[H:28])([H:29])([H:30])[H:31],20,20.125,C-N,C-C-N-C,Cc1cccc(C2(C)CSCC(N)=N2)c1,15,3,0,neutral,2,ring_containing,1,0.2711864406779661,0.2396048872987751,whole_similarity_Q2,torsion_distance_Q2,heavy_atoms_Q2
confirmation,00d0b4e291885af595bc473c3e50cc1a,[C:1]([N:2]([C:3]([H:16])([H:17])[H:18])[C:4](=[O:5])[c:6]1[c:7]([H:19])[c:8]([H:20])[c:9]([Br:10])[c:11]([H:21])[n+:12]1[H:22])([H:13])([H:14])[H:15],24,9.125,C-C,N-C-C-N,CN(C)C(=O)c1ccc(Br)c[nH+]1,12,4,1,positive,1,ring_containing,1,0.28888888888888886,0.31358946825689926,whole_similarity_Q2,torsion_distance_Q3,heavy_atoms_Q1
confirmation,00d145bae2c051949b5f2b63c7dd73bb,[H:1][C:2]([H:3])([N:4]=[C:6]([c:7]1[c:9]([H:12])[c:11]([H:14])[c:13]([H:16])[c:15]([H:17])[c:10]1[H:18])[c:8]1[c:19]([H:22])[c:21]([H:24])[c:23]([H:26])[c:25]([H:27])[c:20]1[O:28][H:29])[H:5],24,17.25,C-C,N-C-C-C,CN=C(c1ccccc1)c1ccccc1O,16,2,0,neutral,2,ring_containing,2,0.2682926829268293,0.13918740060465712,whole_similarity_Q2,torsion_distance_Q1,heavy_atoms_Q2
confirmation,00d15933c9225b6c964b48952ebed726,[C:1]([c:2]1[c:3]([H:19])[c:4]([C:5]#[N:6])[n+:7]([H:20])[c:8](-[c:9]2[c:10]([H:21])[c:11]([H:22])[c:12]([H:23])[c:13]([H:24])[n:14]2)[c:15]1[H:25])([H:16])([H:17])[H:18],24,11.625,C-C,C-C-C-C,Cc1cc(C#N)[nH+]c(-c2ccccn2)c1,15,3,1,positive,2,ring_containing,1,0.3,0.26815236986145086,whole_similarity_Q3,torsion_distance_Q3,heavy_atoms_Q2
confirmation,00d26072823d5f7683cc810f94857c61,[C:1]([C:2](=[O:3])[N:4]1[C:5]([H:7])([H:8])[C:9](=[O:10])[N:11]([C:12]([H:39])([H:40])[H:41])[C:13]([C:14]([N:16]2[C:19]([H:21])([H:22])[C:23]([H:24])([H:25])[S:26](=[O:27])(=[O:28])[C:29]([H:30])([H:31])[C:20]2([H:32])[H:33])([H:17])[H:18])([H:15])[C:6]1([H:34])[H:35])([H:36])([H:37])[H:38],22,10.25,C-N,C-C-N-C,CC(=O)N1CC(=O)N(C)C(CN2CCS(=O)(=O)CC2)C1,20,8,0,neutral,2,ring_containing,2,0.37209302325581395,0.14354575835813774,whole_similarity_Q4,torsion_distance_Q1,heavy_atoms_Q4
confirmation,00d2a8494fb2554b9ec85f8dbd8a9a4e,[C:1]([c:2]1[c:3]([H:24])[c:4]([H:25])[c:5]([H:26])[c:6]([H:27])[c:7]1[C:8](=[C:9]([c:10]1[c:11]([H:30])[c:12]([H:31])[c:13]2[c:14]([H:32])[c:15]([H:33])[c:16]([H:34])[c:17]([C:18]([H:35])([H:36])[H:37])[c:19]2[n:20]1)[H:29])[H:28])([H:21])([H:22])[H:23],24,32.90625,C-C,C-C-C-C,Cc1ccccc1C=Cc1ccc2cccc(C)c2n1,20,1,0,neutral,3,ring_containing,2,0.34782608695652173,0.06771286411384551,whole_similarity_Q4,torsion_distance_Q1,heavy_atoms_Q4
confirmation,00d34fba107254799a50c2bbaf305cac,[C:1]([C:2](=[C:3]([H:16])[H:17])[C:4]([O:5][C:6]([C:7]([C:8]([C:9]([F:10])([F:11])[Si:12]([H:26])([H:27])[H:28])([H:24])[H:25])([H:22])[H:23])([H:20])[H:21])([H:18])[H:19])([H:13])([H:14])[H:15],24,4.1875,C-C,C-C-C-Si,C=C(C)COCCCC(F)(F)[SiH3],12,4,0,neutral,0,acyclic,6,0.16666666666666666,0.7614456067670319,whole_similarity_Q1,torsion_distance_Q4,heavy_atoms_Q1
confirmation,00d44d31257b5221b3e2bdc01de65a8b,[O:1]=[C:2]([N:3]([C:4]1([H:20])[C:5]([H:21])([H:22])[C:6]([H:23])([H:24])[S:7][C:8]1([H:25])[H:26])[H:19])[c:9]1[c:10]([H:27])[s:11][c:12]2[c:13]([H:28])[c:14]([Cl:15])[c:16]([H:29])[n:17][c:18]12,24,12.625,C-C,O-C-C-C,O=C(NC1CCSC1)c1csc2cc(Cl)cnc12,18,6,0,neutral,3,ring_containing,2,0.29850746268656714,0.42481631220904514,whole_similarity_Q3,torsion_distance_Q4,heavy_atoms_Q3
confirmation,00d4532561415c828b8c195b9478ceea,[C:1]([O:2][C:3](=[O:4])[C:5]([C:6]#[N:8])=[C:7]1[C:9]([H:12])([H:13])[C:11]([H:15])([H:16])[C:14]([O:17][C:19]([H:20])([H:21])[H:22])([H:18])[N:10]1[C:23]([H:27])([H:28])[H:29])([H:24])([H:25])[H:26],24,5.21875,C-O,C-C-O-C,COC(=O)C(C#N)=C1CCC(OC)N1C,15,5,0,neutral,1,ring_containing,2,0.26,0.24408129729907638,whole_similarity_Q2,torsion_distance_Q2,heavy_atoms_Q2
confirmation,00d475afbcae5030968c277aefcdefe2,[C:1]([N:2]1[C:3]([H:5])([H:6])[C:7]([H:8])=[C:9]([C:10]([C:12]([c:15]2[c:18]([H:20])[c:21]([H:22])[c:23]([H:24])[s:19]2)([H:16])[H:17])([H:13])[H:14])[C:11]([H:25])([H:26])[C:4]1([H:27])[H:28])([H:29])([H:30])[H:31],24,4.625,C-C,C-C-C-C,CN1CC=C(CCc2cccs2)CC1,14,2,0,neutral,2,ring_containing,3,0.30612244897959184,0.2351362675207812,whole_similarity_Q3,torsion_distance_Q2,heavy_atoms_Q2
confirmation,00d4e3cbdc775f6cbc875a4aa6e615d5,[F:1][c:2]1[c:3]([H:6])[c:5]([H:8])[c:7]2[c:9]([N:11]([N:13]=[C:15]([c:16]3[c:18]([H:21])[c:20]([H:23])[c:22]([H:25])[c:24]([H:26])[c:19]3[F:27])[H:17])[H:14])[c:12]([H:29])[c:28]([H:31])[n:30][c:10]2[c:4]1[H:32],24,11.1875,other_central_bonds,C-N-N-C,Fc1ccc2c(NN=Cc3ccccc3F)ccnc2c1,21,5,0,neutral,3,ring_containing,3,0.23809523809523808,0.3395961254804037,whole_similarity_Q1,torsion_distance_Q3,heavy_atoms_Q4
confirmation,00d58ad30c6c54f9a606336c9e6f427f,[C:1]([c:2]1[c:3]([H:5])[c:6]([H:7])[n:8][c:9](-[c:10]2[n:11][o:13][c:14]([C:15]([H:20])([H:21])[H:22])[n:12]2)[c:4]1[H:16])([H:17])([H:18])[H:19],24,4.1875,C-C,C-C-C-N,Cc1ccnc(-c2noc(C)n2)c1,13,4,0,neutral,2,ring_containing,1,0.2777777777777778,0.21440489886965106,whole_similarity_Q2,torsion_distance_Q2,heavy_atoms_Q1
confirmation,00d58e7756d55b2e89a743decdfbea9e,[C:1]([C:2](=[O:3])[N:4]1[C:5]([H:23])([H:24])[C:6]([H:25])([H:26])[C:7]2([H:27])[C:8]([N:9]([C:10](=[O:11])[C:12]3([H:30])[C:13]([H:31])([H:32])[C:14]([H:33])([H:34])[C:15]([H:35])([H:36])[C:16]([H:37])([H:38])[C:17]3([H:39])[H:40])[H:29])([H:28])[C:18]([H:41])([H:42])[C:19]12[H:43])([H:20])([H:21])[H:22],24,15.1875,C-N,C-C-N-C,CC(=O)N1CCC2C(NC(=O)C3CCCCC3)CC21,19,4,0,neutral,3,ring_containing,2,0.36,0.20543307051373566,whole_similarity_Q4,torsion_distance_Q2,heavy_atoms_Q3
confirmation,00d5c83c92b6504b94b3c6ddd3c47dc4,[C:1]1([H:36])([H:37])[O:2][C:4](=[O:5])[C:6]([H:7])=[C:3]1[C:8](=[C:9]([C:11]1([H:13])[C:14]([C:16]([H:38])([H:39])[H:40])=[C:17]([H:18])[C:19](=[O:20])[C:21]2([H:22])[C:15]1([H:35])[C:32]([H:33])([H:34])[C:29]([H:30])([H:31])[C:26]([H:27])([H:28])[C:23]2([H:24])[H:25])[H:12])[H:10],17,19.25,C-C,C-C-C-C,CC1=CC(=O)C2CCCCC2C1C=CC1=CC(=O)OC1,20,3,0,neutral,3,ring_containing,2,0.19117647058823528,0.0721172349944634,whole_similarity_Q1,torsion_distance_Q1,heavy_atoms_Q4
confirmation,00d5f95708635cedb51f5d8144ce3c0b,[C:1]([c:2]1[n:3][c:4]([C:5]([C:6](=[O:7])[N:8]2[C:9]([H:21])([H:22])[C:10]([H:23])([H:24])[C:11]3([H:25])[C:12]([H:26])([H:27])[C:13]23[H:28])([H:19])[H:20])[c:14]([H:29])[s:15]1)([H:16])([H:17])[H:18],24,16.6875,C-N,C-C-N-C,Cc1nc(CC(=O)N2CCC3CC32)cs1,15,4,0,neutral,3,ring_containing,2,0.32075471698113206,0.23004584589039517,whole_similarity_Q3,torsion_distance_Q2,heavy_atoms_Q2
confirmation,00d60863d771542db26c5183d9f400c3,[C:1]([c:2]1[c:3]([H:25])[c:4]([H:26])[c:5]2[n-:6][c:7]3[c:8](=[O:9])[c:10]4[c:11]([H:27])[c:12]([H:28])[c:13]([H:29])[c:14]([H:30])[c:15]4[c:16](=[O:17])[c:18]=3[s:19][c:20]2[c:21]1[H:31])([H:22])([H:23])[H:24],16,25.6875,C-C,C-C-C-S,Cc1ccc2[n-]c3c(=O)c4ccccc4c(=O)c=3sc2c1,21,4,-1,negative,4,ring_containing,0,0.2727272727272727,0.49573546477375535,whole_similarity_Q2,torsion_distance_Q4,heavy_atoms_Q4
confirmation,00d61e3637195c52857c1695bad04974,[C:1]([c:2]1[n:3][c:5]([H:6])[c:7]([H:8])[n:9][c:4]1[N:10]([c:11]1[c:13]([H:15])[c:16]([H:17])[c:18]([Cl:19])[c:20]([H:21])[c:14]1[H:22])[H:12])([H:23])([H:24])[H:25],20,17.9375,C-C,N-C-C-N,Cc1nccnc1Nc1ccc(Cl)cc1,15,4,0,neutral,2,ring_containing,2,0.3333333333333333,0.3226981235068398,whole_similarity_Q3,torsion_distance_Q3,heavy_atoms_Q2
confirmation,00d658c7ffe75a0e8b067113bf833efb,[C:1]([N:2]1[C:3]([H:21])([H:22])[C:4]2([H:23])[C:5]([H:24])([H:25])[N:6]([S:7](=[O:8])(=[O:9])[C:10]3([C:11]([H:26])([H:27])[H:28])[C:12]([H:29])([H:30])[C:13]([H:31])([H:32])[C:14]3([H:33])[H:34])[C:15]([H:35])([H:36])[C:16]2([H:37])[C:17]1([H:38])[H:39])([H:18])([H:19])[H:20],24,4.8125,other_central_bonds,N-S-C-C,CN1CC2CN(S(=O)(=O)C3(C)CCC3)CC2C1,17,5,0,neutral,3,ring_containing,2,0.2708333333333333,0.31662959319981343,whole_similarity_Q2,torsion_distance_Q3,heavy_atoms_Q3
confirmation,00d80736d272575c996d0051ccba8a06,[C:1]([O:2][C:3](=[O:4])[C:5]([n:6]1[c:9](=[O:11])[n:12]([H:13])[c:14](=[N:15][C:17]([H:23])([H:24])[H:25])[n:16]([C:18]([H:26])([H:27])[H:28])[c:10]1=[O:19])([H:7])[H:8])([H:20])([H:21])[H:22],23,6.9375,C-N,C-C-N-C,CN=c1[nH]c(=O)n(CC(=O)OC)c(=O)n1C,16,8,0,neutral,1,ring_containing,2,0.23636363636363636,0.3034962044710288,whole_similarity_Q1,torsion_distance_Q3,heavy_atoms_Q2
confirmation,00d9f726e651550b9d68407c9befc0de,[C:1]([C:2](=[O:3])[C:4]1([C:5]([H:14])([H:15])[H:16])[C:6]([H:17])([H:18])[C:7]([H:19])([H:20])[C:8]([H:21])([H:22])[C:9]1([O:10][H:24])[H:23])([H:11])([H:12])[H:13],18,19.125,C-C,C-C-C-O,CC(=O)C1(C)CCCC1O,10,2,0,neutral,1,ring_containing,1,0.29545454545454547,0.151301617458654,whole_similarity_Q3,torsion_distance_Q1,heavy_atoms_Q1
confirmation,00da45126fcc58d08457b73f7e921e1d,[H:1][C:2]([C:3](=[O:6])[C:7]([N+:8]#[N:11])([H:9])[H:10])([H:4])[H:5],24,4.5,C-C,O-C-C-N,CC(=O)C[N+]#N,6,3,1,positive,0,acyclic,1,0.23076923076923078,0.4017376228459382,whole_similarity_Q1,torsion_distance_Q4,heavy_atoms_Q1
confirmation,00db0a49d2e550d38030a0179b32f53c,[C:1]([O:2][c:3]1[c:4]([H:15])[c:5]([Cl:6])[c:7]([H:16])[c:8]([C:9]#[N:10])[c:11]1[H:17])([H:12])([H:13])[H:14],24,3.4375,C-O,C-O-C-C,COc1cc(Cl)cc(C#N)c1,11,3,0,neutral,1,ring_containing,1,0.24444444444444444,0.41766929446002354,whole_similarity_Q1,torsion_distance_Q4,heavy_atoms_Q1
confirmation,00db2f2cd34c5ab7898efaa198a59c30,[O:1]=[S:2](=[O:3])([N:4]=[S:5]1(=[O:6])[C:7]([H:17])([H:18])[C:8]([H:19])([H:20])[C:9]([H:21])([H:22])[C:10]1([H:23])[H:24])[N:11]1[C:12]([H:25])([H:26])[C:13]([H:27])([H:28])[C:14]([F:15])([H:29])[C:16]1([H:30])[H:31],24,5.625,other_central_bonds,N-S-N-S,O=S(=O)(N=S1(=O)CCCC1)N1CCC(F)C1,16,8,0,neutral,2,ring_containing,2,0.28888888888888886,1.0481155647221003,whole_similarity_Q2,torsion_distance_Q4,heavy_atoms_Q2
confirmation,00db6bcc84ce54488a2b17611b31739f,[C:1]([C:2](=[O:3])[N:4]1[C:5]([H:7])([H:8])[C:9]([H:10])([H:11])[N:12]([C:13](=[N:15][H:17])[N:16]([H:18])[H:19])[C:14]([H:20])([H:21])[C:6]1([H:22])[H:23])([H:24])([H:25])[H:26],24,13.5625,C-N,C-N-C-N,CC(=O)N1CCN(C(=N)N)CC1,12,5,0,neutral,1,ring_containing,0,0.3333333333333333,0.27460633360773085,whole_similarity_Q3,torsion_distance_Q3,heavy_atoms_Q1
confirmation,00dd5cc80c865e149966d4d6ab2a2b93,[C:1]([c:2]1[c:3]([H:18])[n:4][c:5]([H:19])[c:6]2[c:7]1[C:8](=[O:9])[N:10]([C:11]([H:20])([H:21])[H:22])[C:12]([H:23])([H:24])[C:13]([H:25])([H:26])[O:14]2)([H:15])([H:16])[H:17],21,17.34375,C-C,N-C-C-O,Cc1cncc2c1C(=O)N(C)CCO2,14,4,0,neutral,2,ring_containing,0,0.2698412698412698,0.20299869528504666,whole_similarity_Q2,torsion_distance_Q2,heavy_atoms_Q2
confirmation,00ddbfe2432251c3b90c6298d0d78750,[C:1]([c:2]1[c:3]([H:5])[n:6][c:7](-[c:8]2[c:10]([H:12])[n:13]([H:14])[c:15]3[c:11]2[c:22]([H:23])[c:20]([H:21])[c:18]([H:19])[c:16]3[H:17])[n:9][c:4]1[C:24]([H:28])([H:29])[H:30])([H:25])([H:26])[H:27],24,9.6875,C-C,N-C-C-C,Cc1cnc(-c2c[nH]c3ccccc23)nc1C,17,3,0,neutral,3,ring_containing,1,0.2765957446808511,0.17754457750744038,whole_similarity_Q2,torsion_distance_Q1,heavy_atoms_Q3
confirmation,00deb5e9038c5fadbe1f32b2716640d3,[C:1]([c:2]1[n:3][c:5]([H:6])[c:7]([H:8])[n:9][c:4]1[C:10]([C:11]([H:14])([H:15])[H:16])([C:12]([H:17])([H:18])[H:19])[H:13])([H:20])([H:21])[H:22],24,6.65625,C-C,C-C-C-C,Cc1nccnc1C(C)C,10,2,0,neutral,1,ring_containing,1,0.32432432432432434,0.17426780675377027,whole_similarity_Q3,torsion_distance_Q1,heavy_atoms_Q1
confirmation,00df30fe34a75405b242b7d00bc80869,[C:1]([c:2]1[c:3]([H:23])[c:4]([N:5]([C:6](=[O:7])[C:8]23[C:9]([H:25])([H:26])[C:10]([F:11])([H:27])[C:12]2([H:28])[C:13]3([H:29])[H:30])[H:24])[c:14]([F:15])[c:16]([C:17]([H:31])([H:32])[H:33])[c:18]1[F:19])([H:20])([H:21])[H:22],24,17.75,C-N,C-N-C-C,Cc1cc(NC(=O)C23CC(F)C2C3)c(F)c(C)c1F,19,5,0,neutral,3,ring_containing,2,0.30158730158730157,0.312166243376769,whole_similarity_Q3,torsion_distance_Q3,heavy_atoms_Q3
confirmation,00dfae2a1d055a46b2dcb8c4accdaa79,[C:1]([c:2]1[c:3](-[c:5]2[c:7]([H:9])[c:10]([H:11])[c:12]([F:13])[c:14]([H:15])[c:8]2[H:16])[c:6]([H:17])[c:18]2[n:4]1[c:31]([H:32])[c:29]([H:30])[c:21]1[c:19]2[c:20]([H:22])[c:23]([H:24])[c:25]([H:26])[c:27]1[H:28])([H:33])([H:34])[H:35],23,19.5625,C-C,C-C-C-C,Cc1c(-c2ccc(F)cc2)cc2c3ccccc3ccn12,21,2,0,neutral,4,ring_containing,1,0.2833333333333333,0.29362087859701624,whole_similarity_Q2,torsion_distance_Q3,heavy_atoms_Q4
confirmation,00e084cf86fa5c038a78ada24cd32ef7,[C:1]([O:2][C:3](=[O:4])[C:5]([C:6]1([H:21])[C:7]([H:22])([H:23])[C:8]([H:24])([H:25])[C:9]([H:26])([H:27])[N:10]([C:11]([C:12]([H:28])([H:29])[H:30])=[O:13])[C:14]([H:31])([H:32])[C:15]1([H:33])[H:34])([H:19])[H:20])([H:16])([H:17])[H:18],24,20.96875,C-N,C-N-C-C,COC(=O)CC1CCCN(C(C)=O)CC1,15,4,0,neutral,1,ring_containing,2,0.3617021276595745,0.17585390559022893,whole_similarity_Q4,torsion_distance_Q1,heavy_atoms_Q2
confirmation,00e09e7273b75d368346ff6bd4d5fad1,[C:1]([O:2][c:3]1[n:4][s:5][c:6]([H:15])[c:7]1[S:8]([C:9]([H:16])([H:17])[H:18])(=[O:10])=[O:11])([H:12])([H:13])[H:14],24,9.6875,C-O,C-O-C-C,COc1nscc1S(C)(=O)=O,11,6,0,neutral,1,ring_containing,2,0.2916666666666667,0.7050316986249263,whole_similarity_Q2,torsion_distance_Q4,heavy_atoms_Q1
confirmation,00e1c73f9dd55ae0befdb59665735949,[C:1]([C:2](=[C:3]([C:5]1=[C:7]([H:9])[C:10](=[C:11]([Cl:13])[C:14](=[O:15])[C:16]([H:25])([H:26])[H:27])[C:12]([H:20])([H:21])[C:18]([H:17])([H:19])[O:8]1)[H:6])[H:4])([H:22])([H:23])[H:24],24,5.125,C-C,C-C-C-O,CC=CC1=CC(=C(Cl)C(C)=O)CCO1,14,3,0,neutral,1,ring_containing,2,0.2553191489361702,0.21640186461920427,whole_similarity_Q2,torsion_distance_Q2,heavy_atoms_Q2
confirmation,00e1f45d2f09588281e5ebdb36ab4e23,[C:1]([c:2]1[c:3]([H:25])[c:4]([H:26])[c:5]2[c:6]([H:27])[c:7]([C:8](=[O:9])[N:10]([C:11]([H:28])([H:29])[H:30])[C:12]3([H:31])[C:13]([H:32])([H:33])[C:14]([H:34])([H:35])[S:15](=[N:16][H:36])(=[O:17])[C:18]3([H:37])[H:38])[s:19][c:20]2[n:21]1)([H:22])([H:23])[H:24],24,6.75,C-N,C-N-C-C,Cc1ccc2cc(C(=O)N(C)C3CCS(=N)(=O)C3)sc2n1,21,7,0,neutral,3,ring_containing,2,0.3389830508474576,0.36569723996185666,whole_similarity_Q3,torsion_distance_Q4,heavy_atoms_Q4
confirmation,00e312bfab8e54d5816b12f6e4e6c2d4,[O:1]=[C:2]([N:3]([C:5]1=[N:7][C:9]([H:11])=[N:10][C:12]2=[N:13][C:14]([H:16])=[N:15][C:8]12[H:17])[H:6])[c:4]1[c:18]([H:21])[c:20]([H:23])[c:22]([H:25])[c:24]([H:26])[c:19]1[H:27],24,4.625,C-C,O-C-C-C,O=C(NC1=NC=NC2=NC=NC21)c1ccccc1,18,6,0,neutral,3,ring_containing,1,0.2916666666666667,0.3026808172453711,whole_similarity_Q2,torsion_distance_Q3,heavy_atoms_Q3
confirmation,00e3c41ab66c59f4b05f8791768700a7,[O-:1][C:2]([C:3]1=[C:4]([H:21])[C:5]([H:22])=[C:6]([H:23])[C:7]([H:24])([H:25])[C:8]2([H:26])[C:9]([H:27])([H:28])[C:10]([H:29])([H:30])[C:11]([H:31])([H:32])[C:12]34[O:13][C:14]([H:33])([H:34])[O:15][C:16]3([H:35])[C:17]1=[C:18]24)([H:19])[H:20],16,18.8125,C-C,C-C-C-C,[O-]CC1=CC=CCC2CCCC34OCOC3C1=C24,18,3,-1,negative,4,ring_containing,1,0.1774193548387097,0.14533749806139507,whole_similarity_Q1,torsion_distance_Q1,heavy_atoms_Q3
confirmation,00e532c9fdee5872b5c087f49f8b160e,[O:1]([C:2]([C:4]([C:7]1([H:10])[c:11]2[c:13]([H:15])[c:16]([H:17])[c:18]([H:19])[c:20]([H:21])[c:14]2-[c:22]2[n:12]1[c:26]([H:27])[n:25][c:23]2[H:24])([H:8])[H:9])([C:5]1([H:28])[C:29]([H:31])([H:32])[C:33]([H:34])([H:35])[C:36]([F:37])([F:38])[C:39]([H:40])([H:41])[C:30]1([H:42])[H:43])[H:6])[H:3],18,19.375,C-C,C-C-C-C,OC(CC1c2ccccc2-c2cncn21)C1CCC(F)(F)CC1,23,5,0,neutral,4,ring_containing,3,0.20967741935483872,0.34102513787027045,whole_similarity_Q1,torsion_distance_Q3,heavy_atoms_Q4
confirmation,00e5dd03ce285a34a22932fb5a4563ce,[C:1]([n:2]1[c:3]([C:5]([H:30])([H:31])[H:32])[c:6]([N:7]([C:9]([H:11])([H:12])[H:13])[C:10](=[O:14])[c:15]2[c:16]([H:18])[c:19]([C:21]([H:33])([H:34])[H:35])[c:20]([C:22]([H:36])([H:37])[H:38])[s:17]2)[c:8](=[O:23])[n:24]([H:25])[c:4]1=[O:26])([H:27])([H:28])[H:29],24,17.625,C-N,C-N-C-O,Cc1cc(C(=O)N(C)c2c(C)n(C)c(=O)[nH]c2=O)sc1C,21,7,0,neutral,2,ring_containing,2,0.2982456140350877,0.1951568428290321,whole_similarity_Q3,torsion_distance_Q2,heavy_atoms_Q4
confirmation,00e5fcb840315167a6932e0624c66086,[C:1]([c:2]1[n:3][n:5]([C:6]2([H:8])[C:9]([H:11])([H:12])[C:13](=[O:14])[C:10]2([H:15])[H:16])[c:7]2[c:4]1[c:21]([C:22]([H:26])([H:27])[H:28])[n:20][c:18]([H:19])[n:17]2)([H:23])([H:24])[H:25],17,18.21875,C-C,C-C-C-C,Cc1ncnc2c1c(C)nn2C1CC(=O)C1,16,5,0,neutral,3,ring_containing,1,0.4,0.1567162541479798,whole_similarity_Q4,torsion_distance_Q1,heavy_atoms_Q2
confirmation,00e6ec203cc256aa84289929bf90bf1e,[c:1]1([H:2])[c:3]([H:5])[c:6]([H:7])[c:8]([C:9]2([H:11])[C:12]([H:14])([H:15])[N:16]([C:17]([H:29])([H:30])[H:31])[C:18]([H:19])([H:20])[c:21]3[c:13]2[s:25][c:23]([H:26])[c:22]3[H:24])[c:10]([H:27])[c:4]1[H:28],18,17.5625,C-C,C-C-C-N,CN1Cc2ccsc2C(c2ccccc2)C1,16,2,0,neutral,3,ring_containing,1,0.26,0.0,whole_similarity_Q2,torsion_distance_Q1,heavy_atoms_Q2
confirmation,00e7d2c6fb4f5df788860b103c6afd59,[C:1]([C:2]([N:3]([C:4]([N:5]([H:29])[H:30])=[O:6])[H:28])([C:7](=[O:8])[N:9]1[C:10]([H:31])([H:32])[C:11]2([H:33])[C:12]([H:34])([H:35])[C:13]([H:36])([H:37])[C:14]([H:38])([C:15]1([H:39])[H:40])[N:16]2[C:17](=[O:18])[C:19]1=[C:20]([Cl:21])[C:22]([H:41])([H:42])[C:23]1([H:43])[H:44])[H:27])([H:24])([H:25])[H:26],24,11.5625,C-N,C-C-N-C,CC(NC(N)=O)C(=O)N1CC2CCC(C1)N2C(=O)C1=C(Cl)CC1,23,8,0,neutral,3,ring_containing,3,0.43548387096774194,0.33007225014539304,whole_similarity_Q4,torsion_distance_Q3,heavy_atoms_Q4
confirmation,00e85f4b8d2458c28b4d30a1739972f1,[C:1]([C:2](=[O:3])[N:4]1[C:5]([H:25])([H:26])[C:6]2([H:27])[C:7]([H:28])([H:29])[C:8]([H:30])([C:9]1([H:31])[H:32])[C:10]([N:11]([C:12](=[O:13])[c:14]1[c:15]([H:35])[c:16]([C:17]([H:36])([H:37])[H:38])[n:18][n:19]1[C:20]([H:39])([H:40])[H:41])[H:34])([H:33])[C:21]2([H:42])[H:43])([H:22])([H:23])[H:24],24,5.3125,C-C,O-C-C-C,CC(=O)N1CC2CC(C1)C(NC(=O)c1cc(C)nn1C)C2,21,6,0,neutral,3,ring_containing,2,0.328125,0.18993011607419957,whole_similarity_Q3,torsion_distance_Q2,heavy_atoms_Q4
confirmation,00e8f1c9fab157d59cb012a6af162607,[B:1]1([C:10]2=[C:11]([H:32])[c:12]3[c:13]([c:15]([H:35])[c:16]([H:36])[c:17]([H:37])[c:18]3[Cl:19])[C:14]2([H:33])[H:34])[O:2][C:3]([C:8]([H:26])([H:27])[H:28])([C:9]([H:29])([H:30])[H:31])[C:4]([C:6]([H:20])([H:21])[H:22])([C:7]([H:23])([H:24])[H:25])[O:5]1,24,5.3125,other_central_bonds,O-B-C-C,CC1(C)OB(C2=Cc3c(Cl)cccc3C2)OC1(C)C,19,4,0,neutral,3,ring_containing,1,0.3673469387755102,0.44666867141852257,whole_similarity_Q4,torsion_distance_Q4,heavy_atoms_Q3
confirmation,00e9d50460db5de599ea164fc4a39ce7,[C:1]([c:2]1[n:3][n:9]([C:11]([c:12]2[n:15][o:19][c:17]([C:20]([H:24])([H:25])[H:26])[c:16]2[H:18])([H:13])[H:14])[c:7](=[O:10])[c:5]([H:8])[c:4]1[H:6])([H:21])([H:22])[H:23],24,8.0625,C-N,N-N-C-C,Cc1ccc(=O)n(Cc2cc(C)on2)n1,15,5,0,neutral,2,ring_containing,2,0.35555555555555557,0.1596622084280856,whole_similarity_Q4,torsion_distance_Q1,heavy_atoms_Q2
confirmation,00e9eacdddca5985a790049eea19e572,[C:1]([N:2]([C:3]([C:5]([n:8]1[c:11]([H:13])[c:14]([H:15])[c:16]2[c:12]1[n:22][c:20]([C:21]([H:29])([H:30])[H:31])[n:19][c:17]2[C:18]([H:26])([H:27])[H:28])([H:9])[H:10])([H:6])[H:7])[H:4])([H:23])([H:24])[H:25],24,5.625,C-C,N-C-C-N,CNCCn1ccc2c(C)nc(C)nc21,15,4,0,neutral,2,ring_containing,3,0.25,0.1915769882962773,whole_similarity_Q1,torsion_distance_Q2,heavy_atoms_Q2
confirmation,00ea2c4cb11b532eb57a567d57d3faad,[C:1]([C:2](=[O:3])[N:4]1[C:5]([H:24])([H:25])[C:6]([F:7])([H:26])[C:8]([N:9]([C:10](=[O:11])[c:12]2[n:13][c:14]([H:29])[c:15]([H:30])[c:16]([Cl:17])[c:18]2[F:19])[H:28])([H:27])[C:20]1([H:31])[H:32])([H:21])([H:22])[H:23],24,5.75,C-C,O-C-C-C,CC(=O)N1CC(F)C(NC(=O)c2nccc(Cl)c2F)C1,20,8,0,neutral,2,ring_containing,2,0.3230769230769231,0.5199269700421909,whole_similarity_Q3,torsion_distance_Q4,heavy_atoms_Q4
confirmation,00ead803766659b98cb358752a373fcf,[C:1]([C:2]1=[N:3][O:4][C:5]2([H:21])[C:6]([H:22])([H:23])[N:7]([C:8](=[O:9])[C:10]3([H:24])[C:11]([H:25])([H:26])[C:12]([H:27])([H:28])[O:13][C:14]([H:29])([H:30])[C:15]3([H:31])[H:32])[C:16]([H:33])([H:34])[C:17]12[H:35])([H:18])([H:19])[H:20],24,19.875,C-N,C-N-C-C,CC1=NOC2CN(C(=O)C3CCOCC3)CC12,17,5,0,neutral,3,ring_containing,1,0.3,0.2403891571134956,whole_similarity_Q3,torsion_distance_Q2,heavy_atoms_Q3
confirmation,00eaed6d8fb854b68103d16405031d48,[C:1]([c:2]1[c:3]([H:23])[c:4]([H:24])[c:5]2[c:6]([H:25])[c:7]([H:26])[c:8]([H:27])[c:9]([C:10](=[C:11]([c:12]3[n:13][n:14]([H:30])[c:15](=[O:16])[o:17]3)[H:29])[H:28])[c:18]2[c:19]1[H:31])([H:20])([H:21])[H:22],24,33.8125,C-C,C-C-C-C,Cc1ccc2cccc(C=Cc3n[nH]c(=O)o3)c2c1,19,4,0,neutral,3,ring_containing,2,0.3,0.2724031866861688,whole_similarity_Q3,torsion_distance_Q3,heavy_atoms_Q3
confirmation,00ed382f06dc5cbf9eed9fa73a4fa577,[C:1]([C:2](=[O:3])[C:4]1=[C:5]([O:7][H:9])[C:8](=[O:10])[N:11]([c:12]2[c:13]([H:15])[c:16]([H:17])[c:18]([Cl:19])[c:20]([H:21])[c:14]2[F:22])[C:6]1([H:23])[H:24])([H:25])([H:26])[H:27],24,7.0625,C-N,C-N-C-C,CC(=O)C1=C(O)C(=O)N(c2ccc(Cl)cc2F)C1,18,6,0,neutral,2,ring_containing,2,0.29508196721311475,0.4673683504049629,whole_similarity_Q2,torsion_distance_Q4,heavy_atoms_Q3
confirmation,00ee2422da9c55cdadc54770714af776,[N:1]#[C:2][c:3]1[c:4]([H:6])[c:7]([H:8])[c:9]([N:10]([C:12](=[S:14])[N:15]([N:16]=[C:18]([C:19]([H:23])([H:24])[H:25])[H:20])[H:17])[H:13])[c:11]([H:21])[c:5]1[H:22],24,7.4375,C-N,C-N-C-S,CC=NNC(=S)Nc1ccc(C#N)cc1,15,5,0,neutral,1,ring_containing,2,0.35,0.4881204157478211,whole_similarity_Q4,torsion_distance_Q4,heavy_atoms_Q2
confirmation,00ef27e1ce5e5931b6c4ee69acb152c3,[H:1][C:2]12[O:3][C:6](=[O:7])[C:4]1([C:8]([O:10][H:13])([C:11]1([H:14])[C:15]([H:17])([H:18])[C:19]([H:20])([H:21])[C:22]([H:23])([H:24])[C:25]([Cl:26])([H:27])[C:16]1([H:28])[H:29])[H:12])[N:9]([H:30])[C:31](=[O:32])[C:5]2([H:33])[H:34],24,5.5,C-C,C-C-C-O,O=C1CC2OC(=O)C2(C(O)C2CCCC(Cl)C2)N1,18,6,0,neutral,3,ring_containing,2,0.23728813559322035,0.34573183611684316,whole_similarity_Q1,torsion_distance_Q3,heavy_atoms_Q3
confirmation,00efdf6a52155f1ca7f718122f0d032f,[C:1]([Si:2]([C:3]([H:19])([H:20])[H:21])([C:4]([H:22])([H:23])[H:24])[C:5]([C:6]([O:7][C:8]([C:9]1([H:31])[C:10]([H:32])([H:33])[C:11]([H:34])=[C:12]([F:15])[C:13]([H:35])=[C:14]1[H:36])([H:29])[H:30])([H:27])[H:28])([H:25])[H:26])([H:16])([H:17])[H:18],24,1.5625,other_central_bonds,C-Si-C-C,C[Si](C)(C)CCOCC1C=CC(F)=CC1,15,3,0,neutral,1,ring_containing,5,0.2127659574468085,0.37915597965362907,whole_similarity_Q1,torsion_distance_Q4,heavy_atoms_Q2
confirmation,00f0afd1e98a5d06ae50393947cf65ad,[C:1]([c:2]1[c:3]([Cl:23])[n:7]([C:8]2([H:9])[C:10]([H:12])([H:13])[C:14]([H:15])([H:16])[O:17][C:18]([H:19])([H:20])[C:11]2([H:21])[H:22])[n:5][c:4]1[H:6])([H:24])([H:25])[H:26],24,5.3125,C-N,C-N-C-C,Cc1cnn(C2CCOCC2)c1Cl,13,4,0,neutral,2,ring_containing,1,0.26666666666666666,0.2910295035291103,whole_similarity_Q2,torsion_distance_Q3,heavy_atoms_Q1
confirmation,00f11470244a588baec7a35fd8dd0c26,[C:1]([C:2](=[O:3])[N:4]1[C:5]([H:28])([H:29])[C:6]([H:30])([H:31])[N:7]2[C:8]([H:32])([H:33])[C:9]3([O:10][H:34])[C:11]([H:35])([H:36])[c:12]4[c:13]([c:14]([H:37])[c:15]5[c:16]([c:17]4[C:18]([H:38])([H:39])[H:40])[O:19][C:20]([H:41])([H:42])[O:21]5)[C:22]3([H:43])[C:23]2([H:44])[C:24]1([H:45])[H:46])([H:25])([H:26])[H:27],12,12.75,C-C,C-C-C-C,CC(=O)N1CCN2CC3(O)Cc4c(cc5c(c4C)OCO5)C3C2C1,24,6,0,neutral,5,ring_containing,0,0.25,0.20347400841351362,whole_similarity_Q1,torsion_distance_Q2,heavy_atoms_Q4
confirmation,00f192f262b15b2a9aa2d78fbe157b41,[Cl:1][c:2]1[n:3][n:4][c:5](-[c:6]2[c:7]([H:23])[c:8]([H:24])[n:9][c:10]([H:25])[c:11]2[H:26])[n:12]1-[c:13]1[c:14]([H:27])[c:15]([H:28])[c:16]2[c:17]([H:29])[c:18]([H:30])[c:19]([H:31])[c:20]([H:32])[c:21]2[c:22]1[H:33],13,15.3125,C-N,N-C-N-C,Clc1nnc(-c2ccncc2)n1-c1ccc2ccccc2c1,22,5,0,neutral,4,ring_containing,2,0.24,0.34327340378885984,whole_similarity_Q1,torsion_distance_Q3,heavy_atoms_Q4
confirmation,00f1cab5fe7c52e999cbbc5533045ae2,[O-:1][S+:2]([c:3]1[c:4]([H:19])[c:5]([H:20])[c:6]([H:21])[c:7]([H:22])[c:8]1[F:9])[N:10]1[C:11]([H:23])([H:24])[C:12]([H:25])([H:26])[C:13]([H:27])([H:28])[C:14]12[C:15]([H:29])([H:30])[C:16]([H:31])([H:32])[C:17]([H:33])([H:34])[C:18]2([H:35])[H:36],23,9.5,other_central_bonds,O-S-C-C,[O-][S+](c1ccccc1F)N1CCCC12CCCC2,18,4,0,neutral,3,ring_containing,2,0.25,0.45843135703158544,whole_similarity_Q1,torsion_distance_Q4,heavy_atoms_Q3
confirmation,00f2997d5dcd5b22b858b99ccbd7f242,[H:1][C:2]([O:3][P:6]1(=[O:7])[N:8]([H:10])[C:11](=[N:12][C:14](=[N:15][C:17]([H:22])([H:23])[H:24])[O:16][C:18]([H:25])([H:26])[H:27])[N:13]([C:19]([H:28])([H:29])[H:30])[C:9]1([H:20])[H:21])([H:4])[H:5],14,15.125,other_central_bonds,O-P-C-N,CN=C(N=C1NP(=O)(OC)CN1C)OC,15,8,0,neutral,1,ring_containing,1,0.2,1.249801939172656,whole_similarity_Q1,torsion_distance_Q4,heavy_atoms_Q2
confirmation,00f346afba1553009be75fbbc2a6e46c,[C:1]([c:2]1[c:3]([H:17])[c:4]([H:18])[c:5]([C:6]2=[N:7][C:8]([H:19])([H:20])[C:9]([H:21])([H:22])[N:10]2[H:23])[c:11]([O:12][H:24])[c:13]1[H:25])([H:14])([H:15])[H:16],24,7.03125,C-C,C-C-C-N,Cc1ccc(C2=NCCN2)c(O)c1,13,3,0,neutral,2,ring_containing,1,0.2653061224489796,0.20927266787825186,whole_similarity_Q2,torsion_distance_Q2,heavy_atoms_Q1
confirmation,00f39a11469d55d4a924862d9adfc733,[C:1]([C:2](=[O:3])[N:4]1[C:5]([H:24])([H:25])[C:6]([H:26])([H:27])[C:7]([F:8])([H:28])[C:9]([N:10]([C:11](=[O:12])[C:13]2([H:31])[C:14]([H:32])([H:33])[C:15]([H:34])([H:35])[S:16](=[O:17])(=[O:18])[C:19]2([H:36])[H:37])[H:30])([H:29])[C:20]1([H:38])[H:39])([H:21])([H:22])[H:23],24,10.375,C-N,C-C-N-C,CC(=O)N1CCC(F)C(NC(=O)C2CCS(=O)(=O)C2)C1,20,8,0,neutral,2,ring_containing,2,0.35,0.29824147571308346,whole_similarity_Q4,torsion_distance_Q3,heavy_atoms_Q4
confirmation,00f3b868ff425391b2e6ec6dcf999426,[C:1]([c:2]1[c:3]([H:26])[n:4][c:5]([C:6]([H:27])([H:28])[H:29])[c:7]([S:8](=[O:9])(=[O:10])[N:11]2[C:12]([H:30])([H:31])[C:13]([H:32])([H:33])[C:14]([H:34])([H:35])[N:15]([H:36])[C:16](=[O:17])[C:18]23[C:19]([H:37])([H:38])[C:20]([H:39])([H:40])[C:21]3([H:41])[H:42])[c:22]1[H:43])([H:23])([H:24])[H:25],24,8.4375,other_central_bonds,C-S-N-C,Cc1cnc(C)c(S(=O)(=O)N2CCCNC(=O)C23CCC3)c1,22,7,0,neutral,3,ring_containing,2,0.2786885245901639,0.3429168033730969,whole_similarity_Q2,torsion_distance_Q3,heavy_atoms_Q4
confirmation,00f42a51ce265490905b6bc3e0549e7f,[C:1]([n:2]1[c:3]([H:20])[c:4](-[c:5]2[c:6]([H:21])[c:7]([H:22])[c:8]([H:23])[c:9]([H:24])[c:10]2[Cl:11])[c:12]([N+:13](=[O:14])[O-:15])[c:16]1[H:25])([H:17])([H:18])[H:19],24,6.5625,C-N,C-C-N-O,Cn1cc(-c2ccccc2Cl)c([N+](=O)[O-])c1,16,5,0,neutral,2,ring_containing,2,0.32653061224489793,0.33176298462912895,whole_similarity_Q3,torsion_distance_Q3,heavy_atoms_Q2
confirmation,00f4ce3843be522da59a39ea23cc2023,[O:1]=[C:2]([c:3]1[c:4]([H:17])[c:5]2[c:6]([H:18])[c:7]([Cl:8])[c:9]([H:19])[c:10]([H:20])[c:11]2[o:12]1)[N:13]1[C:14]([H:21])([H:22])[C:15]([H:23])([H:24])[C:16]1([H:25])[H:26],23,6.25,C-C,O-C-C-C,O=C(c1cc2cc(Cl)ccc2o1)N1CCC1,16,4,0,neutral,3,ring_containing,1,0.34782608695652173,0.2518424642836949,whole_similarity_Q4,torsion_distance_Q3,heavy_atoms_Q2
confirmation,00f4d96091b35434924ccb153514e9e9,[O:1]=[C:2]([c:3]1[c:5]2[n:9]([c:7]([C:10]([H:23])([H:24])[H:25])[c:6]1[H:8])[C:11]([H:19])([H:20])[C:16]([H:17])([H:18])[O:13][C:12]2([H:14])[H:15])[N:4]([C:21]([H:26])([H:27])[H:28])[C:22]([H:29])([H:30])[H:31],24,8.65625,C-C,N-C-C-C,Cc1cc(C(=O)N(C)C)c2n1CCOC2,15,4,0,neutral,2,ring_containing,1,0.3,0.1836026170273063,whole_similarity_Q3,torsion_distance_Q1,heavy_atoms_Q2
confirmation,00f84376174a5bc09651e6a0bcbc2c9b,[C:1]([C:2](=[C:3]([C:5](=[O:7])[C:8]1=[C:9]([C:11]([H:26])([H:27])[H:28])[C:12]([H:13])([H:14])[C:15]([H:16])([H:17])[C:18]([H:19])([H:20])[C:10]1([H:21])[H:22])[H:6])[H:4])([H:23])([H:24])[H:25],24,3.75,C-C,C-C-C-C,CC=CC(=O)C1=C(C)CCCC1,12,1,0,neutral,1,ring_containing,2,0.24444444444444444,0.23846897573426826,whole_similarity_Q1,torsion_distance_Q2,heavy_atoms_Q1
confirmation,00f96868e974554593e0708715863cf4,[C:1]([O:2][C:3](=[O:4])[N:5]1[C:6]([H:29])([H:30])[C:7]([H:31])([H:32])[C:8]([H:33])([H:34])[C:9]2([H:35])[C:10]([H:36])([H:37])[C:11]2([C:12](=[O:13])[N:14]2[C:15]([H:38])([H:39])[C:16](=[O:17])[N:18]([H:40])[C:19]([H:41])([H:42])[C:20]23[C:21]([H:43])([H:44])[C:22]([H:45])([H:46])[C:23]3([H:47])[H:48])[C:24]([H:49])([H:50])[C:25]1([H:51])[H:52])([H:26])([H:27])[H:28],24,17.75,C-N,O-C-N-C,COC(=O)N1CCCC2CC2(C(=O)N2CC(=O)NCC23CCC3)CC1,25,7,0,neutral,4,ring_containing,1,0.38596491228070173,0.2090810649644262,whole_similarity_Q4,torsion_distance_Q2,heavy_atoms_Q4
confirmation,00fb4f426390559e9346edb4c3b08c74,[C:1]([N:2]([S:3](=[O:5])(=[O:6])[N:7]([c:8]1[c:10]([H:12])[c:13]([H:14])[c:15]([Cl:16])[c:17]([H:18])[c:11]1[H:19])[H:9])[H:4])([H:20])([H:21])[H:22],24,6.3125,other_central_bonds,N-S-N-C,CNS(=O)(=O)Nc1ccc(Cl)cc1,13,6,0,neutral,1,ring_containing,3,0.375,0.7969786576239787,whole_similarity_Q4,torsion_distance_Q4,heavy_atoms_Q1
confirmation,00fe9b264f245ea3a78a91674368650b,[C:1]([c:2]1[c:3]([H:6])[c:5]([H:8])[c:7]([C:9]([n:11]2[c:14]([N:16]([H:18])[H:19])[n:17][c:20]([C:21]([H:32])([H:33])[H:34])[c:22]3[n:23][c:24]([C:25]([H:35])([H:36])[H:37])[n:26][c:15]2-3)([H:12])[H:13])[c:10]([H:27])[c:4]1[H:28])([H:29])([H:30])[H:31],24,10.375,C-N,C-C-N-C,Cc1ccc(Cn2c(N)nc(C)c3nc(C)nc2-3)cc1,20,5,0,neutral,3,ring_containing,2,0.3148148148148148,0.15573479544821747,whole_similarity_Q3,torsion_distance_Q1,heavy_atoms_Q4
confirmation,00fedbfac1f55dedb236f556fa324466,[C:1]([C:2](=[C:3]1[c:4]2[c:5]([H:22])[c:6]([H:23])[c:7]([H:24])[c:8]([H:25])[c:9]2[C:10]([H:26])([H:27])[C:11]([H:28])([H:29])[c:12]2[c:13]([H:30])[c:14]([H:31])[c:15]([H:32])[c:16]([H:33])[c:17]21)[H:21])([H:18])([H:19])[H:20],24,38.65625,C-C,C-C-C-C,CC=C1c2ccccc2CCc2ccccc21,17,0,0,neutral,3,ring_containing,0,0.2857142857142857,0.08305619047035742,whole_similarity_Q2,torsion_distance_Q1,heavy_atoms_Q3
confirmation,00ffd72f940a58f8bfb3bdad72eb5d0f,[C:1]([c:2]1[c:3]([H:21])[c:4]([H:22])[c:5]2[c:6]([n:7]1)[C:8]([H:23])([H:24])[C:9]([H:25])([H:26])[N:10]2[C:11](=[O:12])[C:13]([C:14]1([H:29])[C:15]([H:30])([H:31])[C:16]([H:32])([H:33])[C:17]1([H:34])[H:35])([H:27])[H:28])([H:18])([H:19])[H:20],24,7.0,C-C,O-C-C-C,Cc1ccc2c(n1)CCN2C(=O)CC1CCC1,17,3,0,neutral,3,ring_containing,2,0.3684210526315789,0.1825227417202969,whole_similarity_Q4,torsion_distance_Q1,heavy_atoms_Q3
confirmation,00ffe6daf2685ce897399c07840f9003,[C:1]([N:2]([C:3](=[O:5])[C:6]([C:7]1([H:10])[C:11]([H:13])([H:14])[O:15][C:12]1([H:16])[H:17])([N:8]([C:18]([H:25])([H:26])[H:27])[C:19](=[O:20])[C:21]([H:28])([H:29])[H:30])[H:9])[H:4])([H:22])([H:23])[H:24],24,9.46875,C-N,C-C-N-C,CNC(=O)C(C1COC1)N(C)C(C)=O,14,5,0,neutral,1,ring_containing,3,0.29545454545454547,0.19626844316985131,whole_similarity_Q3,torsion_distance_Q2,heavy_atoms_Q2
confirmation,010142ca29ee5069bab658280decaeeb,[C:1]([C:2](=[O:3])[N-:4][N:5]([C:6]([H:16])([H:17])[H:18])[c:7]1[c:8]([H:19])[c:9]([H:20])[c:10]([H:21])[c:11]([H:22])[c:12]1[H:23])([H:13])([H:14])[H:15],23,12.3125,other_central_bonds,C-N-N-C,CC(=O)[N-]N(C)c1ccccc1,12,3,-1,negative,1,ring_containing,2,0.325,0.24048700191057137,whole_similarity_Q3,torsion_distance_Q2,heavy_atoms_Q1
confirmation,0101e18cb224521ca14e38c5d1187004,[C:1]([c:2]1[n:3][c:5]([C:6]([C:8]([H:11])([H:12])[H:13])([H:9])[H:10])[n:7](-[c:14]2[c:15]([H:18])[c:17]([H:20])[c:19]([H:22])[c:21]([C:23]([H:28])([H:29])[H:30])[c:16]2[C:24]([H:31])([H:32])[H:33])[n:4]1)([H:25])([H:26])[H:27],24,3.125,C-C,N-C-C-C,CCc1nc(C)nn1-c1cccc(C)c1C,16,3,0,neutral,2,ring_containing,2,0.2830188679245283,0.18497564612005327,whole_similarity_Q2,torsion_distance_Q1,heavy_atoms_Q2
confirmation,0101e4fc7984553bbd2b3a138d799384,[C:1]([N:2]([C:3](=[O:5])[N:6]1[C:7]([H:9])([H:10])[C:11]([H:12])([H:13])[C:14]([H:15])([H:16])[C:8]1([C:17](=[O:19])[N:20]([C:21]1([H:23])[C:24]([H:26])([H:27])[C:28]([H:29])([H:30])[C:31]([H:32])([H:33])[C:34]([H:35])([H:36])[C:25]1([H:37])[H:38])[H:22])[H:18])[H:4])([H:39])([H:40])[H:41],21,16.9375,C-N,C-C-N-C,CNC(=O)N1CCCC1C(=O)NC1CCCCC1,18,5,0,neutral,2,ring_containing,2,0.47058823529411764,0.25283587643267436,whole_similarity_Q4,torsion_distance_Q3,heavy_atoms_Q3
confirmation,01023a59744c5d8b97971ad45136d3f5,[C:1]([C:2]([C:6](=[C:9]([C:11]([H:17])([H:18])[H:19])[N:12]([C:13]([H:20])([H:21])[H:22])[C:14](=[O:15])[C:16]([H:23])([H:24])[H:25])[H:10])([H:7])[H:8])([H:3])([H:4])[H:5],24,3.90625,C-C,C-C-C-C,CCC=C(C)N(C)C(C)=O,10,2,0,neutral,0,acyclic,2,0.25,0.14419217102962228,whole_similarity_Q1,torsion_distance_Q1,heavy_atoms_Q1
confirmation,01050e544cc2530596c42363c8ba44e0,[C:1]([C:2](=[O:3])[N:4]1[C:5]([H:25])([H:26])[C:6]2([H:27])[C:7]([H:28])([H:29])[C:8]1([H:30])[C:9]([H:31])([H:32])[N:10]2[C:11](=[O:12])[c:13]1[c:14]([H:33])[c:15]2[s:16][c:17]([H:34])[c:18]([H:35])[c:19]2[n:20]1[C:21]([H:36])([H:37])[H:38])([H:22])([H:23])[H:24],24,20.5,C-N,C-C-N-C,CC(=O)N1CC2CC1CN2C(=O)c1cc2sccc2n1C,21,6,0,neutral,4,ring_containing,1,0.3333333333333333,0.21139952921936297,whole_similarity_Q3,torsion_distance_Q2,heavy_atoms_Q4
confirmation,010739df764a52e894fe364f52d153e5,[H:1][C:2]([N:3]([C:6]([H:8])([H:9])[H:10])[c:7]1[n:11][c:13]([H:14])[n:15][c:16]2[c:12]1[o:18][c:19]1[c:17]2[c:26]([H:27])[c:24]([H:25])[c:22]([H:23])[c:20]1[H:21])([H:4])[H:5],24,11.46875,C-N,C-N-C-C,CN(C)c1ncnc2c1oc1ccccc12,16,4,0,neutral,3,ring_containing,1,0.3409090909090909,0.20592693214514962,whole_similarity_Q3,torsion_distance_Q2,heavy_atoms_Q2
confirmation,01075369b6d05e9a9cf79afcf298ed03,[O:1]=[C:2]([O:3][H:5])[C:4](=[C:6]([c:8]1[c:10]([H:12])[c:13]([H:14])[c:15]([C:16]([H:20])([H:21])[H:22])[c:17]([Cl:18])[c:11]1[H:19])[H:9])[H:7],24,8.5625,C-C,C-C-C-O,Cc1ccc(C=CC(=O)O)cc1Cl,13,3,0,neutral,1,ring_containing,2,0.4594594594594595,0.340149679339765,whole_similarity_Q4,torsion_distance_Q3,heavy_atoms_Q1
confirmation,01076997a6565eb6a52c46fb1f02b41a,[C:1]([N:2]([C:3](=[O:4])[C:5]([C:6]1([C:7](=[O:8])[O:9][H:25])[C:10]([H:26])([H:27])[C:11]([H:28])([H:29])[C:12]([H:30])([H:31])[c:13]2[c:14]([H:32])[c:15]([H:33])[c:16]([H:34])[c:17]([H:35])[c:18]21)([H:23])[H:24])[H:22])([H:19])([H:20])[H:21],24,8.59375,C-C,C-C-C-C,CNC(=O)CC1(C(=O)O)CCCc2ccccc21,18,4,0,neutral,2,ring_containing,3,0.32142857142857145,0.17897402458451897,whole_similarity_Q3,torsion_distance_Q1,heavy_atoms_Q3
confirmation,01080ea01c465457968bcb0c12a4152b,[C:1]([c:2]1[c:3]([H:21])[c:4]2[c:5]([c:6]([H:22])[c:7]1[C:8]([H:23])([H:24])[H:25])[C:9](=[C:10]([C:11]#[N:12])[C:13]#[N:14])[C:15](=[O:16])[N:17]2[H:26])([H:18])([H:19])[H:20],24,32.9375,C-C,C-C-C-C,Cc1cc2c(cc1C)C(=C(C#N)C#N)C(=O)N2,17,4,0,neutral,2,ring_containing,0,0.3137254901960784,0.21976770963572764,whole_similarity_Q3,torsion_distance_Q2,heavy_atoms_Q3
confirmation,0108823553035934a15a43d22b202028,[O:1]=[C:2]([O:3][H:14])[C:4]1([H:15])[C:5]([H:16])([H:17])[C:6]([H:18])([H:19])[N:7]1[C:8]1([H:20])[C:9]([H:21])([H:22])[C:10]([H:23])([H:24])[C:11]([H:25])([H:26])[C:12]([H:27])([H:28])[C:13]1([H:29])[H:30],24,16.46875,C-N,C-C-N-C,O=C(O)C1CCN1C1CCCCC1,13,3,0,neutral,2,ring_containing,2,0.275,0.21918028969686848,whole_similarity_Q2,torsion_distance_Q2,heavy_atoms_Q1
confirmation,0108a6d6f9895bb796fe388840bebaf3,[C:1]([c:2]1[n:3][c:4]([S-:5])[c:6]2[n:7][c:8]([H:15])[n:9]([H:16])[c:10]2[n:11]1)([H:12])([H:13])[H:14],24,17.25,C-C,N-C-C-N,Cc1nc([S-])c2nc[nH]c2n1,11,5,-1,negative,2,ring_containing,0,0.28205128205128205,0.4433803070477245,whole_similarity_Q2,torsion_distance_Q4,heavy_atoms_Q1
confirmation,0109537b3b52500fa77b99961fea46df,[C:1]([c:2]1[c:3]([H:5])[c:6]([C:7](=[O:9])[c:10]2[c:11]([C:13]([H:29])([H:30])[H:31])[c:14]([H:15])[c:16]([O:18][C:21]([H:38])([H:39])[H:40])[c:17]([C:19]([H:32])([H:33])[H:34])[c:12]2[C:20]([H:35])([H:36])[H:37])[c:8]([H:22])[c:23]([C:24]([H:41])([H:42])[H:43])[c:4]1[C:25]([H:44])([H:45])[H:46])([H:26])([H:27])[H:28],24,10.5,C-C,C-C-C-C,COc1cc(C)c(C(=O)c2cc(C)c(C)c(C)c2)c(C)c1C,22,2,0,neutral,2,ring_containing,3,0.3333333333333333,0.1604311127629815,whole_similarity_Q3,torsion_distance_Q1,heavy_atoms_Q4
confirmation,010a1a0eb51d5f45b72e0a163c4bba9f,[C:1]([C:2](=[C:3]([C:4]1=[C:5]([C:6]([H:19])([H:20])[H:21])[C:7]([H:22])([H:23])[C:8]2([H:24])[O:9][C:10]2([C:11]([H:25])([H:26])[H:27])[C:12]1([O-:13])[H:28])[H:18])[H:17])([H:14])([H:15])[H:16],15,13.71875,C-C,C-C-C-C,CC=CC1=C(C)CC2OC2(C)C1[O-],13,2,-1,negative,2,ring_containing,1,0.18181818181818182,0.2602859497989126,whole_similarity_Q1,torsion_distance_Q3,heavy_atoms_Q1
confirmation,010a9022143d5a4090f1716ddb574b18,[H:1][C:2]([C:3]([C:6](=[N:9][N:11]([C:12]([H:20])([H:21])[H:22])[H:13])[H:10])([C:7]([C:14]([H:17])([H:18])[H:19])([H:15])[H:16])[H:8])([H:4])[H:5],24,5.421875,C-C,C-C-C-C,CCC(C)C=NNC,8,2,0,neutral,0,acyclic,3,0.22857142857142856,0.27463616869490665,whole_similarity_Q1,torsion_distance_Q3,heavy_atoms_Q1
confirmation,010aa1ce8f975b908e1441328c52b074,[O:1]=[C:2]([N:3]([C:4]1([H:17])[C:5]([H:18])([H:19])[C:6]([H:20])([H:21])[C:7]1([H:22])[H:23])[H:16])[C:8]1([H:24])[C:9]2([H:25])[C:10]([H:26])([H:27])[C:11]([H:28])([H:29])[C:12]([H:30])([H:31])[C:13]([H:32])([H:33])[N:14]([H:34])[C:15]12[H:35],24,4.1875,C-N,C-N-C-C,O=C(NC1CCC1)C1C2CCCCNC21,15,3,0,neutral,3,ring_containing,2,0.4791666666666667,0.10694922442947447,whole_similarity_Q4,torsion_distance_Q1,heavy_atoms_Q2
confirmation,010de55cab52501daff5709f5257f8cb,[C:1]([c:2]1[c:3]([H:13])[c:4]([H:14])[n:5]([N+:6]([C:7]([H:16])([H:17])[H:18])([C:8]([H:19])([H:20])[H:21])[H:15])[c:9]1[H:22])([H:10])([H:11])[H:12],24,18.359375,C-N,C-C-N-N,Cc1ccn([NH+](C)C)c1,9,2,1,positive,1,ring_containing,1,0.2222222222222222,0.3243428916789392,whole_similarity_Q1,torsion_distance_Q3,heavy_atoms_Q1
confirmation,010e402c1a135927a2b9aa78f88ab285,[C:1]([C:2](=[O:3])[N:4]1[C:5]([H:23])([H:24])[c:6]2[n:7][c:8]([H:25])[c:9]([H:26])[n:10]2[C:11]([H:27])([H:28])[C:12]([N:13]([C:14](=[O:15])[C:16]2([H:31])[C:17]([H:32])([H:33])[C:18]2([H:34])[H:35])[H:30])([H:29])[C:19]1([H:36])[H:37])([H:20])([H:21])[H:22],24,5.4375,C-N,C-C-N-C,CC(=O)N1Cc2nccn2CC(NC(=O)C2CC2)C1,19,6,0,neutral,3,ring_containing,2,0.32786885245901637,0.1555107915906466,whole_similarity_Q3,torsion_distance_Q1,heavy_atoms_Q3
confirmation,010ee3a28ae754e0abcbf2446279bfc4,[C:1]([N:2]([C:3](=[O:4])[C:5](=[C:6]([C:7](=[O:8])[N-:9][C:10]([C:11]1([H:22])[C:12]([H:23])([H:24])[C:13]1([H:25])[H:26])([H:20])[H:21])[H:19])[H:18])[H:17])([H:14])([H:15])[H:16],24,4.40625,C-C,N-C-C-C,CNC(=O)C=CC(=O)[N-]CC1CC1,13,4,-1,negative,1,ring_containing,4,0.2727272727272727,0.22019523004519911,whole_similarity_Q2,torsion_distance_Q2,heavy_atoms_Q1
confirmation,010f03a456725cc9bc82ddc4c450b354,[C:1]([c:2]1[n:3][n:5]([C:6]([H:26])([H:27])[H:28])[c:7](=[O:8])[c:9]2[c:4]1[c:21]([H:22])[n:12]([C:20]([H:29])([H:30])[H:31])[c:10]2[S:11][C:13]([C:14]([H:17])([H:18])[H:19])([H:15])[H:16])([H:23])([H:24])[H:25],24,18.4375,C-C,C-C-C-S,CCSc1c2c(=O)n(C)nc(C)c2cn1C,16,5,0,neutral,2,ring_containing,2,0.25,0.34270632263480855,whole_similarity_Q1,torsion_distance_Q3,heavy_atoms_Q2
confirmation,0110ae2bfc6a576fa31450956d4b4c31,[C:1]([S:2](=[N:3][H:15])(=[O:4])[C:5]([C:6]1([H:18])[C:7]([H:19])([H:20])[C:8]([F:9])([F:10])[C:11]1([H:21])[H:22])([H:16])[H:17])([H:12])([H:13])[H:14],24,4.0625,C-C,S-C-C-C,CS(=N)(=O)CC1CC(F)(F)C1,11,5,0,neutral,1,ring_containing,2,0.24390243902439024,0.8815328730491117,whole_similarity_Q1,torsion_distance_Q4,heavy_atoms_Q1
confirmation,011315aeb8d5519c81cc6de1b819c2aa,[C:1]([N:2]1[C:3]([H:5])([H:6])[C:7]([H:8])([H:9])[O:10][C:11]([O:12][H:14])([c:13]2[c:15]([H:17])[c:18]([H:19])[c:20]3[c:21]([c:16]2[H:24])[N:23]([C:25]([H:43])([H:44])[H:45])[c:26]2[c:27]([H:29])[c:30]([H:31])[c:32]([H:33])[c:34]([H:35])[c:28]2[C:22]3([H:41])[H:42])[C:4]1([H:36])[H:37])([H:38])([H:39])[H:40],24,6.375,C-O,C-C-O-H,CN1CCOC(O)(c2ccc3c(c2)N(C)c2ccccc2C3)C1,23,4,0,neutral,4,ring_containing,1,0.34545454545454546,0.3994059054264853,whole_similarity_Q4,torsion_distance_Q4,heavy_atoms_Q4
confirmation,0113bf3759745957877a6ec3c978b846,[H:1][C:2]1([H:5])[C:3]2([H:8])[C:6]([H:10])=[C:9]([H:12])[C:11]([H:13])([C:4]1([C:14](=[O:16])[N:17]([c:18]1[c:20]([H:23])[c:22]([H:25])[c:24]([Br:26])[c:27]([H:28])[c:21]1[H:29])[H:19])[H:15])[C:7]2([H:30])[H:31],23,13.375,C-N,O-C-N-C,O=C(Nc1ccc(Br)cc1)C1CC2C=CC1C2,17,3,0,neutral,3,ring_containing,2,0.2727272727272727,0.2913807179210747,whole_similarity_Q2,torsion_distance_Q3,heavy_atoms_Q3
confirmation,0113de6aaea75cd994dd3945b0d40eb9,[O:1]=[C:2]([N:3]([C:4]1([H:18])[C:5]([H:19])([H:20])[C:6]([F:7])([H:21])[C:8]1([H:22])[H:23])[H:17])[c:9]1[c:10]([H:24])[o:11][c:12]2[c:13]1[C:14]([H:25])([H:26])[S:15][C:16]2([H:27])[H:28],24,3.75,C-N,C-N-C-C,O=C(NC1CC(F)C1)c1coc2c1CSC2,16,5,0,neutral,3,ring_containing,2,0.2857142857142857,0.3105236648715615,whole_similarity_Q2,torsion_distance_Q3,heavy_atoms_Q2
confirmation,01141de7dda150719d426616aac62db1,[C:1]([c:2]1[n:3][c:4]([N:5]([c:6]2[c:7]([H:24])[c:8]([Cl:9])[c:10]([H:25])[c:11]([Cl:12])[c:13]2[H:26])[H:23])[n:14]([H:27])[c:15]2[n:16][c:17]([H:28])[n:18][c:19]1-2)([H:20])([H:21])[H:22],24,4.3125,C-N,N-C-N-C,Cc1nc(Nc2cc(Cl)cc(Cl)c2)[nH]c2ncnc1-2,19,7,0,neutral,3,ring_containing,2,0.2727272727272727,0.2954742298278517,whole_similarity_Q2,torsion_distance_Q3,heavy_atoms_Q3
confirmation,01142e02ada25b7cba4c2b3ee35f2b23,[F:1][c:2]1[c:3]([H:5])[c:6]([H:7])[c:8]([H:9])[c:10]([H:11])[c:4]1[C:12]([F:13])([C:14]1([H:16])[C:17]([H:19])([H:20])[C:21]([H:22])([H:23])[N:24]([C:25]([H:31])([H:32])[H:33])[C:26]([H:27])([H:28])[C:18]1([H:29])[H:30])[H:15],24,9.8125,C-C,C-C-C-F,CN1CCC(C(F)c2ccccc2F)CC1,16,3,0,neutral,2,ring_containing,2,0.30434782608695654,0.41306375598393247,whole_similarity_Q3,torsion_distance_Q4,heavy_atoms_Q2
confirmation,0114d04c3ddd52389f9b624d7c81755e,[C:1]([c:2]1[o:3][c:4]2[c:5]([H:25])[c:6]([H:26])[c:7]3[c:8]([C:9]([H:27])([H:28])[H:29])[c:10]([H:30])[c:11](=[O:12])[n:13]([C:14]([C:15](=[O:16])[O-:17])([H:31])[H:32])[c:18]3[c:19]2[c:20]1[C:21]([H:33])([H:34])[H:35])([H:22])([H:23])[H:24],24,19.5625,C-N,C-N-C-C,Cc1oc2ccc3c(C)cc(=O)n(CC(=O)[O-])c3c2c1C,21,5,-1,negative,3,ring_containing,2,0.3269230769230769,0.20134159945532681,whole_similarity_Q3,torsion_distance_Q2,heavy_atoms_Q4
confirmation,011534f550815497afd435e1304c4740,[C:1]([c:2]1[c:3]([H:5])[c:6]([H:7])[c:8]2[c:9]([c:4]1[H:31])[n:28]([H:30])[c:13](=[S:29])[n:11]([C:14]([c:15]1[c:18]([H:20])[c:21]([H:22])[c:23]([H:24])[c:25]([Br:26])[c:19]1[H:27])([H:16])[H:17])[c:10]2=[O:12])([H:32])([H:33])[H:34],24,1.75,C-C,N-C-C-C,Cc1ccc2c(=O)n(Cc3cccc(Br)c3)c(=S)[nH]c2c1,21,5,0,neutral,3,ring_containing,2,0.3684210526315789,0.4834920966514395,whole_similarity_Q4,torsion_distance_Q4,heavy_atoms_Q4
confirmation,011624c7a0ca58efa276dd5c32ef088d,[C:1]([c:2]1[c:3]([H:21])[c:4]([H:22])[c:5]([H:23])[c:6]([N:7]([C:8](=[O:9])[N:10]2[C:11]([H:25])([H:26])[C:12]([H:27])([H:28])[C:13]3([H:29])[C:14]([H:30])([H:31])[C:15]([H:32])([H:33])[C:16]23[H:34])[H:24])[c:17]1[H:35])([H:18])([H:19])[H:20],23,12.84375,C-N,O-C-N-C,Cc1cccc(NC(=O)N2CCC3CCC32)c1,17,3,0,neutral,3,ring_containing,1,0.3870967741935484,0.11930545641777256,whole_similarity_Q4,torsion_distance_Q1,heavy_atoms_Q3
confirmation,01164e6ebae95245963de291133934cf,[C:1]([c:2]1[c:3]([H:21])[n:4][c:5]2[c:6]([H:22])[c:7]([C:8](=[O:9])[N:10]3[C:11]([H:23])([H:24])[C:12]([H:25])([H:26])[C:13]([H:27])([H:28])[C:14]3([H:29])[H:30])[c:15]([H:31])[c:16]([H:32])[n:17]12)([H:18])([H:19])[H:20],24,18.9375,C-N,O-C-N-C,Cc1cnc2cc(C(=O)N3CCCC3)ccn12,17,4,0,neutral,3,ring_containing,1,0.35185185185185186,0.0,whole_similarity_Q4,torsion_distance_Q1,heavy_atoms_Q3
confirmation,0116f0269be05e399ef914bde214b06e,[C:1]([N:2]=[N:3][C:4]([C:5](=[O:6])[O:7][C:8]([H:30])([H:31])[H:32])=[P:9]([N:10]=[S:11]([C:12]([H:33])([H:34])[H:35])([C:13]([H:36])([H:37])[H:38])=[O:14])([c:15]1[c:16]([H:39])[c:17]([H:40])[c:18]([H:41])[c:19]([H:42])[c:20]1[H:43])[c:21]1[c:22]([H:44])[c:23]([H:45])[c:24]([H:46])[c:25]([H:47])[c:26]1[H:48])([H:27])([H:28])[H:29],24,1.125,other_central_bonds,N-P-C-C,CN=NC(C(=O)OC)=P(N=S(C)(C)=O)(c1ccccc1)c1ccccc1,26,8,0,neutral,2,ring_containing,5,0.2641509433962264,0.6002314786727837,whole_similarity_Q2,torsion_distance_Q4,heavy_atoms_Q4
confirmation,0117127f13145519b33dde8b62d58563,[C:1]([N:2]([c:3]1[c:4]([H:15])[c:5]2[n:6]([n+:7]1[H:16])[C:8]([H:17])([H:18])[C:9]([H:19])([H:20])[C:10]2([H:21])[H:22])[H:14])([H:11])([H:12])[H:13],14,18.75,C-N,C-N-C-C,CNc1cc2n([nH+]1)CCC2,10,3,1,positive,2,ring_containing,1,0.20930232558139536,0.2643398532819289,whole_similarity_Q1,torsion_distance_Q3,heavy_atoms_Q1
confirmation,0118b96f465b544bbf17856b12b933bc,[C:1]([C:2](=[C:3]([C:5](=[C:7]([N:9]([O:11][H:13])[H:12])[H:10])[H:8])[H:6])[H:4])([H:14])([H:15])[H:16],24,6.90625,C-N,H-C-N-O,CC=CC=CNO,7,2,0,neutral,0,acyclic,2,0.25,0.8130342299449336,whole_similarity_Q1,torsion_distance_Q4,heavy_atoms_Q1
confirmation,011a512b03555f4ba0a77c3e0784ae84,[C:1]([O:2][C:3](=[O:4])[C:5]1([H:19])[C:6]([H:20])([H:21])[C:7]([H:22])([H:23])[O:8][C:9]1([c:10]1[n:11][c:12]([H:25])[c:13]([H:26])[n:14]1[C:15]([H:27])([H:28])[H:29])[H:24])([H:16])([H:17])[H:18],24,10.1875,C-C,O-C-C-N,COC(=O)C1CCOC1c1nccn1C,15,5,0,neutral,2,ring_containing,2,0.29310344827586204,0.2347940035678232,whole_similarity_Q2,torsion_distance_Q2,heavy_atoms_Q2
confirmation,011ab56016a554c3a7c2cbdd7be55863,[C:1]([Si:2]([C:3]([H:16])([H:17])[H:18])([C:4]([H:19])([H:20])[H:21])[C:5]([N:6]([C:7](=[C:8]1[S:9][C:10]([H:26])([H:27])[C:11]([H:28])([H:29])[S:12]1)[H:25])[H:24])([H:22])[H:23])([H:13])([H:14])[H:15],24,1.6875,other_central_bonds,C-Si-C-N,C[Si](C)(C)CNC=C1SCCS1,12,4,0,neutral,1,ring_containing,3,0.16666666666666666,0.973714860737913,whole_similarity_Q1,torsion_distance_Q4,heavy_atoms_Q1
confirmation,011bbc38b749572b9dfa7adcf244f1dc,[C:1]([C:2]([C:6]([C:9]([H:12])([H:13])[H:14])([c:10]1[n:15][n:17]([C:18]([H:28])([H:29])[H:30])[c:19]2[c:16]1[N:21]=[C:22]([C:23]([H:31])([H:32])[H:33])[C:24]([H:34])([H:35])[N:25]([H:26])[C:20]2=[O:27])[H:11])([H:7])[H:8])([H:3])([H:4])[H:5],13,16.6875,C-C,C-C-C-N,CCC(C)c1nn(C)c2c1N=C(C)CNC2=O,17,5,0,neutral,2,ring_containing,2,0.2028985507246377,0.1437853841296639,whole_similarity_Q1,torsion_distance_Q1,heavy_atoms_Q3
confirmation,011be9a1c1a75f9483b287adb97beeae,[C:1]([N:2]([C:6]([c:8]1[n:11][n:14]([C:15]([H:19])([H:20])[H:21])[n:13][n:12]1)([H:9])[H:10])[C:7]([H:16])([H:17])[H:18])([H:3])([H:4])[H:5],24,5.78125,C-N,C-N-C-C,CN(C)Cc1nnn(C)n1,10,5,0,neutral,1,ring_containing,2,0.3055555555555556,0.3459091265105823,whole_similarity_Q3,torsion_distance_Q3,heavy_atoms_Q1
confirmation,011cf541c9815321b50977746f22ff42,[N:1]([C:2](=[O:5])[N:6]([N:7]([C:9](=[O:11])[c:12]1[c:13]([C:19]([H:20])([H:21])[H:22])[n:16]([H:18])[c:15]([H:17])[n:14]1)[H:10])[H:8])([H:3])[H:4],24,19.71875,C-N,N-N-C-O,Cc1[nH]cnc1C(=O)NNC(N)=O,13,7,0,neutral,1,ring_containing,1,0.2619047619047619,0.22196521808066447,whole_similarity_Q2,torsion_distance_Q2,heavy_atoms_Q1
confirmation,011d22f77a035c70a1a473d2df19e4ed,[C:1]([N:2]1[C:3]([H:18])([H:19])[C:4]([H:20])([H:21])[N:5]([C:6]([C:7]2=[N:8][C:9]([H:24])([H:25])[C:10]([H:26])([H:27])[C:11]([H:28])([H:29])[N:12]2[H:30])([H:22])[H:23])[C:13]([H:31])([H:32])[C:14]1([H:33])[H:34])([H:15])([H:16])[H:17],24,8.46875,C-N,C-N-C-C,CN1CCN(CC2=NCCCN2)CC1,14,4,0,neutral,2,ring_containing,2,0.3404255319148936,0.24544060377321514,whole_similarity_Q3,torsion_distance_Q2,heavy_atoms_Q2
confirmation,011e40058b2151c3a2a6085124734b95,[C:1]([C:2]1=[N:3][O:4][C:5]2([H:22])[C:6]([H:23])([H:24])[N:7]([C:8](=[O:9])[c:10]3[c:11]([H:25])[n:12][c:13]([H:26])[c:14]([C:15]([H:27])([H:28])[H:29])[c:16]3[H:30])[C:17]([H:31])([H:32])[C:18]12[H:33])([H:19])([H:20])[H:21],24,6.40625,C-C,N-C-C-C,CC1=NOC2CN(C(=O)c3cncc(C)c3)CC12,18,5,0,neutral,3,ring_containing,1,0.5,0.1611969324748869,whole_similarity_Q4,torsion_distance_Q1,heavy_atoms_Q3
confirmation,01207f08dc1e5c9aa843f99fe70d65be,[O:1]([C:2]1([c:4]2[c:7]([H:9])[c:10]([H:11])[c:12]([H:13])[c:14]([H:15])[c:8]2[H:16])[c:5]2[c:17]([H:19])[c:20]([H:21])[c:22]([H:23])[c:24]([H:25])[c:18]2[C:26]2=[N:27][C:28]([H:29])([H:30])[C:31]([H:32])([H:33])[C:34]([H:35])([H:36])[C:37]([H:38])([H:39])[N:6]12)[H:3],20,19.375,C-N,N-C-N-C,OC1(c2ccccc2)c2ccccc2C2=NCCCCN21,21,3,0,neutral,4,ring_containing,1,0.26229508196721313,0.15806757623507384,whole_similarity_Q2,torsion_distance_Q1,heavy_atoms_Q4
confirmation,01209b2fe148542d8787366deb61cc3a,[C:1]([c:2]1[n:3][c:4]2[c:5]([c:6](=[O:7])[n:8]1[H:27])[C:9]([H:28])([H:29])[C:10]([H:30])([H:31])[N:11]([C:12](=[O:13])[C:14]13[O:15][C:16]([H:32])([H:33])[C:17]([H:34])([H:35])[C:18]([H:36])([H:37])[C:19]1([H:38])[C:20]3([F:21])[F:22])[C:23]2([H:39])[H:40])([H:24])([H:25])[H:26],24,14.3125,C-C,N-C-C-C,Cc1nc2c(c(=O)[nH]1)CCN(C(=O)C13OCCCC1C3(F)F)C2,23,8,0,neutral,4,ring_containing,1,0.37681159420289856,0.3401715359493477,whole_similarity_Q4,torsion_distance_Q3,heavy_atoms_Q4
confirmation,0120a23699e45249a915aa5e46daa4b8,[C:1]([O:2][C:3]([C:4]([H:22])([H:23])[H:24])=[C:5]([C:6]([H:25])([H:26])[H:27])[C:7](=[O:8])[N:9]([C:10]1([C:11]2([O:12][C:13]([H:29])([H:30])[H:31])[C:14]([H:32])([H:33])[C:15]([H:34])([H:35])[C:16]2([H:36])[H:37])[C:17]([H:38])([H:39])[C:18]1([H:40])[H:41])[H:28])([H:19])([H:20])[H:21],24,6.84375,C-O,C-C-O-C,COC(C)=C(C)C(=O)NC1(C2(OC)CCC2)CC1,18,4,0,neutral,2,ring_containing,5,0.34,0.26716382704809505,whole_similarity_Q3,torsion_distance_Q3,heavy_atoms_Q3
confirmation,0120c24b593f55d7a9aef411ac1aeabd,[C:1]([O:2][C:3]1=[C:4]([C:5]([H:22])([H:23])[H:24])[C:6]([N:7]([C:8]([C:9]2([H:29])[C:10]([H:30])([H:31])[C:11]([H:32])([H:33])[S:12](=[O:13])(=[O:14])[N:15]2[H:34])([H:27])[H:28])[H:26])([H:25])[C:16]([H:35])([H:36])[C:17]([H:37])([H:38])[C:18]1([H:39])[H:40])([H:19])([H:20])[H:21],24,7.375,C-N,C-N-C-C,COC1=C(C)C(NCC2CCS(=O)(=O)N2)CCC1,18,6,0,neutral,2,ring_containing,4,0.32075471698113206,0.2061020593830523,whole_similarity_Q3,torsion_distance_Q2,heavy_atoms_Q3
confirmation,01217a8352705dc3baacc298466b30cf,[C:1]([N:2]1[C:3]([H:5])([H:6])[C:7]([H:8])([H:9])[N:10]([C:11]([c:12]2[c:15]([H:17])[c:18]([H:19])[c:20]([F:21])[c:22]([H:23])[c:16]2[H:24])([H:13])[H:14])[C:4]1=[O:25])([H:26])([H:27])[H:28],24,7.9375,C-N,C-N-C-C,CN1CCN(Cc2ccc(F)cc2)C1=O,15,4,0,neutral,2,ring_containing,2,0.33962264150943394,0.13514339836564607,whole_similarity_Q3,torsion_distance_Q1,heavy_atoms_Q2
confirmation,0121b5fdb8bb523fad4359268be56a3c,[C:1]([O:2][C:3](=[O:4])[c:5]1[n:6][c:8]([Br:9])[c:10]([H:12])[c:11]([Br:13])[c:7]1[O:14][C:15]([H:16])([H:17])[H:18])([H:19])([H:20])[H:21],24,3.5,C-C,O-C-C-C,COC(=O)c1nc(Br)cc(Br)c1OC,14,6,0,neutral,1,ring_containing,2,0.36585365853658536,0.681010759124711,whole_similarity_Q4,torsion_distance_Q4,heavy_atoms_Q2
confirmation,012440e9cb3353e9bd8de20331f13811,[C:1]([c:2]1[c:3]([H:5])[c:6]([C:7]([H:29])([H:30])[H:31])[c:8]2[c:9]([c:4]1[H:25])[n:13]([C:15]([C:16]([C:19]([H:22])([H:23])[H:24])([H:20])[H:21])([H:17])[H:18])[c:11]([H:14])[c:10]2[H:12])([H:26])([H:27])[H:28],24,3.96875,C-C,N-C-C-C,CCCn1ccc2c(C)cc(C)cc21,14,1,0,neutral,2,ring_containing,2,0.32608695652173914,0.24504283770536964,whole_similarity_Q3,torsion_distance_Q2,heavy_atoms_Q2
confirmation,012451da168652e795f08ef70b64c350,[C:1]([N:2]([C:3](=[O:5])[C:6]1=[N:7][c:9]2[c:10]([H:12])[c:13]([H:14])[c:15]([H:16])[c:17]3[c:11]2[c:24]([c:22]([H:23])[c:20]([H:21])[c:18]3[H:19])[N:8]1[H:25])[H:4])([H:26])([H:27])[H:28],24,17.25,C-C,O-C-C-N,CNC(=O)C1=Nc2cccc3cccc(c23)N1,17,4,0,neutral,3,ring_containing,1,0.3050847457627119,0.2368836646878562,whole_similarity_Q3,torsion_distance_Q2,heavy_atoms_Q3
confirmation,0125facb5b1c557da6fba82f0558b9ce,[O:1]=[C:2]([C:3]1([H:5])[C:6]([H:8])([H:9])[C:10]2([H:11])[C:12]([H:14])([H:15])[C:16]([H:17])([H:18])[C:7]1([H:19])[O:13]2)[N:4]([C:20]([H:22])([H:23])[H:24])[C:21]([H:25])([H:26])[H:27],24,18.15625,C-N,C-N-C-O,CN(C)C(=O)C1CC2CCC1O2,12,3,0,neutral,2,ring_containing,1,0.27906976744186046,0.17969003105760117,whole_similarity_Q2,torsion_distance_Q1,heavy_atoms_Q1
confirmation,012633796c5a5f70941fe9516f9fba44,[C:1]([N:2]1[C:3]([H:26])([H:27])[N:4]([S:5](=[O:6])(=[O:7])[C:8]([c:9]2[c:10]([H:30])[c:11]([C:12]#[N:13])[c:14]([H:31])[c:15]([H:32])[c:16]2[F:17])([H:28])[H:29])[C:18]([H:33])([H:34])[C:19]([H:35])([H:36])[S:20]1(=[O:21])=[O:22])([H:23])([H:24])[H:25],24,16.875,other_central_bonds,C-N-S-C,CN1CN(S(=O)(=O)Cc2cc(C#N)ccc2F)CCS1(=O)=O,22,10,0,neutral,2,ring_containing,3,0.3442622950819672,0.43005857747344545,whole_similarity_Q4,torsion_distance_Q4,heavy_atoms_Q4
confirmation,0126ac9dd72c5fbca7f2d1d96092428d,[C:1]([O:2][C:3](=[O:4])[C:5]([C:6]1([H:9])[N:10]([H:12])[N:13]=[C:14]2[N:15]([C:11]1=[O:20])[C:17]([H:24])([H:25])[C:18]([H:26])([H:27])[N:16]2[C:19]([H:28])([H:29])[H:30])([H:7])[H:8])([H:21])([H:22])[H:23],18,16.875,C-N,C-C-N-N,COC(=O)CC1NN=C2N(C)CCN2C1=O,16,7,0,neutral,2,ring_containing,2,0.29310344827586204,0.21616617584204012,whole_similarity_Q2,torsion_distance_Q2,heavy_atoms_Q2
confirmation,0127290d91af508586fe2138f2b154fc,[C:1]([c:2]1[c:3]([H:5])[c:6](=[O:7])[n:8]2[c:9]([H:11])[c:12]([H:13])[n:14]([C:15]3([H:16])[C:17]([H:19])([H:20])[C:21]([H:22])([H:23])[C:24]([H:25])([H:26])[C:18]3([H:27])[H:28])[c:10]2[n:4]1)([H:29])([H:30])[H:31],24,19.09375,C-N,N-C-N-C,Cc1cc(=O)n2ccn(C3CCCC3)c2n1,16,4,0,neutral,3,ring_containing,1,0.30612244897959184,0.1770802777832458,whole_similarity_Q3,torsion_distance_Q1,heavy_atoms_Q2
confirmation,0127643025d45e13ab5c86ec9f5f6605,[C:1]([c:2]1[c:3]([H:6])[c:5]([N:7]2[C:9]([H:12])([H:13])[C:11]([H:15])([H:16])[N:14]([C:17](=[N:19][C:21]([H:34])([H:35])[H:36])[N:20]([C:22]([H:37])([H:38])[H:39])[H:23])[C:18]([H:24])([H:25])[C:10]2([H:26])[H:27])[c:8]([H:29])[c:28]([C:30]([H:40])([H:41])[H:42])[n:4]1)([H:31])([H:32])[H:33],24,7.75,C-N,C-C-N-C,CN=C(NC)N1CCN(c2cc(C)nc(C)c2)CC1,19,5,0,neutral,2,ring_containing,1,0.23636363636363636,0.21075580227126484,whole_similarity_Q1,torsion_distance_Q2,heavy_atoms_Q3
confirmation,01276ab369c159e4bab2d833a3c16b49,[C:1]([c:2]1[n:3][c:5]([H:7])[n:6][c:8]2[c:4]1[n:12][c:10](-[c:11]1[c:13]([C:15]([H:36])([H:37])[H:38])[n:16][c:17]([H:18])[n:14]1[C:19]([c:20]1[c:23]([H:26])[c:25]([H:28])[c:27]([H:30])[c:29]([H:31])[c:24]1[C:32]([H:39])([H:40])[H:41])([H:21])[H:22])[s:9]2)([H:33])([H:34])[H:35],24,3.875,C-N,C-N-C-C,Cc1ccccc1Cn1cnc(C)c1-c1nc2c(C)ncnc2s1,24,6,0,neutral,4,ring_containing,3,0.26229508196721313,0.3263091990080447,whole_similarity_Q2,torsion_distance_Q3,heavy_atoms_Q4
confirmation,012788cbe6805a9aad2d6c3c098d11f0,[C:1]([C:2]([O-:3])([C:4](=[O:5])[C:6]1([H:17])[C:7]([H:18])([H:19])[C:8]([H:20])=[C:9]([H:21])[C:10](=[O:11])[C:12]1([H:22])[H:23])[H:16])([H:13])([H:14])[H:15],24,14.5,C-C,C-C-C-C,CC([O-])C(=O)C1CC=CC(=O)C1,12,3,-1,negative,1,ring_containing,2,0.22916666666666666,0.21046029562331117,whole_similarity_Q1,torsion_distance_Q2,heavy_atoms_Q1
confirmation,0127a7e81943575ea02bedbefd649a1d,[C:1]([c:2]1[c:3]([H:5])[c:6]([H:7])[c:8]2[c:9]([c:4]1[H:12])[O:11][C:13]([c:14]1[c:17]([H:19])[c:20]([C:21]([H:36])([H:37])[H:38])[c:22]([C:23]([H:39])([H:40])[H:41])[c:24]([C:25]([H:42])([H:43])[H:44])[c:18]1[H:26])([H:15])[C:16]([C:27](=[O:28])[N:29]([C:30]([H:45])([H:46])[H:47])[C:31]([H:48])([H:49])[H:50])=[C:10]2[H:32])([H:33])([H:34])[H:35],24,2.1875,C-C,O-C-C-C,Cc1ccc2c(c1)OC(c1cc(C)c(C)c(C)c1)C(C(=O)N(C)C)=C2,25,3,0,neutral,3,ring_containing,2,0.30158730158730157,0.33416307084276237,whole_similarity_Q3,torsion_distance_Q3,heavy_atoms_Q4
confirmation,0129b27c17275b8da552ffcf14bb1d42,[C:1]([c:2]1[n:3][c:4]([C:5]([H:25])([H:26])[H:27])[c:6]2[c:7]([n:8]1)[N:9]([C:10]1([H:28])[C:11]([H:29])([H:30])[C:12]([H:31])([H:32])[N:13]([C:14]3=[N:15][C:16]([H:33])([H:34])[C:17]([H:35])([H:36])[O:18]3)[C:19]1([H:37])[H:38])[C:20]([H:39])([H:40])[C:21]2([H:41])[H:42])([H:22])([H:23])[H:24],14,15.4375,C-C,C-C-C-N,Cc1nc(C)c2c(n1)N(C1CCN(C3=NCCO3)C1)CC2,21,6,0,neutral,4,ring_containing,1,0.3064516129032258,0.16002376510439006,whole_similarity_Q3,torsion_distance_Q1,heavy_atoms_Q4
confirmation,012a5112dcc859beaeee77ecc4e29be2,[C:1]([c:2]1[n:3][n:4]2[c:5](=[O:6])[c:7]3[c:8]([H:25])[c:9]([Cl:10])[c:11]([H:26])[c:12]([H:27])[c:13]3[n:14][c:15]2[c:16]2[c:17]([H:28])[c:18]([H:29])[c:19]([H:30])[c:20]([H:31])[c:21]12)([H:22])([H:23])[H:24],24,19.8125,C-N,O-C-N-C,Cc1nn2c(=O)c3cc(Cl)ccc3nc2c2ccccc12,21,5,0,neutral,4,ring_containing,0,0.3275862068965517,0.37882024328896885,whole_similarity_Q3,torsion_distance_Q4,heavy_atoms_Q4
confirmation,012a67c9462e561791700293fa6e69d1,[C:1]([O:2][C:3](=[O:4])[c:5]1[c:6]([Cl:18])[c:9]2[c:8]([s:7]1)[c:10]([H:11])[c:12]([H:13])[c:14]([H:15])[c:16]2[H:17])([H:19])([H:20])[H:21],24,5.8125,C-C,O-C-C-C,COC(=O)c1sc2ccccc2c1Cl,14,4,0,neutral,2,ring_containing,1,0.3695652173913043,0.40762431703269425,whole_similarity_Q4,torsion_distance_Q4,heavy_atoms_Q2
confirmation,012b7b11060e524985b6016b5b5b4232,[C:1]([N+:2]1([H:16])[C:3]([H:17])([H:18])[C:4]([H:19])([H:20])[C:5]2=[C:6]([C:7]1([H:21])[H:22])[C:8](=[O:9])[C:10]([H:23])([H:24])[C:11]([H:25])([H:26])[S:12]2)([H:13])([H:14])[H:15],20,15.0,C-C,C-C-C-S,C[NH+]1CCC2=C(C1)C(=O)CCS2,12,3,1,positive,2,ring_containing,0,0.2619047619047619,0.29413635068734545,whole_similarity_Q2,torsion_distance_Q3,heavy_atoms_Q1
confirmation,012e35020c285713ab7e86891d7092c8,[C:1]([C:2](=[C:3]([C:5](=[O:7])[N:8]([c:9]1[c:11]([H:13])[c:14]([H:15])[c:16]2[c:17]([c:12]1[H:20])[C:19]([H:27])([H:28])[N:21]([C:22]([H:29])([H:30])[H:31])[C:18]2=[O:23])[H:10])[H:6])[H:4])([H:24])([H:25])[H:26],24,5.46875,C-N,C-N-C-C,CC=CC(=O)Nc1ccc2c(c1)CN(C)C2=O,17,4,0,neutral,2,ring_containing,2,0.26785714285714285,0.0,whole_similarity_Q2,torsion_distance_Q1,heavy_atoms_Q3
confirmation,012fdc4c1ba351bd84db485632b6e70e,[C:1]([C:2]([c:6]1[c:9]([H:12])[c:11]([C:13]([H:31])([H:32])[H:33])[c:14]([H:16])[c:15]([H:17])[c:10]1-[c:18]1[n:19][c:21]([C:22]([H:34])([H:35])[H:36])[n:23]2[c:20]1[c:29]([C:30]([H:37])([H:38])[H:39])[n:27][c:25]([H:28])[c:24]2[H:26])([H:7])[H:8])([H:3])([H:4])[H:5],24,5.0625,C-C,C-C-C-C,CCc1cc(C)ccc1-c1nc(C)n2ccnc(C)c12,20,3,0,neutral,3,ring_containing,2,0.3508771929824561,0.14031831320032603,whole_similarity_Q4,torsion_distance_Q1,heavy_atoms_Q4
confirmation,0130acc13223568ca6b25bb2ecc7b8e0,[C:1]([c:2]1[c:3]([H:19])[n:4][n:5][c:6]([H:20])[c:7]1[C:8](=[O:9])[N:10]=[S:11]1(=[O:12])[C:13]([H:21])([H:22])[C:14]([H:23])([H:24])[C:15]1([H:25])[H:26])([H:16])([H:17])[H:18],24,4.0,C-C,C-C-C-O,Cc1cnncc1C(=O)N=S1(=O)CCC1,15,6,0,neutral,2,ring_containing,1,0.28125,0.0,whole_similarity_Q2,torsion_distance_Q1,heavy_atoms_Q2
confirmation,0133bb8ebb5554099cd708c19ab69fa8,[C:1]([N:2]([C:3]([C:5]([H:22])([H:23])[H:24])=[N:6][c:7]1[c:8]([H:10])[c:11]([H:12])[c:13]([Cl:14])[n:15][n:9]1)[C:4]([H:19])([H:20])[H:21])([H:16])([H:17])[H:18],24,10.25,C-N,C-N-C-C,CC(=Nc1ccc(Cl)nn1)N(C)C,13,5,0,neutral,1,ring_containing,1,0.20833333333333334,0.4086726933107223,whole_similarity_Q1,torsion_distance_Q4,heavy_atoms_Q1
confirmation,013412940d535f6a8c724ec9c3d39c89,[C:1]([C:2](=[O:3])[N-:4][c:5]1[c:6]([H:20])[c:7]2[c:8]([H:21])[n:9][c:10]([C:11]([H:22])([H:23])[H:24])[n:12][c:13]2[n-:14][c:15]1=[O:16])([H:17])([H:18])[H:19],24,5.8125,C-N,C-N-C-C,CC(=O)[N-]c1cc2cnc(C)nc2[n-]c1=O,16,6,-2,negative,2,ring_containing,1,0.28846153846153844,0.2764518030097951,whole_similarity_Q2,torsion_distance_Q3,heavy_atoms_Q2
confirmation,0134d2a7b70351b9b44c2bd390936f79,[C:1]([c:2]1[c:3]([H:26])[c:4]([H:27])[c:5]2[c:6]([c:7]1[H:28])[S:8](=[O:9])(=[O:10])[C:11]([c:12]1[c:13]([H:29])[c:14]([H:30])[o:15][c:16]1[H:31])=[C:17]2[C:18]1([H:32])[C:19]([H:33])([H:34])[C:20]([H:35])([H:36])[C:21]([H:37])([H:38])[C:22]1([H:39])[H:40])([H:23])([H:24])[H:25],24,6.125,C-C,C-C-C-C,Cc1ccc2c(c1)S(=O)(=O)C(c1ccoc1)=C2C1CCCC1,22,4,0,neutral,4,ring_containing,2,0.27419354838709675,0.3461810953306479,whole_similarity_Q2,torsion_distance_Q3,heavy_atoms_Q4
confirmation,013620ea08075177b668f61283c326ec,[C:1](=[S:2]([N:5]([C:7](=[O:9])[N:10]([C:11]([H:22])([H:23])[H:24])[H:12])[H:8])[c:6]1[s:13][c:15]([Cl:16])[c:17]([C:18]([H:25])([H:26])[H:27])[c:14]1[C:19](=[O:20])[C:21]([H:28])([H:29])[H:30])([H:3])[H:4],23,5.5,other_central_bonds,C-S-N-C,C=S(NC(=O)NC)c1sc(Cl)c(C)c1C(C)=O,17,7,0,neutral,1,ring_containing,3,0.2641509433962264,0.5245442493609779,whole_similarity_Q2,torsion_distance_Q4,heavy_atoms_Q3
confirmation,01377672bfc35d0192afce3d1f9cb339,[C:1]([C:2](=[C:3]([C:4](=[O:5])[N:6]([c:7]1[c:8]([H:24])[c:9]([H:25])[c:10]([C:11]([H:26])([H:27])[H:28])[c:12]([H:29])[c:13]1[C:14]([F:15])([F:16])[F:17])[H:23])[H:22])[H:21])([H:18])([H:19])[H:20],24,14.0,C-N,C-C-N-C,CC=CC(=O)Nc1ccc(C)cc1C(F)(F)F,17,5,0,neutral,1,ring_containing,2,0.3125,0.36834008820258374,whole_similarity_Q3,torsion_distance_Q4,heavy_atoms_Q3
confirmation,0137cd1e8c2f527081291d74505168ef,[O:1]=[C:2]1[C:3](=[O:5])[N:6]([C:7]([c:9]2[c:12]([H:14])[c:15]([H:16])[c:17]([Br:18])[c:19]([H:20])[c:13]2[H:21])([H:10])[H:11])[c:8]2[c:4]1[c:28]([H:29])[c:26]([Br:27])[c:24]([H:25])[c:22]2[Br:23],24,12.5,C-N,C-N-C-C,O=C1C(=O)N(Cc2ccc(Br)cc2)c2c(Br)cc(Br)cc21,21,6,0,neutral,3,ring_containing,2,0.3333333333333333,0.6201118274962373,whole_similarity_Q3,torsion_distance_Q4,heavy_atoms_Q4
confirmation,01382aa48730556692077fec651eb27a,[O:1]=[C:2]([C:3](=[C:5]([C:7]([H:27])([H:28])[H:29])[H:8])[H:6])[N:4]([C:9]([C:11]12[C:14]([H:17])([H:18])[C:19]([H:20])([C:16]1([H:25])[H:26])[C:21]([H:22])([H:23])[N:15]2[C:24]([H:30])([H:31])[H:32])([H:12])[H:13])[H:10],21,18.78125,C-N,C-C-N-C,CC=CC(=O)NCC12CC(CN1C)C2,14,3,0,neutral,3,ring_containing,3,0.3409090909090909,0.14602886019799938,whole_similarity_Q3,torsion_distance_Q1,heavy_atoms_Q2
confirmation,0138fde3aa545dc4b4a7046b0d8ecc01,[C:1]([O:2][C:3](=[O:4])[C:5]1([H:6])[C:7]([H:9])([H:10])[C:11]2([H:12])[N:13]([C:15]([H:47])([H:48])[H:49])[C:16]([H:17])([H:18])[C:19]([H:20])([H:21])[C:22]3([H:23])[C:8]1([N:34]([C:35](=[O:36])[O:37][C:38]([H:50])([H:51])[H:52])[c:26]1[c:24]3[c:25]([H:27])[c:28]([H:29])[c:30]([H:31])[c:32]1[H:33])[C:39]([H:40])([H:41])[C:14]2([H:42])[H:43])([H:44])([H:45])[H:46],24,10.5,C-C,O-C-C-C,COC(=O)C1CC2CCC13C(CCN2C)c1ccccc1N3C(=O)OC,26,6,0,neutral,5,ring_containing,1,0.2753623188405797,0.36310597812429873,whole_similarity_Q2,torsion_distance_Q3,heavy_atoms_Q4
confirmation,013907e792955c919c20d30bf20a9e4f,[C:1]([C:2]1([H:15])[C:3]([N-:4][C:5]([N:6]([H:16])[H:17])=[O:7])=[C:8]([H:18])[C:9]([H:19])([H:20])[N:10]1[O:11][H:21])([H:12])([H:13])[H:14],13,19.46875,C-C,N-C-C-C,CC1C([N-]C(N)=O)=CCN1O,11,5,-1,negative,1,ring_containing,1,0.32432432432432434,0.19830340448146103,whole_similarity_Q3,torsion_distance_Q2,heavy_atoms_Q1
confirmation,01390ac4194e50469210511b9c1092c4,[C:1]([c:2]1[c:3]([H:19])[n:4](-[c:5]2[c:6]([H:20])[c:7]([C:8]([H:21])([H:22])[H:23])[n:9]([H:24])[c:10]2[C:11](=[O:12])[O:13][H:25])[n:14][n:15]1)([H:16])([H:17])[H:18],24,8.90625,C-N,C-C-N-C,Cc1cn(-c2cc(C)[nH]c2C(=O)O)nn1,15,6,0,neutral,2,ring_containing,2,0.2926829268292683,0.2355348717694596,whole_similarity_Q2,torsion_distance_Q2,heavy_atoms_Q2
confirmation,0139d1186ee35e2a8c4fb791baba432f,[O:1]=[C:2]1[C:3]([H:19])([H:20])[C:4]([C:5](=[O:6])[N:7]2[C:8]([H:22])([H:23])[C:9]([H:24])([H:25])[C:10]3([H:26])[C:11]([H:27])([H:28])[C:12]([H:29])([H:30])[C:13]([H:31])([C:14]2([H:32])[H:33])[S:15]3(=[O:16])=[O:17])([H:21])[C:18]1([H:34])[H:35],24,22.625,C-N,O-C-N-C,O=C1CC(C(=O)N2CCC3CCC(C2)S3(=O)=O)C1,18,6,0,neutral,3,ring_containing,1,0.2978723404255319,0.19734127147441272,whole_similarity_Q3,torsion_distance_Q2,heavy_atoms_Q3
confirmation,013a0e4697385027922fce4664656f26,[C:1]([N:2]([C:3](=[O:4])[C:5]1([c:6]2[c:7]([H:18])[c:8]([H:19])[n:9]([C:10]([H:20])([H:21])[H:22])[n:11]2)[C:12]([H:23])([H:24])[C:13]1([H:25])[H:26])[H:17])([H:14])([H:15])[H:16],24,16.75,C-N,C-N-C-C,CNC(=O)C1(c2ccn(C)n2)CC1,13,4,0,neutral,2,ring_containing,2,0.32,0.13465501799446045,whole_similarity_Q3,torsion_distance_Q1,heavy_atoms_Q1
confirmation,013a7beb2bf659568b90219db7dd5fb8,[C:1]([O:2][N:3]=[C:4]([C:5]([H:33])([H:34])[H:35])[c:6]1[c:7]([H:10])[c:9]([H:12])[c:11]([Cl:13])[c:14]([H:15])[c:8]1[S:16](=[O:17])(=[O:18])[c:19]1[c:20]([H:23])[c:22]([H:25])[c:24]([Cl:26])[c:27]([H:28])[c:21]1[H:29])([H:30])([H:31])[H:32],24,2.75,other_central_bonds,C-S-C-C,CON=C(C)c1ccc(Cl)cc1S(=O)(=O)c1ccc(Cl)cc1,22,7,0,neutral,2,ring_containing,4,0.3137254901960784,0.39224133568899056,whole_similarity_Q3,torsion_distance_Q4,heavy_atoms_Q4
confirmation,013bd77606db5919bdea81cd7316fc41,[C:1]([N:2]1[C:3]([H:26])([H:27])[N:4]([C:5](=[O:6])[N:7]([c:8]2[c:9]([H:29])[c:10]([H:30])[c:11]3[c:12]([c:13]([H:31])[c:14]([H:32])[n:15]3[C:16]([H:33])([H:34])[H:35])[c:17]2[H:36])[H:28])[C:18]([H:37])([H:38])[C:19]([H:39])([H:40])[S:20]1(=[O:21])=[O:22])([H:23])([H:24])[H:25],24,2.0625,C-N,C-N-C-C,CN1CN(C(=O)Nc2ccc3c(ccn3C)c2)CCS1(=O)=O,22,8,0,neutral,3,ring_containing,1,0.3333333333333333,0.1980428533834607,whole_similarity_Q3,torsion_distance_Q2,heavy_atoms_Q4
confirmation,013bf87cf5275ebba3c2029066ed7b09,[C:1]([c:2]1[n:3][c:5]([C:6](=[C:8]2[N:10]([H:13])[C:12](=[O:14])[C:15]([H:16])([H:17])[S:11]2)[H:9])[s:7][c:4]1[C:18]([H:22])([H:23])[H:24])([H:19])([H:20])[H:21],24,32.125,C-C,C-C-C-N,Cc1nc(C=C2NC(=O)CS2)sc1C,14,5,0,neutral,2,ring_containing,1,0.22448979591836735,0.44134045459420607,whole_similarity_Q1,torsion_distance_Q4,heavy_atoms_Q2
confirmation,013e582aa56c5566a25d4ecc6c010641,[C:1]([C:2](=[O:3])[N:4]1[C:5]([H:23])([H:24])[C:6]2([H:25])[C:7]([H:26])([C:8]1([H:27])[H:28])[C:9]2([N:10]([C:11](=[O:12])[c:13]1[n:14][n:15][c:16]([C:17]([H:31])([H:32])[H:33])[n:18]1[C:19]([H:34])([H:35])[H:36])[H:30])[H:29])([H:20])([H:21])[H:22],24,14.4375,C-N,C-N-C-O,CC(=O)N1CC2C(C1)C2NC(=O)c1nnc(C)n1C,19,7,0,neutral,3,ring_containing,2,0.3333333333333333,0.23138516179702662,whole_similarity_Q3,torsion_distance_Q2,heavy_atoms_Q3
confirmation,01404379ddb15f5a8b2737001b91145c,[H:1][C:2]1([H:3])[C:4]([C:6]([H:9])([H:10])[H:11])([C:7]([C:12]([H:15])([H:16])[H:17])([H:13])[H:14])[C:8]([Br:18])([H:19])[C:20]([H:21])([H:22])[C:23]([H:24])([H:25])[C:5]1([H:26])[H:27],24,7.125,C-C,C-C-C-C,CCC1(C)CCCCC1Br,10,1,0,neutral,1,ring_containing,1,0.24324324324324326,0.4590875352385886,whole_similarity_Q1,torsion_distance_Q4,heavy_atoms_Q1
confirmation,014095c1146455d29c6d72ca1b532d9f,[C:1]1([H:2])([H:3])[C:4]([H:6])([H:7])[C:8]([H:9])([H:10])[C:11]([H:12])([H:13])[C:14]([N:15]2[C:18]([H:20])([H:21])[N:22]3[c:23]4[n:25][o:27][n:28][c:26]4[N:29]([C:30]([H:47])([H:48])[H:49])[C:31]4([H:50])[C:24]3([H:42])[N:39]([C:19]2([H:40])[H:41])[c:36]2[c:34]([n:35][o:37][n:38]2)[N:33]4[C:32]([H:51])([H:52])[H:53])([H:16])[C:17]([H:43])([H:44])[C:5]1([H:45])[H:46],18,19.0,C-N,C-N-C-N,CN1c2nonc2N2CN(C3CCCCCC3)CN3c4nonc4N(C)C1C23,28,11,0,neutral,6,ring_containing,1,0.1935483870967742,0.454337603125328,whole_similarity_Q1,torsion_distance_Q4,heavy_atoms_Q4
confirmation,01462239380851489091e6ba343a603e,[C:1]([c:2]1[n:3][n:5][c:6]([C:7]([H:26])([H:27])[H:28])[n:4]1[C:8]1([H:9])[C:10]([H:12])=[C:13]([H:14])[C:15]([H:16])([H:17])[C:18]([H:19])([H:20])[C:11]1([H:21])[H:22])([H:23])([H:24])[H:25],24,6.9375,C-N,C-N-C-C,Cc1nnc(C)n1C1C=CCCC1,13,3,0,neutral,2,ring_containing,1,0.2127659574468085,0.0,whole_similarity_Q1,torsion_distance_Q1,heavy_atoms_Q1
confirmation,0147781f97195000bec8cd7fc9d38c2e,[C:1]([C:2](=[O:3])[N:4]1[C:5]([H:8])([H:9])[C:7]([H:11])([H:12])[C:10]([H:14])([H:15])[C:13]([c:16]2[n:18][c:20]([C:21]([H:41])([H:42])[H:43])[n:22][c:23]([H:24])[c:19]2-[c:25]2[c:26]([H:29])[c:28]([H:31])[c:30]([F:32])[c:33]([H:34])[c:27]2[H:35])([H:17])[C:6]1([H:36])[H:37])([H:38])([H:39])[H:40],24,8.5,C-C,C-C-C-N,CC(=O)N1CCCC(c2nc(C)ncc2-c2ccc(F)cc2)C1,23,5,0,neutral,3,ring_containing,2,0.3333333333333333,0.2739622612628924,whole_similarity_Q3,torsion_distance_Q3,heavy_atoms_Q4
confirmation,01479061c10b5a13af4501e5ef52bf94,[C:1]([N:2]([C:3]([C:4]([H:23])([H:24])[H:25])=[N:5][C:6](=[N:7][c:8]1[c:9]([H:26])[c:10]([H:27])[c:11]([H:28])[c:12]([H:29])[c:13]1[O:14][C:15]([H:30])([H:31])[H:32])[N:16]([C:17]([H:33])([H:34])[H:35])[C:18]([H:36])([H:37])[H:38])[H:22])([H:19])([H:20])[H:21],24,9.40625,C-N,C-N-C-C,CNC(C)=NC(=Nc1ccccc1OC)N(C)C,18,5,0,neutral,1,ring_containing,2,0.3,0.1509163011627272,whole_similarity_Q3,torsion_distance_Q1,heavy_atoms_Q3
confirmation,014c03a0d81b563ebd21310433868485,[C:1]([c:2]1[c:3]([H:25])[c:4]([H:26])[c:5]([C:6]([C:7]([H:28])([H:29])[H:30])([C:8](=[O:9])[N:10]2[C:11]([H:31])([H:32])[C:12]([H:33])([H:34])[S:13](=[O:14])(=[O:15])[N:16]([C:17]([H:35])([H:36])[H:37])[C:18]2([H:38])[H:39])[H:27])[c:19]([H:40])[c:20]1[F:21])([H:22])([H:23])[H:24],24,18.8125,C-N,O-C-N-C,Cc1ccc(C(C)C(=O)N2CCS(=O)(=O)N(C)C2)cc1F,21,7,0,neutral,2,ring_containing,2,0.3382352941176471,0.08358409359154312,whole_similarity_Q3,torsion_distance_Q1,heavy_atoms_Q4
confirmation,014c958edd50576da02718e7bc330ad8,[C:1]([O:2][P:3](=[O:4])([S:5][C:7]([H:8])([H:9])[H:10])[N:6]1[C:11]([H:13])([H:14])[C:15]([H:16])([H:17])[C:18]([H:19])([H:20])[C:12]1([H:21])[H:22])([H:23])([H:24])[H:25],24,6.375,other_central_bonds,O-P-S-C,COP(=O)(SC)N1CCCC1,11,5,0,neutral,1,ring_containing,3,0.23684210526315788,1.7335401519461981,whole_similarity_Q1,torsion_distance_Q4,heavy_atoms_Q1
confirmation,014e28cf629359b29fd2dde078b06814,[C:1]([N:2]([C:3](=[O:4])[c:5]1[s:6][c:7]2[n:8][c:9]([H:25])[c:10]([H:26])[c:11]([H:27])[c:12]2[c:13]1-[c:14]1[c:15]([H:28])[c:16]([H:29])[c:17]([Cl:18])[c:19]([H:30])[c:20]1[H:31])[H:24])([H:21])([H:22])[H:23],24,8.125,C-C,C-C-C-C,CNC(=O)c1sc2ncccc2c1-c1ccc(Cl)cc1,20,5,0,neutral,3,ring_containing,2,0.3148148148148148,0.2365952047923902,whole_similarity_Q3,torsion_distance_Q2,heavy_atoms_Q4
confirmation,014f4a4f5d21580d873ed388b27831d7,[O:1]=[C:2]([C:3]([H:5])([H:6])[H:7])[N:4]([c:8]1[n:10][c:16](=[O:18])[n:14]([H:17])[c:12]([H:15])[c:11]1[H:13])[H:9],24,13.53125,C-N,O-C-N-C,CC(=O)Nc1cc[nH]c(=O)n1,11,5,0,neutral,1,ring_containing,1,0.3333333333333333,0.39020830373925325,whole_similarity_Q3,torsion_distance_Q4,heavy_atoms_Q1
confirmation,014f6a44d253506e8007da4aa31c8044,[C:1]([O:2][C:3](=[O:4])[C:5]([C:6]([C:9]([H:11])([H:12])[H:13])=[O:10])([C:7]1([H:16])[C:14]([H:18])([H:19])[C:17]([H:21])([H:22])[S:20](=[O:23])(=[O:24])[C:15]1([H:25])[H:26])[H:8])([H:27])([H:28])[H:29],24,7.75,C-C,C-C-C-C,COC(=O)C(C(C)=O)C1CCS(=O)(=O)C1,15,6,0,neutral,1,ring_containing,3,0.3137254901960784,0.2828755115380902,whole_similarity_Q3,torsion_distance_Q3,heavy_atoms_Q2
confirmation,014f8bfbe30d5995a6eec4ddcaf71b19,[H:1][C:2]([C:3]([N:6]1[C:9]([H:11])([H:12])[c:13]2[c:14]([H:16])[c:17]([H:18])[c:19]([H:20])[c:21]([H:22])[c:15]2[C:23]([H:24])([H:25])[C:26]([H:27])([H:28])[c:29]2[c:10]1[c:36]([H:37])[c:34]([H:35])[c:32]([H:33])[c:30]2[H:31])([H:7])[H:8])([H:4])[H:5],24,3.71875,C-N,C-C-N-C,CCN1Cc2ccccc2CCc2ccccc21,18,1,0,neutral,3,ring_containing,1,0.3,0.13813312171250305,whole_similarity_Q3,torsion_distance_Q1,heavy_atoms_Q3
confirmation,015014fda7155c40b7ee694f6466d171,[C:1]([N:2]([C:3](=[S:4])[N:5]([N-:6][C:7](=[O:8])[c:9]1[c:10]([H:27])[c:11](=[O:12])[n-:13][c:14]2[n:15]([H:28])[c:16](=[O:17])[n-:18][c:19](=[O:20])[c:21]12)[H:26])[H:25])([H:22])([H:23])[H:24],23,25.1875,other_central_bonds,C-N-N-H,CNC(=S)N[N-]C(=O)c1cc(=O)[n-]c2[nH]c(=O)[n-]c(=O)c12,21,11,-3,negative,2,ring_containing,1,0.2,0.7664795584484035,whole_similarity_Q1,torsion_distance_Q4,heavy_atoms_Q4
confirmation,01502ee3d07a5e1fa1def03251ead3e7,[C:1]([C:2](=[O:3])[N:4]1[C:5]([H:26])([H:27])[C:6]([H:28])([H:29])[C:7]2([H:30])[C:8]([N:9]([C:10](=[O:11])[c:12]3[c:13]([H:33])[c:14]([H:34])[c:15]([H:35])[c:16]4[c:17]3[n:18][c:19]([H:36])[n:20]4[C:21]([H:37])([H:38])[H:39])[H:32])([H:31])[C:22]12[H:40])([H:23])([H:24])[H:25],24,11.9375,C-N,C-C-N-C,CC(=O)N1CCC2C(NC(=O)c3cccc4c3ncn4C)C21,22,6,0,neutral,4,ring_containing,2,0.47540983606557374,0.22141712719346954,whole_similarity_Q4,torsion_distance_Q2,heavy_atoms_Q4
confirmation,0150ff4876f15a70be64b6188202f0f5,[C:1]([c:2]1[c:3]([H:5])[n:6][n:7][c:8](-[c:9]2[c:10]([H:12])[c:13]([H:14])[c:15]([H:16])[c:17]([H:18])[c:11]2[H:19])[n:4]1)([H:20])([H:21])[H:22],24,7.375,C-C,N-C-C-C,Cc1cnnc(-c2ccccc2)n1,13,3,0,neutral,2,ring_containing,1,0.2857142857142857,0.26708928235676904,whole_similarity_Q2,torsion_distance_Q3,heavy_atoms_Q1
confirmation,01536c6476ec5b5c85c3b9300bf3bde7,[C:1]([c:2]1[c:3]([H:5])[c:6]([H:7])[c:8]([H:9])[c:10]([H:11])[c:4]1[N:12]([C:13](=[O:15])[c:16]1[c:17]([H:19])[c:20]([H:21])[c:22]([H:23])[c:24]2[c:18]1[n:37]([H:38])[c:28]1[c:26]([c:25]2=[O:27])[c:29]([H:30])[c:31]([H:32])[c:33]([H:34])[c:35]1[H:36])[H:14])([H:39])([H:40])[H:41],24,9.125,C-N,C-N-C-O,Cc1ccccc1NC(=O)c1cccc2c(=O)c3ccccc3[nH]c12,25,4,0,neutral,4,ring_containing,2,0.32142857142857145,0.2321022644853284,whole_similarity_Q3,torsion_distance_Q2,heavy_atoms_Q4
confirmation,01562ad20e5752dbb78b7b2c5939828a,[O:1]=[C:2]([C:3]1([H:19])[C:4]([H:20])([H:21])[C:5]([H:22])([H:23])[C:6]([H:24])=[C:7]([H:25])[O:8]1)[N:9]1[C:10]([H:26])([H:27])[C:11]2([H:28])[C:12]([H:29])([H:30])[C:13]([H:31])([H:32])[S:14](=[O:15])(=[O:16])[C:17]2([H:33])[C:18]1([H:34])[H:35],24,17.25,C-N,O-C-N-C,O=C(C1CCC=CO1)N1CC2CCS(=O)(=O)C2C1,18,6,0,neutral,3,ring_containing,1,0.3333333333333333,0.19734127147441272,whole_similarity_Q3,torsion_distance_Q2,heavy_atoms_Q3
confirmation,0156502781ec5aa086df915303a4b1e6,[O:1]=[C:2]([N:3]1[C:4]([H:20])([H:21])[C:5]2([H:22])[C:6]([H:23])([H:24])[C:7]([H:25])([H:26])[O:8][C:9]2([H:27])[C:10]1([H:28])[H:29])[C:11]1([F:12])[C:13]([H:30])([H:31])[S:14][C:15]([H:32])([H:33])[C:16]12[C:17]([H:34])([H:35])[O:18][C:19]2([H:36])[H:37],24,12.4375,C-C,O-C-C-C,O=C(N1CC2CCOC2C1)C1(F)CSCC12COC2,19,6,0,neutral,4,ring_containing,1,0.4583333333333333,0.1945923441102393,whole_similarity_Q4,torsion_distance_Q2,heavy_atoms_Q3
confirmation,01569df67381530d8182154a0cb97ea1,[C:1]([N:2]([C:3](=[O:5])[N:6]([C:7]([c:9]1[n:12][c:14]2[c:15]([H:18])[c:17]([H:20])[c:19]([H:22])[c:21]([H:23])[c:16]2[n:13]1[H:24])([C:10]([C:25]1([H:30])[C:28]([H:31])([H:32])[C:29]1([H:33])[H:34])([C:26]12[C:35]([H:39])([H:40])[S:38][C:36]1([H:41])[C:37]2([H:42])[H:43])[H:27])[H:11])[H:8])[H:4])([H:44])([H:45])[H:46],24,8.5,C-C,N-C-C-C,CNC(=O)NC(c1nc2ccccc2[nH]1)C(C1CC1)C12CSC1C2,24,6,0,neutral,5,ring_containing,5,0.27692307692307694,0.2853832326505798,whole_similarity_Q2,torsion_distance_Q3,heavy_atoms_Q4
confirmation,015805d57afc59159e6705070fc11f7e,[C:1]([O:2][C:3](=[O:4])[C:5]([C:6]([H:9])([H:10])[H:11])([c:7]1[c:12]([H:14])[n:15]([H:16])[c:17]2[c:13]1[c:24]([H:25])[c:22]([Br:23])[c:20]([H:21])[c:18]2[H:19])[H:8])([H:26])([H:27])[H:28],24,2.875,C-C,O-C-C-C,COC(=O)C(C)c1c[nH]c2ccc(Br)cc12,16,4,0,neutral,2,ring_containing,2,0.2857142857142857,0.27684997676031003,whole_similarity_Q2,torsion_distance_Q3,heavy_atoms_Q2
confirmation,015853355f0b56a3b81d63c37df5a928,[C:1]([N:2]([C:3](=[O:4])[C:5]([O-:6])([c:7]1[c:8]([H:30])[c:9]([H:31])[c:10]2[c:11]([c:12]1[H:32])[C:13]([H:33])([H:34])[C:14]([H:35])([H:36])[C:15]([H:37])=[C:16]2[C:17]#[C:18][c:19]1[c:20]([H:38])[c:21]([H:39])[c:22]([H:40])[c:23]([H:41])[c:24]1[H:42])[H:29])[H:28])([H:25])([H:26])[H:27],24,4.125,C-C,O-C-C-C,CNC(=O)C([O-])c1ccc2c(c1)CCC=C2C#Cc1ccccc1,24,3,-1,negative,3,ring_containing,2,0.25,0.2043496825785372,whole_similarity_Q1,torsion_distance_Q2,heavy_atoms_Q4
confirmation,0158a6627fa45ad6b8d84fefd5a05c01,[O:1]=[C:2]([C:3](=[O:5])[N:6]1[C:7]([H:9])([H:10])[C:11]([H:12])([H:13])[C:14]([H:15])([H:16])[C:17]([C:18](=[O:20])[O:21][C:22]([H:28])([H:29])[H:30])([H:19])[C:8]1([H:23])[H:24])[C:4]([H:25])([H:26])[H:27],24,1.96875,C-C,C-C-C-O,COC(=O)C1CCCN(C(=O)C(C)=O)C1,15,5,0,neutral,1,ring_containing,2,0.35555555555555557,0.26826984392662245,whole_similarity_Q4,torsion_distance_Q3,heavy_atoms_Q2
confirmation,0158b36befdd57c8ad5f80acd984ab8b,[C:1]([c:2]1[c:3]([H:27])[c:4]([C:5](=[O:6])[N:7]2[C:8]([H:28])([H:29])[C:9]([H:30])([H:31])[S:10](=[O:11])(=[O:12])[C:13]([H:32])([H:33])[C:14]([F:15])([F:16])[C:17]2([H:34])[H:35])[c:18]2[n:19][c:20]([H:36])[c:21]([H:37])[n:22]2[c:23]1[H:38])([H:24])([H:25])[H:26],24,18.0625,C-N,C-C-N-C,Cc1cc(C(=O)N2CCS(=O)(=O)CC(F)(F)C2)c2nccn2c1,23,9,0,neutral,3,ring_containing,1,0.47540983606557374,0.2822382760639058,whole_similarity_Q4,torsion_distance_Q3,heavy_atoms_Q4
confirmation,0159563607ae51519389b239d038aaf0,[O:1]=[C:2]([C:3]1([H:24])[C:4]([H:25])([H:26])[C:5]([H:27])([H:28])[c:6]2[c:7]([H:29])[c:8]([Cl:9])[c:10]([H:30])[c:11]([H:31])[c:12]21)[N:13]1[C:14]([H:32])([H:33])[C:15]([H:34])([H:35])[S:16](=[O:17])(=[O:18])[C:19]([H:36])([H:37])[C:20]([F:21])([F:22])[C:23]1([H:38])[H:39],24,22.625,C-N,O-C-N-C,O=C(C1CCc2cc(Cl)ccc21)N1CCS(=O)(=O)CC(F)(F)C1,23,8,0,neutral,3,ring_containing,1,0.38333333333333336,0.43136936317003594,whole_similarity_Q4,torsion_distance_Q4,heavy_atoms_Q4
confirmation,015aa36d476d5f89bfd5099dc045cf81,[H:1][C:2]1([H:3])[C:4]([H:6])([H:7])[N:8]([C:9]([H:26])([H:27])[H:28])[C:10]([H:11])([H:12])[C:5]1([N:13]([C:15](=[O:17])[c:18]1[c:19]([H:21])[n:22]([H:23])[n:24][c:20]1[C:25]([H:29])([H:30])[H:31])[H:16])[H:14],24,13.75,C-N,C-N-C-O,Cc1n[nH]cc1C(=O)NC1CCN(C)C1,15,5,0,neutral,2,ring_containing,2,0.3389830508474576,0.09500664509868816,whole_similarity_Q3,torsion_distance_Q1,heavy_atoms_Q2
confirmation,015b62c5cf2a5cae9181a8c9d6323705,[C:1]([C:2](=[O:3])[N:4]1[C:5]([H:20])([H:21])[C:6]([N:7]([C:8](=[O:9])[c:10]2[c:11]([H:24])[c:12]([H:25])[n:13][n:14]2[C:15]([H:26])([H:27])[H:28])[H:23])([H:22])[C:16]1([H:29])[H:30])([H:17])([H:18])[H:19],24,14.75,C-N,C-N-C-O,CC(=O)N1CC(NC(=O)c2ccnn2C)C1,16,6,0,neutral,2,ring_containing,2,0.46153846153846156,0.18373898079381712,whole_similarity_Q4,torsion_distance_Q1,heavy_atoms_Q2
confirmation,015bd732246f5865bcc93e7ff4241b34,[C:1]([C:2](=[O:3])[N:4]1[C:5]([H:8])([H:9])[C:7]([H:11])([H:12])[C:10]([H:14])([H:15])[C:13]([H:16])([H:17])[C:6]1([C:18]([C:20]([N:23]([H:26])[H:27])([H:24])[H:25])([C:21]([H:28])([H:29])[H:30])[H:22])[H:19])([H:31])([H:32])[H:33],24,7.65625,C-C,C-C-C-N,CC(=O)N1CCCCC1C(C)CN,13,3,0,neutral,1,ring_containing,2,0.3,0.18221351391376173,whole_similarity_Q3,torsion_distance_Q1,heavy_atoms_Q1
confirmation,015e2379b1095f91a8025a9106ade9b1,[C:1]([c:2]1[c:3]([H:5])[c:6]([H:7])[c:8]([C:9](=[O:11])[N:12]([N:13]=[C:15]2[c:16]3[c:18]([H:20])[c:21]([H:22])[c:23]([H:24])[c:25]([H:26])[c:19]3-[c:27]3[c:17]2[n:39][c:31]2[c:29]([n:28]3)[c:30]([H:32])[c:33]([H:34])[c:35]([H:36])[c:37]2[H:38])[H:14])[c:10]([H:40])[c:4]1[C:41]([H:45])([H:46])[H:47])([H:42])([H:43])[H:44],23,16.6875,C-N,O-C-N-N,Cc1ccc(C(=O)NN=C2c3ccccc3-c3nc4ccccc4nc32)cc1C,29,5,0,neutral,5,ring_containing,2,0.296875,0.3644157069405226,whole_similarity_Q3,torsion_distance_Q3,heavy_atoms_Q4
confirmation,015ea0589fc95f4ea9902da290c8ebcb,[C:1]([O:2][C:3]1([H:21])[C:4]([H:22])([H:23])[c:5]2[c:6]([H:24])[c:7]([H:25])[c:8]([H:26])[c:9]([H:27])[c:10]2[C:11]1([N:12]([C:13](=[O:14])[N:15]([C:16]([H:30])([H:31])[H:32])[C:17]([H:33])([H:34])[H:35])[H:29])[H:28])([H:18])([H:19])[H:20],24,5.84375,C-O,C-O-C-C,COC1Cc2ccccc2C1NC(=O)N(C)C,17,4,0,neutral,2,ring_containing,2,0.34,0.17224980095695097,whole_similarity_Q3,torsion_distance_Q1,heavy_atoms_Q3
confirmation,015ed9d90ded51e1aa9b69795c284158,[C:1]([C:2](=[O:3])[N:4]([C:5]1([H:20])[c:6]2[c:7]([H:21])[c:8]([H:22])[c:9]([H:23])[c:10]([H:24])[c:11]2[N:12]([H:25])[C:13]1([C:14]([H:26])([H:27])[H:28])[C:15]([H:29])([H:30])[H:31])[H:19])([H:16])([H:17])[H:18],24,15.8125,C-N,C-N-C-C,CC(=O)NC1c2ccccc2NC1(C)C,15,3,0,neutral,2,ring_containing,1,0.29411764705882354,0.07796701225058089,whole_similarity_Q2,torsion_distance_Q1,heavy_atoms_Q2
confirmation,015f1860c52a55aa8388a27be773b3ba,[C:1]([n:2]1[c:3]([H:29])[c:4]([C:5](=[O:6])[N:7]([C:8]2([H:31])[C:9]([H:32])([H:33])[C:10]([H:34])([H:35])[C:11]([H:36])([H:37])[N:12]([C:13](=[O:14])[C:15]3=[C:16]([Cl:17])[C:18]([H:38])([H:39])[C:19]3([H:40])[H:41])[C:20]([H:42])([H:43])[C:21]2([H:44])[H:45])[H:30])[n:22][c:23]([H:46])[c:24]1=[O:25])([H:26])([H:27])[H:28],24,12.75,C-C,N-C-C-O,Cn1cc(C(=O)NC2CCCN(C(=O)C3=C(Cl)CC3)CC2)ncc1=O,25,8,0,neutral,3,ring_containing,3,0.4918032786885246,0.13242076845801562,whole_similarity_Q4,torsion_distance_Q1,heavy_atoms_Q4
confirmation,016057277d5b5ec68b00f5550b0bd60a,[H:1][C:2]1([H:3])[C:4]([H:6])([H:7])[C:8]([H:9])([H:10])[C:11]([H:12])([H:13])[C:5]1([H:14])[C:15]([O:16][C:19]([C:20]([H:27])([H:28])[H:29])=[O:21])([H:17])[C:18]1([H:22])[O:23][C:24]1([H:25])[H:26],24,9.0625,C-O,C-C-O-C,CC(=O)OC(C1CCCC1)C1CO1,13,3,0,neutral,2,ring_containing,3,0.4,0.30145216713476486,whole_similarity_Q4,torsion_distance_Q3,heavy_atoms_Q1
confirmation,016062c2e6325356bf10e297ce8f551f,[H:1][C:2]1([H:3])[C:4]([C:6]([N:8]([c:11]2[c:13]([H:15])[n:16][c:17]([H:18])[c:19]([F:20])[c:14]2[H:21])[H:12])([H:9])[H:10])([H:7])[C:5]1([H:22])[H:23],24,13.71875,C-N,C-C-N-C,Fc1cncc(NCC2CC2)c1,12,3,0,neutral,2,ring_containing,3,0.2916666666666667,0.30083045431064015,whole_similarity_Q2,torsion_distance_Q3,heavy_atoms_Q1
confirmation,01619d72d3ad5da182aec1ee5c88cb3f,[C:1]([c:2]1[n:3][n:5][c:6]([C:7]2([c:8]3[c:11]([H:13])[c:14]([H:15])[c:16]([H:17])[c:18]([F:19])[c:12]3[H:20])[C:9]([H:21])([H:22])[C:10]2([H:23])[H:24])[s:4]1)([H:25])([H:26])[H:27],24,3.4375,C-C,S-C-C-C,Cc1nnc(C2(c3cccc(F)c3)CC2)s1,16,4,0,neutral,3,ring_containing,2,0.36,0.5075328846234607,whole_similarity_Q4,torsion_distance_Q4,heavy_atoms_Q2
confirmation,0161c6bbde3b5cbbb203ab91b98a74db,[O:1]=[N+:2]([O-:3])[c:4]1[c:5]([H:8])[c:7]([F:9])[c:10]([H:12])[c:11]([H:13])[c:6]1[C:14]([F:15])([F:16])[F:17],24,1.75,C-N,O-N-C-C,O=[N+]([O-])c1cc(F)ccc1C(F)(F)F,14,7,0,neutral,1,ring_containing,1,0.2894736842105263,0.9079418540549538,whole_similarity_Q2,torsion_distance_Q4,heavy_atoms_Q2
confirmation,01622219f26a5b9f9312c85a013eedbb,[O:1]=[C:2]1[N:3]([H:5])[c:6]2[c:7]([H:9])[c:10]([H:11])[c:12]([H:13])[c:14]([H:15])[c:8]2[C:4]1=[N:16][N:17]([C:18](=[S:20])[N:21]([C:22]([H:24])([H:25])[H:26])[C:23]([H:27])([H:28])[H:29])[H:19],23,7.4375,other_central_bonds,C-N-N-C,CN(C)C(=S)NN=C1C(=O)Nc2ccccc21,17,6,0,neutral,2,ring_containing,1,0.2708333333333333,0.19486635204020444,whole_similarity_Q2,torsion_distance_Q2,heavy_atoms_Q3
confirmation,016463fc00cb500588142d2536ffda00,[C:1]([C:2](=[C:3]([C:4]([F:5])([F:6])[C:7](=[O:8])[N:9]1[C:10]([H:23])([H:24])[C:11]2([H:25])[C:12]([H:26])([H:27])[S:13](=[O:14])(=[O:15])[C:16]2([H:28])[C:17]1([H:29])[H:30])[H:22])[H:21])([H:18])([H:19])[H:20],24,2.0,C-C,C-C-C-C,CC=CC(F)(F)C(=O)N1CC2CS(=O)(=O)C2C1,17,7,0,neutral,2,ring_containing,2,0.5,0.31108173168831454,whole_similarity_Q4,torsion_distance_Q3,heavy_atoms_Q3
confirmation,01658a67752f5023b236ce776d7821f6,[C:1]1([H:24])([H:25])[O:2][c:5]2[c:4]([c:6]([C:13]([H:28])([H:29])[H:30])[c:10]3[c:9]([c:7]2[H:8])[C:11](=[O:23])[N:15]([C:16]([C:17](=[O:20])[O:21][H:22])([H:18])[H:19])[C:12]3=[O:14])[C:3]1([H:26])[H:27],24,5.0,C-C,N-C-C-O,Cc1c2c(cc3c1C(=O)N(CC(=O)O)C3=O)OCC2,19,6,0,neutral,3,ring_containing,2,0.23333333333333334,0.37181068884119206,whole_similarity_Q1,torsion_distance_Q4,heavy_atoms_Q3
confirmation,01659c1579b2513f801ec181ebb2c4fd,[C:1]([n:2]1[c:3](=[O:5])[c:6]2[c:7]([n:10]([H:12])[c:9]([C:11]([H:26])([H:27])[H:28])[n:8]2)[n:13]([C:14]([C:15](=[C:18]([H:20])[H:21])[H:19])([H:16])[H:17])[c:4]1=[O:22])([H:23])([H:24])[H:25],24,4.0,C-C,N-C-C-C,C=CCn1c(=O)n(C)c(=O)c2nc(C)[nH]c21,16,6,0,neutral,2,ring_containing,2,0.22807017543859648,0.19919247317672628,whole_similarity_Q1,torsion_distance_Q2,heavy_atoms_Q2
confirmation,01660079827f5f45bdd9dd0ee6da31a0,[C:1]([c:2]1[n:3][c:4]([H:28])[c:5]([H:29])[c:6]([N:7]2[C:8](=[O:9])[O:10][C:11]3([C:12]([H:30])([H:31])[C:13]([H:32])([H:33])[O:14][C:15]([H:34])([H:35])[C:16]3([H:36])[H:37])[C:17]2([c:18]2[c:19]([H:39])[c:20]([H:40])[c:21]([H:41])[c:22]([H:42])[c:23]2[H:43])[H:38])[n:24]1)([H:25])([H:26])[H:27],21,21.4375,C-C,C-C-C-C,Cc1nccc(N2C(=O)OC3(CCOCC3)C2c2ccccc2)n1,24,6,0,neutral,4,ring_containing,2,0.26153846153846155,0.18318011834135195,whole_similarity_Q2,torsion_distance_Q1,heavy_atoms_Q4
confirmation,0166b2a35add5b388a728d6e50cf7ae8,[C:1]([C:2](=[O:3])[N:4]1[C:5]([H:25])([H:26])[C:6]([H:27])([H:28])[C:7]2([H:29])[C:8]([N:9]([C:10](=[O:11])[c:12]3[n:13]([H:32])[c:14](=[O:15])[n:16]([H:33])[c:17](=[O:18])[c:19]3[F:20])[H:31])([H:30])[C:21]12[H:34])([H:22])([H:23])[H:24],24,18.8125,C-N,C-N-C-O,CC(=O)N1CCC2C(NC(=O)c3[nH]c(=O)[nH]c(=O)c3F)C21,21,9,0,neutral,3,ring_containing,2,0.47368421052631576,0.41849150059393697,whole_similarity_Q4,torsion_distance_Q4,heavy_atoms_Q4
confirmation,0168aa4c47135213945143815e6209f9,[C:1]([c:2]1[c:3]([H:5])[c:6]([C:7]([O:9][C:12]2=[C:13]([H:15])[C:16](=[O:17])[c:18]3[c:19]([H:21])[c:22]([H:23])[c:24]([H:25])[c:26]([H:27])[c:20]3[C:14]2=[O:28])([H:10])[H:11])[c:8]([H:29])[c:30]([C:31]([H:36])([H:37])[H:38])[c:4]1[C:32]([H:39])([H:40])[H:41])([H:33])([H:34])[H:35],23,3.375,C-O,C-C-O-C,Cc1cc(COC2=CC(=O)c3ccccc3C2=O)cc(C)c1C,23,3,0,neutral,3,ring_containing,3,0.26,0.24644547055403512,whole_similarity_Q2,torsion_distance_Q2,heavy_atoms_Q4
confirmation,016935b7453e5e31ae829d37c020a90e,[C:1]([N-:2][S:3](=[O:4])(=[O:5])[c:6]1[c:7]([C:8]([H:16])([H:17])[H:18])[c:9]([H:19])[s:10][c:11]1[C:12]([H:20])([H:21])[H:22])([H:13])([H:14])[H:15],24,9.75,other_central_bonds,C-N-S-C,C[N-]S(=O)(=O)c1c(C)csc1C,12,5,-1,negative,1,ring_containing,2,0.2222222222222222,0.3998454295600636,whole_similarity_Q1,torsion_distance_Q4,heavy_atoms_Q1
confirmation,0169c59c0fa056a795525c41d6c03645,[C:1]([c:2]1[c:3]([H:5])[c:6](-[c:7]2[c:9]([H:11])[c:12]([H:13])[c:14]([F:15])[c:16]([H:17])[c:10]2[H:18])[c:8]([C:19]#[N:21])[c:20]2[n:4]1[c:25]1[c:23]([n:22]2)[c:24]([H:26])[c:27]([H:28])[c:29]([H:30])[c:31]1[H:32])([H:33])([H:34])[H:35],24,4.0625,C-C,C-C-C-C,Cc1cc(-c2ccc(F)cc2)c(C#N)c2nc3ccccc3n12,23,4,0,neutral,4,ring_containing,1,0.29850746268656714,0.29392560736099455,whole_similarity_Q3,torsion_distance_Q3,heavy_atoms_Q4
confirmation,016a61c955665fdba3709a2cc81c1b5d,[H:1][C:2]1([H:3])[C:4]([H:6])([H:7])[N:8]([S:9](=[O:10])(=[O:11])[c:12]2[c:13]([H:15])[c:16]([H:17])[c:18]([Br:19])[s:14]2)[C:5]1([H:20])[H:21],24,2.75,other_central_bonds,N-S-C-C,O=S(=O)(c1ccc(Br)s1)N1CCC1,13,6,0,neutral,2,ring_containing,2,0.35555555555555557,0.574153443260915,whole_similarity_Q4,torsion_distance_Q4,heavy_atoms_Q1
confirmation,016bfae5044c5a25a1cdf58ca2963ac7,[C:1]([C:2]([C:6]([H:9])([H:10])[H:11])([C:7](=[O:12])[N:13]([C:14]([H:22])([H:23])[H:24])[H:15])[c:8]1[c:16]([H:18])[s:19][c:20]([C:21]([H:25])([H:26])[H:27])[n:17]1)([H:3])([H:4])[H:5],24,7.25,C-C,C-C-C-N,CNC(=O)C(C)(C)c1csc(C)n1,13,4,0,neutral,1,ring_containing,2,0.28846153846153844,0.13211144591723575,whole_similarity_Q2,torsion_distance_Q1,heavy_atoms_Q1
confirmation,016daa1c624154118b05f0b3c6fdad86,[C:1](#[C:2][C:4]([N:5]([H:8])[H:9])([C:6]([c:10]1[c:13]([H:16])[c:15]([H:18])[c:17]([H:20])[c:19]([F:21])[c:14]1[H:22])([H:11])[H:12])[H:7])[H:3],24,6.0,C-C,C-C-C-C,C#CC(N)Cc1cccc(F)c1,12,2,0,neutral,1,ring_containing,2,0.28846153846153844,0.23495946441390722,whole_similarity_Q2,torsion_distance_Q2,heavy_atoms_Q1
confirmation,016e2abf7ef75f8b80d3c78c8a25584a,[C:1]([c:2]1[c:3]([H:5])[c:6](=[O:7])[c:8]([O:9][C:11]([C:12](=[O:15])[N:16]([C:17]([H:24])([H:25])[H:26])[C:18]([H:27])([H:28])[H:29])([H:13])[H:14])[c:10]([H:19])[n:4]1[H:20])([H:21])([H:22])[H:23],24,10.0,C-O,C-C-O-C,Cc1cc(=O)c(OCC(=O)N(C)C)c[nH]1,15,5,0,neutral,1,ring_containing,3,0.3404255319148936,0.24408129729907638,whole_similarity_Q3,torsion_distance_Q2,heavy_atoms_Q2
confirmation,016e8353149752e08bc7d57eac69a340,[C:1]([C:2](=[C:3]([C:4]([H:16])([H:17])[H:18])[C:5]([N+:6]1([H:21])[C:7]([H:22])([H:23])[C:8]([H:24])([H:25])[C:9]([H:26])([H:27])[C:10]([H:28])([H:29])[C:11]1([H:30])[H:31])([H:19])[H:20])[H:15])([H:12])([H:13])[H:14],24,6.8125,C-C,C-C-C-N,CC=C(C)C[NH+]1CCCCC1,11,1,1,positive,1,ring_containing,2,0.2857142857142857,0.20817093341717646,whole_similarity_Q2,torsion_distance_Q2,heavy_atoms_Q1
confirmation,016fea190fc651689b896316c9ced769,[H:1][C:2]([C:3]([N:6]([c:9]1[n:11][c:13]([H:14])[n:15][c:16]2[c:12]1[c:23]([H:24])[c:21]([H:22])[c:19]([H:20])[c:17]2[H:18])[H:10])([C:7](=[O:25])[O:26][H:27])[H:8])([H:4])[H:5],24,7.625,C-N,C-C-N-C,CC(Nc1ncnc2ccccc12)C(=O)O,16,5,0,neutral,2,ring_containing,3,0.3617021276595745,0.09500664509868814,whole_similarity_Q4,torsion_distance_Q1,heavy_atoms_Q2
confirmation,016ff27d4d53520e92404a49573fcdf3,[C:1]([c:2]1[c:3]([H:5])[c:6]([C:7](=[O:9])[n:10]2[c:11]([H:13])[c:14]([H:15])[c:16]3[c:12]2[c:23]([H:24])[c:21]([H:22])[c:19]([H:20])[c:17]3[C:18]([H:32])([H:33])[H:34])[c:8]([H:25])[c:26]([C:27]([H:35])([H:36])[H:37])[c:4]1[C:28]([H:38])([H:39])[H:40])([H:29])([H:30])[H:31],24,6.3125,C-C,C-C-C-O,Cc1cc(C(=O)n2ccc3c(C)cccc32)cc(C)c1C,21,2,0,neutral,3,ring_containing,1,0.3469387755102041,0.16574475995119856,whole_similarity_Q4,torsion_distance_Q1,heavy_atoms_Q4
confirmation,016ffcd47577500fa153a910e95d97fc,[Cl:1][c:2]1[c:3]([H:15])[c:4]([H:16])[c:5]2[n:6][c:7]([N:8]3[C:9]([H:17])([H:18])[C:10]([H:19])([H:20])[C:11]3([H:21])[H:22])[n:12][c:13]-2[n:14]1[H:23],15,17.4375,C-N,C-N-C-N,Clc1ccc2nc(N3CCC3)nc-2[nH]1,14,5,0,neutral,3,ring_containing,1,0.22727272727272727,0.3872360841932209,whole_similarity_Q1,torsion_distance_Q4,heavy_atoms_Q2
confirmation,01701f58c6345043845c3349f7393bfa,[O:1]=[C:2]([N:3]1[C:4]([H:13])([H:14])[C:5](=[C:6]([Br:7])[H:15])[C:8]1([H:16])[H:17])[C:9]1([F:10])[C:11]([H:18])([H:19])[C:12]1([H:20])[H:21],22,8.375,C-C,N-C-C-F,O=C(N1CC(=CBr)C1)C1(F)CC1,12,4,0,neutral,2,ring_containing,1,0.4878048780487805,0.48249063697803873,whole_similarity_Q4,torsion_distance_Q4,heavy_atoms_Q1
confirmation,0170250f9c6b5fd894ce6479cb81fc84,[C:1]([C:2]([O:3][C:4]([C:5]([C:6]([C:7]([C:8]([C:9]([O:10][C:11]([C:12](=[C:13]([H:36])[H:37])[C:14]([H:38])([H:39])[H:40])([H:34])[H:35])([H:32])[H:33])([H:30])[H:31])([H:28])[H:29])([H:26])[H:27])([H:24])[H:25])([O:15][C:16]([C:17]([H:43])([H:44])[H:45])([H:41])[H:42])[Si:18]([H:46])([H:47])[H:48])([H:22])[H:23])([H:19])([H:20])[H:21],24,6.1875,C-C,Si-C-C-C,C=C(C)COCCCCCC([SiH3])(OCC)OCC,18,4,0,neutral,0,acyclic,12,0.1956521739130435,0.8554881713891037,whole_similarity_Q1,torsion_distance_Q4,heavy_atoms_Q3
confirmation,0170674095c05be0806eae8a89ffd51d,[C:1]([C:2](=[C:3]([C:5]([H:7])([H:8])[H:9])[c:6]1[c:10]([H:12])[c:13]([C:14]([H:19])([H:20])[H:21])[n:15][o:11]1)[H:4])([H:16])([H:17])[H:18],24,34.25,C-C,C-C-C-C,CC=C(C)c1cc(C)no1,10,2,0,neutral,1,ring_containing,1,0.425,0.17615910382599936,whole_similarity_Q4,torsion_distance_Q1,heavy_atoms_Q1
confirmation,0171242f3ea95e718a996408ec52be59,[O:1]=[C:2]([c:3]1[c:5]([H:8])[n:7]([H:10])[n:9][c:6]1-[c:11]1[c:12]([F:14])[c:15]([H:17])[c:16]([H:19])[c:18]([H:20])[c:13]1[F:21])[H:4],24,10.5,C-C,O-C-C-C,O=Cc1c[nH]nc1-c1c(F)cccc1F,15,5,0,neutral,2,ring_containing,2,0.24444444444444444,0.23813340567059743,whole_similarity_Q1,torsion_distance_Q2,heavy_atoms_Q2
confirmation,01712f199db55839b3ac9fc2552549d1,[C:1]([O:2][C:3](=[O:4])[N:5]=[c:6]1[s:7][s:9][c:10](=[N:11][C:12](=[S:13])[N:14]([C:15]([H:17])([H:18])[H:19])[C:16]([H:20])([H:21])[H:22])[n:8]1[C:23]([H:27])([H:28])[H:29])([H:24])([H:25])[H:26],22,17.0,C-N,N-C-N-C,COC(=O)N=c1ssc(=NC(=S)N(C)C)n1C,17,9,0,neutral,1,ring_containing,0,0.2391304347826087,0.6170006012454781,whole_similarity_Q1,torsion_distance_Q4,heavy_atoms_Q3
confirmation,01717ed26d9f5f1fa4ac6e5496551aa6,[C:1]([C:2](=[O:3])[N:4]1[C:5]([H:24])([H:25])[C:6]2([H:26])[C:7]([H:27])([H:28])[C:8]([H:29])([H:30])[N:9]([C:10](=[O:11])[C:12]3=[C:13]([Cl:14])[C:15]([H:31])([H:32])[C:16]([H:33])([H:34])[O:17][C:18]3([H:35])[H:36])[C:19]2([H:37])[C:20]1([H:38])[H:39])([H:21])([H:22])[H:23],24,20.125,C-N,C-N-C-C,CC(=O)N1CC2CCN(C(=O)C3=C(Cl)CCOC3)C2C1,20,6,0,neutral,3,ring_containing,1,0.3389830508474576,0.1782741912311203,whole_similarity_Q3,torsion_distance_Q1,heavy_atoms_Q4
confirmation,017189465d5f5924a33cdabe9d536ff3,[C:1]([c:2]1[c:3]([H:5])[c:6]([C:7]2([H:9])[O:10][C:12]([H:13])([H:14])[C:15]([H:16])([H:17])[C:18]([H:19])([H:20])[C:11]2([H:21])[H:22])[c:8]2[c:23]([c:4]1[Cl:26])[C:25]([H:27])([H:28])[C:29]([H:30])([H:31])[C:24]2([H:32])[H:33])([H:34])([H:35])[H:36],24,18.9375,C-C,C-C-C-C,Cc1cc(C2CCCCO2)c2c(c1Cl)CCC2,17,2,0,neutral,3,ring_containing,1,0.26,0.2586073113587526,whole_similarity_Q2,torsion_distance_Q3,heavy_atoms_Q3
confirmation,017236adb0b45dfcb3a1af3b7e2c35a6,[C:1]([c:2]1[c:3]([H:20])[c:4]([H:21])[c:5]([C:6]([H:22])([H:23])[H:24])[c:7]([C:8]([N:9]([C:10]2([H:28])[C:11]3([H:29])[C:12]([H:30])([H:31])[C:13]([H:32])([H:33])[N:14]([H:34])[C:15]23[H:35])[H:27])([H:25])[H:26])[c:16]1[H:36])([H:17])([H:18])[H:19],24,6.28125,C-N,C-N-C-C,Cc1ccc(C)c(CNC2C3CCNC32)c1,16,2,0,neutral,3,ring_containing,3,0.3888888888888889,0.09574771423933337,whole_similarity_Q4,torsion_distance_Q1,heavy_atoms_Q2
confirmation,0172930d324c5ff7a5a8d1fffbf87b20,[C:1]([C:2]([N+:3]([H:15])([H:16])[H:17])([C:4]([C:5]([H:19])([H:20])[H:21])([c:6]1[c:7]([H:22])[n:8]([H:23])[c:9]([H:24])[n:10]1)[H:18])[H:14])([H:11])([H:12])[H:13],24,18.84375,C-C,C-C-C-C,CC([NH3+])C(C)c1c[nH]cn1,10,3,1,positive,1,ring_containing,2,0.2,0.29451211878145694,whole_similarity_Q1,torsion_distance_Q3,heavy_atoms_Q1
confirmation,0172951b1b705e2a97bdbf1b2502dd69,[C:1]([c:2]1[c:3]([C:5]#[N:7])[c:6]2[c:8]([H:10])[c:11]([H:12])[c:13]([C:14]([H:29])([H:30])[H:31])[c:15]([H:16])[c:9]2[n:4]1-[c:17]1[n:18][c:20]([H:21])[c:22]([H:23])[c:24]([H:25])[n:19]1)([H:26])([H:27])[H:28],24,4.96875,C-N,C-N-C-N,Cc1ccc2c(C#N)c(C)n(-c3ncccn3)c2c1,19,4,0,neutral,3,ring_containing,1,0.2777777777777778,0.23948375847736594,whole_similarity_Q2,torsion_distance_Q2,heavy_atoms_Q3
confirmation,0172e6c5ab3a5f3f92476a9a0cc5b684,[C:1]1([H:22])=[C:2]([c:3]2[c:4]([H:23])[c:5]([H:24])[c:6]([H:25])[c:7]([H:26])[c:8]2[H:27])[c:9]2[c:10]([H:28])[c:11]([H:29])[c:12]([H:30])[c:13]([H:31])[c:14]2[O:15][C:16]12[C:17]([H:32])([H:33])[C:18]([H:34])([H:35])[N+:19]([H:36])([H:37])[C:20]([H:38])([H:39])[C:21]2([H:40])[H:41],17,18.6875,C-C,C-C-C-C,C1=C(c2ccccc2)c2ccccc2OC12CC[NH2+]CC2,21,2,1,positive,4,ring_containing,1,0.24,0.1572792274375103,whole_similarity_Q1,torsion_distance_Q1,heavy_atoms_Q4
confirmation,017435451571572c8bd95e6041f025d2,[C:1]([N:2]1[C:3]([H:5])([H:6])[C:7]([H:8])([H:9])[C:4]1([C:10](=[O:12])[N:13]([C:14]([H:29])([H:30])[H:31])[H:15])[c:11]1[c:16]([H:18])[c:19]([H:20])[c:21]([H:22])[c:23]([H:24])[c:17]1[H:25])([H:26])([H:27])[H:28],24,12.5625,C-N,C-N-C-C,CNC(=O)C1(c2ccccc2)CCN1C,15,3,0,neutral,2,ring_containing,2,0.35185185185185186,0.07796701225058089,whole_similarity_Q4,torsion_distance_Q1,heavy_atoms_Q2
confirmation,01745bf0cb1b54eca7ebc13926c00943,[C:1]([c:2]1[c:3]([H:5])[c:6]2[c:7]([c:9]([H:11])[c:4]1[O:12][C:13]([C:14]([H:17])([H:18])[H:19])([H:15])[H:16])[S:10]([C:20]([H:30])([H:31])[H:32])(=[O:21])=[N:22][C:23]([N:24]([C:25]([H:33])([H:34])[H:35])[C:26]([H:36])([H:37])[H:38])=[N:8]2)([H:27])([H:28])[H:29],18,19.8125,C-N,S-N-C-N,CCOc1cc2c(cc1C)N=C(N(C)C)N=S2(C)=O,19,6,0,neutral,2,ring_containing,2,0.22413793103448276,0.20635447461533382,whole_similarity_Q1,torsion_distance_Q2,heavy_atoms_Q3
confirmation,017526b5e7cd55c3a2a709e0ea52a538,[C:1]([c:2]1[n:3][c:5]([O:6][C:8]2([H:11])[C:9]([H:13])([H:14])[C:12]([H:16])([H:17])[O:15][C:18]([H:19])([H:20])[C:10]2([H:21])[H:22])[n:7][c:23]2[c:4]1[c:30]([H:31])[c:28]([C:29]([H:38])([H:39])[H:40])[c:26]([Br:27])[c:24]2[C:25]([H:35])([H:36])[H:37])([H:32])([H:33])[H:34],24,7.5,C-O,N-C-O-C,Cc1cc2c(C)nc(OC3CCOCC3)nc2c(C)c1Br,21,5,0,neutral,3,ring_containing,2,0.32142857142857145,0.3518826027892433,whole_similarity_Q3,torsion_distance_Q3,heavy_atoms_Q4
confirmation,01770347644c5badb6d21ec595471dcd,[C:1]([c:2]1[c:3]([H:28])[c:4]([O-:5])[c:6]2[c:7]3[c:8]([n:9]([H:29])[c:10](=[O:11])[c:12]2[c:13]1[H:30])[C:14](=[O:15])[c:16]1[c:17]([C:18]([H:31])([H:32])[H:33])[c:19]([H:34])[c:20]([H:35])[c:21]([H:36])[c:22]1[C:23]3=[O:24])([H:25])([H:26])[H:27],24,18.375,C-C,C-C-C-C,Cc1cc([O-])c2c3c([nH]c(=O)c2c1)C(=O)c1c(C)cccc1C3=O,24,5,-1,negative,4,ring_containing,0,0.23880597014925373,0.3175011275426117,whole_similarity_Q1,torsion_distance_Q3,heavy_atoms_Q4
confirmation,017784f8dd5a54d9a0a703154efdb722,[C:1]([c:2]1[c:3]([C:9](=[N:10][N:12]([C:13](=[O:15])[C:16]([H:23])([H:24])[H:25])[H:14])[H:11])[c:6]([H:8])[c:5]([C:7]([H:20])([H:21])[H:22])[s:4]1)([H:17])([H:18])[H:19],22,33.3125,C-N,C-C-N-N,CC(=O)NN=Cc1cc(C)sc1C,13,4,0,neutral,1,ring_containing,2,0.32608695652173914,0.2354573716274846,whole_similarity_Q3,torsion_distance_Q2,heavy_atoms_Q1
confirmation,0178a53ecbc55cdabf49046178e118fa,[N:1]#[C:2][c:3]1[c:4]([H:6])[n:7]2[c:8]([N:10]([C:12]3([H:14])[C:15]([H:17])([H:18])[C:19]([H:20])([H:21])[C:22]([H:23])([H:24])[C:25]([H:26])([H:27])[C:16]3([H:28])[H:29])[H:13])[c:11]([C:30]([H:32])([H:33])[H:34])[n:31][c:9]2[s:5]1,24,3.5,C-N,C-N-C-C,Cc1nc2sc(C#N)cn2c1NC1CCCCC1,18,5,0,neutral,3,ring_containing,2,0.25806451612903225,0.24993167456137325,whole_similarity_Q2,torsion_distance_Q2,heavy_atoms_Q3
confirmation,0178bcb3aba05cebb302d729f86e7412,[C:1]([c:2]1[c:3]([H:25])[c:4]([H:26])[n:5]2[n:6][c:7]([H:27])[c:8](-[c:9]3[c:10]([H:28])[c:11]([H:29])[c:12]4[c:13]([c:14]3[H:30])[C:15]([H:31])([H:32])[N:16]=[S:17]4([C:18]([H:33])([H:34])[H:35])=[O:19])[c:20]2[c:21]1[H:36])([H:22])([H:23])[H:24],24,3.0625,C-C,C-C-C-C,Cc1ccn2ncc(-c3ccc4c(c3)CN=S4(C)=O)c2c1,21,5,0,neutral,4,ring_containing,1,0.27941176470588236,0.1646134362391998,whole_similarity_Q2,torsion_distance_Q1,heavy_atoms_Q4
confirmation,0179744dcb0e50059ca272cc5f8b8edf,[C:1]([C:2](=[O:3])[N:4]1[C:5]([H:17])([H:18])[C:6]([H:19])([H:20])[C:7]([C:8]([C:9]([C:10](=[O:11])[O:12][H:26])([H:24])[H:25])([H:22])[H:23])([H:21])[C:13]1([H:27])[H:28])([H:14])([H:15])[H:16],24,3.1875,C-C,C-C-C-O,CC(=O)N1CCC(CCC(=O)O)C1,13,4,0,neutral,1,ring_containing,3,0.2909090909090909,0.18653750658248625,whole_similarity_Q2,torsion_distance_Q1,heavy_atoms_Q1
confirmation,017bf5ec34335abf8f79d3b071fa010a,[C:1]([n:2]1[n:3][n:5][c:6]([C:7]([N:8]2[C:11]([H:13])([H:14])[C:15]([H:16])([H:17])[O:18][C:19]([H:20])([H:21])[C:12]2([H:22])[H:23])([H:9])[H:10])[c:4]1[C:24]([H:28])([H:29])[H:30])([H:25])([H:26])[H:27],24,5.65625,C-N,C-C-N-C,Cc1c(CN2CCOCC2)nnn1C,14,5,0,neutral,2,ring_containing,2,0.3488372093023256,0.222744642113363,whole_similarity_Q4,torsion_distance_Q2,heavy_atoms_Q2
confirmation,017bfa13ef2d5cd29d00df0a6b9f0dc2,[O:1]=[C:2]([N:3]([O-:4])[c:5]1[c:6]([H:12])[c:7]([H:13])[c:8]([H:14])[c:9]([H:15])[c:10]1[H:16])[H:11],24,10.90625,C-N,C-N-C-C,O=CN([O-])c1ccccc1,10,3,-1,negative,1,ring_containing,2,0.28205128205128205,0.22919901444595062,whole_similarity_Q2,torsion_distance_Q2,heavy_atoms_Q1
confirmation,017e17138d35540da8b689cbc32a587c,[C:1]([O:2][C:3]([c:4]1[c:5]([H:24])[c:6]([H:25])[c:7]([H:26])[c:8]([H:27])[c:9]1[N:10]([C:11](=[O:12])[N:13]([C:14]([H:29])([H:30])[H:31])[C:15]([H:32])([H:33])[H:34])[H:28])([C:16]([F:17])([F:18])[F:19])[H:23])([H:20])([H:21])[H:22],24,11.75,C-N,N-C-N-C,COC(c1ccccc1NC(=O)N(C)C)C(F)(F)F,19,7,0,neutral,1,ring_containing,3,0.36538461538461536,0.3818808322003044,whole_similarity_Q4,torsion_distance_Q4,heavy_atoms_Q3
confirmation,017e2c325f68503b898f0e8e874d781d,[C:1]([O:2][C:6](=[O:7])[C:8]12[C:9]3([H:12])[C:13]([H:15])([H:16])[O:17][C:35]([H:36])([H:37])[C:10]1([H:34])[O:33][C:31]1([H:32])[C:11]2([H:38])[C:23](=[C:24]([C:25]([H:39])([H:40])[H:41])[C:26]([C:28]([H:42])([H:43])[H:44])=[C:27]([C:30]([H:47])([H:48])[H:49])[C:29]1([H:45])[H:46])[C:20]([H:21])([H:22])[C:14]3([H:18])[H:19])([H:3])([H:4])[H:5],13,18.125,C-C,C-C-C-C,COC(=O)C12C3CCC4=C(C)C(C)=C(C)CC(OC1COC3)C42,23,4,0,neutral,4,ring_containing,1,0.25,0.212644051729065,whole_similarity_Q1,torsion_distance_Q2,heavy_atoms_Q4
confirmation,017eac5083985d72ada775ca2a54a238,[H:1][C:2]1([H:3])[C:4]([H:6])([H:7])[C:8]([H:9])([H:10])[C:11]2([H:12])[C:13](=[C:15]([H:17])[H:18])[C:16](=[O:19])[O:20][C:5]1([H:21])[C:14]2([O:22][C:24](=[O:25])[C:26]([C:27]([H:31])([H:32])[H:33])=[C:28]([C:29]([H:34])([H:35])[H:36])[H:30])[H:23],24,13.0,C-O,C-O-C-O,C=C1C(=O)OC2CCCC1C2OC(=O)C(C)=CC,18,4,0,neutral,2,ring_containing,2,0.3684210526315789,0.2409662215968294,whole_similarity_Q4,torsion_distance_Q2,heavy_atoms_Q3
confirmation,017f1bdf51135b299376fc4cde445252,[C:1]([N-:2][C:3](=[O:4])[C:5]([C:6]([H:21])([H:22])[H:23])([n:7]1[n:8][c:9]([C:10]([H:24])([H:25])[H:26])[c:11]2[c:12]([H:27])[c:13]([H:28])[c:14]([H:29])[c:15]([H:30])[c:16]12)[H:20])([H:17])([H:18])[H:19],24,2.28125,C-C,O-C-C-N,C[N-]C(=O)C(C)n1nc(C)c2ccccc21,16,4,-1,negative,2,ring_containing,2,0.32,0.1854143411490214,whole_similarity_Q3,torsion_distance_Q1,heavy_atoms_Q2
confirmation,017fac2830e25e02aba56f8de11e1b86,[C:1]([c:2]1[n:3][c:5]([N:6]([C:8]([H:10])([H:11])[H:12])[H:9])[c:7]2[c:13]([n:4]1)[n:16]([C:18]([H:22])([H:23])[H:24])[c:15]([Cl:17])[n:14]2)([H:19])([H:20])[H:21],15,19.9375,C-N,C-N-C-N,CNc1nc(C)nc2c1nc(Cl)n2C,14,6,0,neutral,2,ring_containing,1,0.2558139534883721,0.462423651685334,whole_similarity_Q2,torsion_distance_Q4,heavy_atoms_Q2
confirmation,017fb5eff5795ae38aed0ba89c0782a7,[C:1]([c:2]1[c:3]([H:5])[c:6]([H:7])[c:8]([C:9]([S:11][c:14]2[n:15][c:17](=[O:18])[c:19]3[c:20]([n:16]2[C:23]([H:35])([H:36])[H:37])[N:22]([H:24])[C:25](=[O:26])[C:27]([H:38])([H:39])[C:21]3([H:33])[H:34])([H:12])[H:13])[c:10]([H:28])[c:4]1[H:29])([H:30])([H:31])[H:32],24,19.75,C-N,N-C-N-C,Cc1ccc(CSc2nc(=O)c3c(n2C)NC(=O)CC3)cc1,22,6,0,neutral,3,ring_containing,3,0.27419354838709675,0.2586722321803457,whole_similarity_Q2,torsion_distance_Q3,heavy_atoms_Q4
confirmation,017fbf6df4515736b21e96c15d4d9003,[C:1]([c:2]1[c:3]([H:27])[c:4]([C:5](=[O:6])[N:7]([C:8]([H:28])([H:29])[H:30])[C:9]2([H:31])[C:10]([H:32])([H:33])[C:11]([H:34])([H:35])[C:12]([H:36])([H:37])[N:13]([C:14](=[O:15])[C:16]3=[C:17]([Cl:18])[C:19]([H:38])([H:39])[C:20]3([H:40])[H:41])[C:21]2([H:42])[H:43])[o:22][n:23]1)([H:24])([H:25])[H:26],24,21.1875,C-N,C-N-C-C,Cc1cc(C(=O)N(C)C2CCCN(C(=O)C3=C(Cl)CC3)C2)on1,23,7,0,neutral,3,ring_containing,3,0.3870967741935484,0.24292348031249586,whole_similarity_Q4,torsion_distance_Q2,heavy_atoms_Q4
confirmation,0180cc8534db5526b0d28182bde5bf03,[C:1]([C:2]([C:6](=[O:9])[N:10]([C:11]([H:20])([H:21])[H:22])[C:12]([H:23])([H:24])[H:25])([n:7]1[c:13]([H:16])[c:15]([H:18])[c:17]([C:19]([H:26])([H:27])[H:28])[n:14]1)[H:8])([H:3])([H:4])[H:5],24,6.40625,C-N,C-C-N-C,Cc1ccn(C(C)C(=O)N(C)C)n1,13,4,0,neutral,1,ring_containing,2,0.2653061224489796,0.18898977501673928,whole_similarity_Q2,torsion_distance_Q1,heavy_atoms_Q1
confirmation,0182f7aef31c56f490ece5ad4b715c21,[C:1]([N:2]([C:3](=[O:4])[N:5]([C:6]1([c:7]2[n:8][c:9]3[c:10]([H:31])[c:11]([H:32])[c:12]([H:33])[c:13]([H:34])[c:14]3[n:15]2[H:35])[C:16]([H:36])([H:37])[N:17]([H:38])[N:18]([H:39])[C:19]2([C:20]([H:40])([H:41])[C:21]2([H:42])[H:43])[C:22]1([C:23]1([H:45])[C:24]([H:46])([H:47])[C:25]1([H:48])[H:49])[H:44])[H:30])[H:29])([H:26])([H:27])[H:28],22,19.875,C-N,N-N-C-C,CNC(=O)NC1(c2nc3ccccc3[nH]2)CNNC2(CC2)C1C1CC1,25,7,0,neutral,5,ring_containing,3,0.2857142857142857,0.26071893562194093,whole_similarity_Q2,torsion_distance_Q3,heavy_atoms_Q4
confirmation,0183769e62a85402822f49bdc846c537,[C:1]([c:2]1[c:3]([H:6])[c:5]([H:8])[c:7]([N:9]([C:11](=[C:13]2[C:15](=[O:17])[N:18]([H:20])[C:19](=[S:21])[N:22]([C:23]([H:31])([H:32])[H:33])[C:16]2=[O:24])[H:14])[H:12])[c:10]([O:25][C:26]([H:34])([H:35])[H:36])[c:4]1[H:27])([H:28])([H:29])[H:30],24,5.5,C-O,C-C-O-C,COc1cc(C)ccc1NC=C1C(=O)NC(=S)N(C)C1=O,21,7,0,neutral,2,ring_containing,3,0.5178571428571429,0.3379785824056793,whole_similarity_Q4,torsion_distance_Q3,heavy_atoms_Q4
confirmation,01838cabcb7d5f1ba534331643c96f79,[Cl:1][c:2]1[c:3]([H:6])[c:5]([H:8])[c:7]([H:10])[c:9]([C:11]([Br:12])([H:13])[H:14])[c:4]1[Cl:15],24,12.0,C-C,C-C-C-Br,Clc1cccc(CBr)c1Cl,10,3,0,neutral,1,ring_containing,1,0.3125,2.21827285986635,whole_similarity_Q3,torsion_distance_Q4,heavy_atoms_Q1
confirmation,01843db0e3f9598f961e7958d54476c1,[C:1]([c:2]1[c:3]([H:5])[c:6]([H:7])[c:8]2[n:9][c:11]3[c:12]([c:14]([Cl:32])[c:10]2[c:4]1[H:33])[c:15]([C:16]([H:37])([H:38])[H:39])[n:17][n:13]3[C:18]1([H:19])[C:20]([H:22])([H:23])[N:24]([H:25])[C:26]([H:27])([H:28])[C:29]([H:30])([H:31])[O:21]1)([H:34])([H:35])[H:36],24,17.125,C-N,C-C-N-C,Cc1ccc2nc3c(c(C)nn3C3CNCCO3)c(Cl)c2c1,22,6,0,neutral,4,ring_containing,1,0.22580645161290322,0.22173475530810022,whole_similarity_Q1,torsion_distance_Q2,heavy_atoms_Q4
confirmation,01853c3ac00c57068f2325e5f1a68519,[C:1]([C:2](=[O:3])[N:4]([C:5]([C:6]1([H:22])[C:7]([H:23])([H:24])[C:8]([H:25])([H:26])[C:9]([H:27])([H:28])[N:10]1[C:11]([C:12]([H:29])([H:30])[H:31])=[O:13])([H:20])[H:21])[C:14]1([H:32])[C:15]([H:33])([H:34])[C:16]1([H:35])[H:36])([H:17])([H:18])[H:19],24,17.3125,C-N,C-N-C-C,CC(=O)N1CCCC1CN(C(C)=O)C1CC1,16,4,0,neutral,2,ring_containing,3,0.38095238095238093,0.1812903359412326,whole_similarity_Q4,torsion_distance_Q1,heavy_atoms_Q2
confirmation,01862b5bab25529f945160506ad10c08,[O:1]=[C:2]([C:3]1([H:16])[C:4]([H:17])([H:18])[C:5]([H:19])([H:20])[C:6]1([H:21])[H:22])[N:7]1[C:8]([H:23])([H:24])[C:9]([H:25])([H:26])[N:10]([H:27])[C:11](=[O:12])[C:13]12[C:14]([H:28])([H:29])[C:15]2([H:30])[H:31],24,18.53125,C-N,C-C-N-C,O=C(C1CCC1)N1CCNC(=O)C12CC2,15,4,0,neutral,3,ring_containing,1,0.2916666666666667,0.12746225042817583,whole_similarity_Q2,torsion_distance_Q1,heavy_atoms_Q2
confirmation,0186d8772ade5be1a6a5b5b2dcf0cf06,[C:1]([c:2]1[c:3]([H:5])[c:6]([H:7])[c:8]([H:9])[c:10]2[c:4]1[o:13][c:12](-[c:14]1[c:15]([H:17])[c:18]([Br:19])[n:20][n:16]1[C:21]([H:25])([H:26])[H:27])[n:11]2)([H:22])([H:23])[H:24],24,6.75,C-C,O-C-C-C,Cc1cccc2nc(-c3cc(Br)nn3C)oc12,17,5,0,neutral,3,ring_containing,1,0.26785714285714285,0.36335470578611156,whole_similarity_Q2,torsion_distance_Q3,heavy_atoms_Q3
confirmation,0188c66b404f50508d2c952d26137f5a,[Cl:1][c:2]1[c:3]([H:5])[c:6]([H:7])[c:8]([H:9])[c:10]([H:11])[c:4]1[N:12]([C:13]1=[N:15][N:17]=[C:18]([C:19]([H:23])([H:24])[H:25])[C:20]([H:21])([H:22])[S:16]1)[H:14],24,7.8125,C-N,C-N-C-N,CC1=NN=C(Nc2ccccc2Cl)SC1,15,5,0,neutral,2,ring_containing,1,0.25,0.3434809975882813,whole_similarity_Q1,torsion_distance_Q3,heavy_atoms_Q2
confirmation,018ad85e51a65ad4b8cac2a453cc64d6,[C:1]([C:2]([C:3]([C:4](=[O:5])[O:6][C:7]([H:20])([H:21])[H:22])([c:8]1[c:9]([H:23])[n:10]([H:24])[n:11][c:12]1[C:13]([H:25])([H:26])[H:27])[H:19])([H:17])[H:18])([H:14])([H:15])[H:16],24,3.09375,C-C,C-C-C-C,CCC(C(=O)OC)c1c[nH]nc1C,13,4,0,neutral,1,ring_containing,3,0.325,0.12669565541761285,whole_similarity_Q3,torsion_distance_Q1,heavy_atoms_Q1
confirmation,018d144a5899528eb2f2b21d890c253e,[O:1]=[C:2]([c:3]1[c:4]([H:19])[c:5]2[c:6]([c:7]([H:20])[c:8]1[Br:9])[O:10][C:11]([H:21])([H:22])[O:12]2)[N:13]1[C:14]([H:23])([H:24])[C:15]([H:25])([H:26])[S:16]1(=[O:17])=[O:18],24,8.5,C-C,O-C-C-C,O=C(c1cc2c(cc1Br)OCO2)N1CCS1(=O)=O,18,8,0,neutral,3,ring_containing,1,0.3137254901960784,0.7696108768556997,whole_similarity_Q3,torsion_distance_Q4,heavy_atoms_Q3
confirmation,018e34e6bec557bdb0e59d9bc9f57b25,[C:1]([c:2]1[n:3][c:4]([Cl:5])[c:6]([C:7]([N:8]([C:9]2([H:23])[C:10]3([H:24])[C:11]([H:25])([H:26])[C:12]([H:27])([H:28])[N:13]([H:29])[C:14]23[H:30])[H:22])([H:20])[H:21])[n:15]1[C:16]([H:31])([H:32])[H:33])([H:17])([H:18])[H:19],24,6.6875,C-N,C-C-N-C,Cc1nc(Cl)c(CNC2C3CCNC32)n1C,16,5,0,neutral,3,ring_containing,3,0.375,0.3743458764396645,whole_similarity_Q4,torsion_distance_Q4,heavy_atoms_Q2
confirmation,018f42a66ca3565788d52ee3decbd92e,[O:1]=[C:2]1[C:3]([H:17])=[C:4]([H:18])[C:5]2=[C:6]([H:19])[C:7]3=[C:8]([C:9]([H:20])([H:21])[C:10]([H:22])([H:23])[C:11]([H:24])([H:25])[C:12]3([H:26])[H:27])[C:13]([H:28])([H:29])[C:14]([H:30])([H:31])[C:15]2([H:32])[O:16]1,20,28.4375,C-O,C-O-C-C,O=C1C=CC2=CC3=C(CCCC3)CCC2O1,16,2,0,neutral,3,ring_containing,0,0.2033898305084746,0.2730714004915333,whole_similarity_Q1,torsion_distance_Q3,heavy_atoms_Q2
confirmation,019117c3567e56b9ae68d71a0bfc2ca4,[C:1]([C:2](=[C:3]([C:5](=[C:7]([C:9]([O:11][H:13])=[C:12]([C:14](=[O:16])[C:17]([H:24])([H:25])[H:26])[C:15]([H:21])([H:22])[H:23])[H:10])[H:8])[H:6])[H:4])([H:18])([H:19])[H:20],24,8.375,C-C,C-C-C-C,CC=CC=CC(O)=C(C)C(C)=O,12,2,0,neutral,0,acyclic,3,0.3225806451612903,0.2592178837301653,whole_similarity_Q3,torsion_distance_Q3,heavy_atoms_Q1
confirmation,0192605fa534557c9c2c9e78d12d30cb,[C:1]([c:2]1[c:3]([C:4](=[N:5][H:21])[C:6]([F:7])([F:8])[F:9])[c:10]2[c:11]([H:22])[c:12]([H:23])[c:13]([H:24])[c:14]([H:25])[c:15]2[n:16]1[C:17]([H:26])([H:27])[H:28])([H:18])([H:19])[H:20],20,28.0625,C-N,H-N-C-C,Cc1c(C(=N)C(F)(F)F)c2ccccc2n1C,17,5,0,neutral,2,ring_containing,1,0.2962962962962963,0.8347455161258921,whole_similarity_Q3,torsion_distance_Q4,heavy_atoms_Q3
confirmation,0192da994da456ab907d3bc9f16f207b,[C:1]([O:2][C:3](=[O:4])[N:5]1[C:6]([H:26])([H:27])[C:7]([H:28])([H:29])[C:8]([H:30])([H:31])[S:9](=[O:10])(=[N:11][C:12](=[O:13])[C:14]2=[C:15]([Cl:16])[C:17]([H:32])([H:33])[C:18]([H:34])([H:35])[O:19][C:20]2([H:36])[H:37])[C:21]([H:38])([H:39])[C:22]1([H:40])[H:41])([H:23])([H:24])[H:25],24,3.625,C-C,O-C-C-C,COC(=O)N1CCCS(=O)(=NC(=O)C2=C(Cl)CCOC2)CC1,22,9,0,neutral,2,ring_containing,1,0.288135593220339,0.3560673595091967,whole_similarity_Q2,torsion_distance_Q3,heavy_atoms_Q4
confirmation,0193affe4b7455c6ae5929645db951b6,[C:1](#[C:2][c:3]1[c:4]([H:17])[c:5]([H:18])[c:6]([H:19])[c:7]([C:8]([F:9])([F:10])[P:11](=[O:12])([O-:13])[O-:14])[c:15]1[H:20])[H:16],24,4.6875,other_central_bonds,C-C-P-O,C#Cc1cccc(C(F)(F)P(=O)([O-])[O-])c1,15,6,-2,negative,1,ring_containing,2,0.23809523809523808,1.73159173461283,whole_similarity_Q1,torsion_distance_Q4,heavy_atoms_Q2
confirmation,019698b84f9356f49305d564e400d7e6,[C:1]([O:2][C:3](=[O:4])[C:5](=[C:6]([N:8]([C:10]([c:12]1[c:15]([H:18])[c:17]([H:20])[c:19]([C:21]([H:34])([H:35])[H:36])[c:22]([H:23])[c:16]1[H:24])([H:13])[H:14])[H:11])[C:9]([H:31])([H:32])[H:33])[C:7]([H:28])([H:29])[H:30])([H:25])([H:26])[H:27],24,2.4375,C-C,N-C-C-C,COC(=O)C(C)=C(C)NCc1ccc(C)cc1,17,3,0,neutral,1,ring_containing,4,0.275,0.2100347584119675,whole_similarity_Q2,torsion_distance_Q2,heavy_atoms_Q3
confirmation,0197a1851b7851d8af70c177c5f34f7d,[C:1]([c:2]1[c:3]([H:22])[n:4]([C:5]([H:23])([H:24])[H:25])[c:6]2[n:7][c:8]([N+:9]3([H:26])[C:10]([H:27])([H:28])[C:11]([H:29])([H:30])[C:12]3([C:13]([H:32])([H:33])[H:34])[H:31])[c:14]([H:35])[c:15]([H:36])[c:16]2[c:17]1=[O:18])([H:19])([H:20])[H:21],24,18.21875,C-N,C-N-C-C,Cc1cn(C)c2nc([NH+]3CCC3C)ccc2c1=O,18,4,1,positive,3,ring_containing,1,0.23076923076923078,0.07448422013328075,whole_similarity_Q1,torsion_distance_Q1,heavy_atoms_Q3
confirmation,0197a343c98a5975b9183badb8d9d83a,[O:1]=[C:2]([C:3]1([H:20])[C:4]([H:21])([H:22])[C:5]([H:23])([H:24])[C:6]([H:25])([H:26])[C:7]([H:27])([H:28])[C:8]12[C:9]([H:29])([H:30])[C:10]([H:31])([H:32])[N:11]([H:33])[C:12]([H:34])([H:35])[C:13]2([H:36])[H:37])[N:14]1[C:15]([H:38])([H:39])[C:16]([H:40])([H:41])[C:17]([H:42])([H:43])[C:18]([H:44])([H:45])[C:19]1([H:46])[H:47],24,21.09375,C-N,C-C-N-C,O=C(C1CCCCC12CCNCC2)N1CCCCC1,19,3,0,neutral,3,ring_containing,1,0.4523809523809524,0.285260937150148,whole_similarity_Q4,torsion_distance_Q3,heavy_atoms_Q3
confirmation,019827417f1d56af94ba3a82888b0942,[C:1]([O:2][c:6]1[c:7]([H:9])[c:10]([H:11])[c:12]2[c:13]([c:8]1[H:16])[C:15]([H:33])([H:34])[C:17]([H:35])([H:36])[n+:18]1[c:14]-2[c:31]([H:32])[c:23]2[c:21]([c:19]1[H:20])[c:22]([C:24]([H:37])([H:38])[H:39])[c:25]([H:26])[c:27]([H:28])[c:29]2[H:30])([H:3])([H:4])[H:5],24,5.3125,C-O,C-O-C-C,COc1ccc2c(c1)CC[n+]1cc3c(C)cccc3cc1-2,21,2,1,positive,4,ring_containing,1,0.25396825396825395,0.16541594069861157,whole_similarity_Q1,torsion_distance_Q1,heavy_atoms_Q4
confirmation,01983ebc9e7b5a8ebbcdd69ce5cfa037,[C:1]([N:2]1[C:3](=[O:5])[N:6]([H:7])[C:8]([C:9]([c:11]2[c:14]([H:16])[c:17]([H:18])[c:19]([H:20])[c:21]([Br:22])[c:15]2[H:23])([H:12])[H:13])([H:10])[C:4]1=[O:24])([H:25])([H:26])[H:27],24,6.5,C-C,N-C-C-C,CN1C(=O)NC(Cc2cccc(Br)c2)C1=O,16,5,0,neutral,2,ring_containing,2,0.32653061224489793,0.30335247224132866,whole_similarity_Q3,torsion_distance_Q3,heavy_atoms_Q2
confirmation,0198636af16f57d28c45bd22d0998534,[C:1]([N:2]1[C:3]([H:20])([H:21])[C:4]([H:22])([H:23])[C:5]2=[C:6]([C:7]1([H:24])[H:25])[C:8](=[O:9])[N:10]1[C:11]([H:26])([H:27])[C:12]([H:28])([H:29])[N:13]=[C:14]1[N:15]2[C:16]([H:30])([H:31])[H:32])([H:17])([H:18])[H:19],21,17.59375,C-N,N-C-N-C,CN1CCC2=C(C1)C(=O)N1CCN=C1N2C,16,5,0,neutral,3,ring_containing,0,0.23529411764705882,0.1678475603012337,whole_similarity_Q1,torsion_distance_Q1,heavy_atoms_Q2
confirmation,0198fb70aecc5f0f8bac706b0ab37ee7,[C:1]([N:2]([C:3](=[O:4])[C:5]1([H:23])[C:6]([H:24])([H:25])[C:7]([H:26])([H:27])[C:8](=[O:9])[N:10]([C:11]([H:28])([H:29])[H:30])[C:12]1([c:13]1[c:14]([H:32])[c:15]([H:33])[n:16][c:17]([H:34])[c:18]1[H:35])[H:31])[H:22])([H:19])([H:20])[H:21],24,3.84375,C-C,N-C-C-C,CNC(=O)C1CCC(=O)N(C)C1c1ccncc1,18,5,0,neutral,2,ring_containing,2,0.3148148148148148,0.0,whole_similarity_Q3,torsion_distance_Q1,heavy_atoms_Q3
confirmation,019ac0317a6a5364b068697148de7a48,[O:1]=[C:2]([O-:3])[C:4]1([H:11])[C:5]([H:12])([H:13])[C:6]([H:14])=[C:7]([Cl:8])[C:9]([H:15])([H:16])[C:10]1([H:17])[H:18],20,16.8125,C-C,Cl-C-C-C,O=C([O-])C1CC=C(Cl)CC1,10,3,-1,negative,1,ring_containing,1,0.23809523809523808,0.7036082853855887,whole_similarity_Q1,torsion_distance_Q4,heavy_atoms_Q1
confirmation,019b784f34cb57598f86247791f4ae52,[O:1]=[C:2]([N:3]1[C:4]([H:22])([H:23])[C:5]([H:24])([H:25])[C:6]2([H:26])[C:7]([H:27])([H:28])[C:8]([H:29])([H:30])[C:9]([H:31])([C:10]1([H:32])[H:33])[S:11]2)[C:12]1([c:13]2[c:14]([H:34])[c:15]([H:35])[c:16]([Cl:17])[c:18]([H:36])[n:19]2)[C:20]([H:37])([H:38])[C:21]1([H:39])[H:40],24,8.25,C-C,C-C-C-N,O=C(N1CCC2CCC(C1)S2)C1(c2ccc(Cl)cn2)CC1,21,5,0,neutral,4,ring_containing,2,0.2727272727272727,0.3801755553513639,whole_similarity_Q2,torsion_distance_Q4,heavy_atoms_Q4
confirmation,019c3147e06159e3ac66e0403a42386b,[C:1]([c:2]1[c:3]([H:5])[c:6]([C:7]([H:27])([H:28])[H:29])[c:8]2[c:9]([c:4]1[H:12])[C:11](=[O:13])[C:14]([C:15]([C:17]([C:20]([H:30])([H:31])[H:32])=[O:21])([H:18])[H:19])=[C:16]([C:22]([H:33])([H:34])[H:35])[C:10]2=[O:23])([H:24])([H:25])[H:26],24,6.5,C-C,C-C-C-C,CC(=O)CC1=C(C)C(=O)c2c(C)cc(C)cc2C1=O,19,3,0,neutral,2,ring_containing,2,0.2857142857142857,0.17997094251463494,whole_similarity_Q2,torsion_distance_Q1,heavy_atoms_Q3
confirmation,019cefd0f402589196dc56b5a019f1b3,[C:1]([O:2][c:3]1[c:4]([C:5]([H:35])([H:36])[H:37])[c:6]([C:7]([H:38])([H:39])[H:40])[c:8]2[c:9]([c:10]1[O:11][C:12]([H:41])([H:42])[H:43])[C:13]1([H:44])[C:14]([H:45])([H:46])[N:15]3[C:16](=[O:17])[c:18]4[c:19]([H:47])[c:20]([H:48])[c:21]([H:49])[c:22]([H:50])[c:23]4[C:24]3([H:51])[O:25][C:26]2([H:52])[C:27]([H:53])([H:54])[N:28]1[C:29]([C:30]([H:55])([H:56])[H:57])=[O:31])([H:32])([H:33])[H:34],12,18.6875,C-C,C-C-C-C,COc1c(C)c(C)c2c(c1OC)C1CN3C(=O)c4ccccc4C3OC2CN1C(C)=O,31,7,0,neutral,6,ring_containing,2,0.3188405797101449,0.2645159718727198,whole_similarity_Q3,torsion_distance_Q3,heavy_atoms_Q4
confirmation,019d3337638650e7bbc0a6b64e07c81f,[C:1]([C:2](=[O:3])[N:4]1[C:5]([H:24])([H:25])[C:6]([H:26])([H:27])[C:7]([N:8]([C:9](=[O:10])[C:11]2([H:30])[C:12]([H:31])([H:32])[c:13]3[c:14]([H:33])[c:15]([H:34])[c:16]([H:35])[c:17]([H:36])[c:18]3[C:19]2([H:37])[H:38])[H:29])([H:28])[C:20]1([H:39])[H:40])([H:21])([H:22])[H:23],24,17.375,C-N,C-N-C-O,CC(=O)N1CCC(NC(=O)C2Cc3ccccc3C2)C1,20,4,0,neutral,3,ring_containing,2,0.42857142857142855,0.20278964411025183,whole_similarity_Q4,torsion_distance_Q2,heavy_atoms_Q4
confirmation,019db147ea0252aa848475041da01e0d,[C:1]([O:2][N:3]=[C:4]([C:5]([H:7])([H:8])[H:9])[c:6]1[c:10]([H:13])[c:12]([H:15])[c:14]([H:17])[c:16]([C:18]#[N:19])[c:11]1[H:20])([H:21])([H:22])[H:23],24,1.15625,C-C,N-C-C-C,CON=C(C)c1cccc(C#N)c1,13,3,0,neutral,1,ring_containing,2,0.2727272727272727,0.18903892268973235,whole_similarity_Q2,torsion_distance_Q1,heavy_atoms_Q1
confirmation,019e8d2298185b5a9cbee3cb92c9ccb5,[C:1]([C:2](=[O:3])[N:4]([C:5]([C:6]1([C:7]([H:26])([H:27])[H:28])[C:8]([H:29])([H:30])[C:9]([H:31])([H:32])[C:10]([H:33])([H:34])[N:11]([C:12](=[O:13])[C:14]2=[C:15]([Cl:16])[C:17]([H:35])([H:36])[C:18]2([H:37])[H:38])[C:19]1([H:39])[H:40])([H:24])[H:25])[H:23])([H:20])([H:21])[H:22],24,7.0,C-C,N-C-C-C,CC(=O)NCC1(C)CCCN(C(=O)C2=C(Cl)CC2)C1,19,5,0,neutral,2,ring_containing,3,0.6458333333333334,0.20259243322922263,whole_similarity_Q4,torsion_distance_Q2,heavy_atoms_Q3
confirmation,019f1472c913508e885a638abbba26ac,[F:1][c:2]1[c:3]([H:23])[c:4]([H:24])[c:5]([H:25])[c:6]([H:26])[c:7]1-[c:8]1[c:9]([H:27])[c:10]([Cl:11])[c:12]([H:28])[c:13]2[c:14]1[N:15]1[C:16]([H:29])([H:30])[C:17]([H:31])([H:32])[N:18]([H:33])[C:19]([H:34])([H:35])[C:20]([H:36])([H:37])[C:21]1([H:38])[C:22]2([H:39])[H:40],24,19.1875,C-C,C-C-C-N,Fc1ccccc1-c1cc(Cl)cc2c1N1CCNCCC1C2,22,4,0,neutral,4,ring_containing,1,0.25396825396825395,0.3635811076281869,whole_similarity_Q1,torsion_distance_Q3,heavy_atoms_Q4
confirmation,019f6046739a5fd2a5b5986d57b561d1,[N:1]#[C:2][c:3]1[n:4][n:5][c:6]2[c:7]([H:17])[c:8]([H:18])[c:9]([H:19])[c:10]([H:20])[c:11]2[c:12]1[N:13]1[C:14]([H:21])([H:22])[C:15]([H:23])([H:24])[C:16]1([H:25])[H:26],24,10.09375,C-N,C-C-N-C,N#Cc1nnc2ccccc2c1N1CCC1,16,4,0,neutral,3,ring_containing,1,0.22641509433962265,0.23940180752959492,whole_similarity_Q1,torsion_distance_Q2,heavy_atoms_Q2
confirmation,01a01580a1d45583a2a84a0b23fc5909,[C:1]([c:2]1[c:3]2[c:7]([n:5][n:4]1[H:6])[n:8][c:9]([C:10]([H:40])([H:41])[H:42])[c:11]1[c:12]2[C:14]([H:15])([H:16])[C:17]([H:18])([H:19])[N:20]([C:21]([c:22]2[c:25]([H:27])[c:28]([H:29])[c:30]([H:31])[c:32]([H:33])[c:26]2[H:34])([H:23])[H:24])[C:13]1([H:35])[H:36])([H:37])([H:38])[H:39],24,18.6875,C-C,C-C-C-C,Cc1nc2n[nH]c(C)c2c2c1CN(Cc1ccccc1)CC2,22,4,0,neutral,4,ring_containing,2,0.3,0.15105911169246586,whole_similarity_Q3,torsion_distance_Q1,heavy_atoms_Q4
confirmation,01a0682175605b4a8449bee257736283,[C:1]([N:2]([C:3]([H:22])([H:23])[H:24])[C:4](=[O:5])[N:6]([C:7]1([H:26])[C:8]([H:27])([H:28])[C:9]1([C:10]([H:29])([H:30])[H:31])[c:11]1[c:12]([H:32])[c:13]([H:33])[c:14]([F:15])[c:16]([H:34])[c:17]1[F:18])[H:25])([H:19])([H:20])[H:21],24,10.75,C-N,C-N-C-N,CN(C)C(=O)NC1CC1(C)c1ccc(F)cc1F,18,5,0,neutral,2,ring_containing,2,0.32075471698113206,0.28105499886068586,whole_similarity_Q3,torsion_distance_Q3,heavy_atoms_Q3
confirmation,01a10947a1ca58aa930ecea0f6158f31,[O:1]=[C:2]([N:3]([c:5]1[n:7][n:10]([H:11])[n:9][n:8]1)[H:6])[c:4]1[c:12]([H:14])[c:15]([F:16])[c:17]([H:18])[c:19]([H:20])[c:13]1[C:21]([H:22])([H:23])[H:24],24,11.03125,C-N,O-C-N-C,Cc1ccc(F)cc1C(=O)Nc1nn[nH]n1,16,7,0,neutral,2,ring_containing,2,0.3103448275862069,0.44694461903990146,whole_similarity_Q3,torsion_distance_Q4,heavy_atoms_Q2
confirmation,01a1bbab97f657f8ad8fa1187240415e,[C:1]([c:2]1[c:3]([H:23])[c:4]([H:24])[c:5]([C:6](=[N:7][c:8]2[n:9][c:10]3[c:11]([H:26])[c:12]([H:27])[c:13]([H:28])[c:14]([H:29])[c:15]3[n:16]2[H:30])[H:25])[c:17]([H:31])[c:18]1[C:19]([H:32])([H:33])[H:34])([H:20])([H:21])[H:22],24,9.25,C-C,C-C-C-N,Cc1ccc(C=Nc2nc3ccccc3[nH]2)cc1C,19,3,0,neutral,3,ring_containing,2,0.3469387755102041,0.2137802422561767,whole_similarity_Q4,torsion_distance_Q2,heavy_atoms_Q3
confirmation,01a215088793516288df5944fbeec558,[C:1]([C:2](=[N:3][O:5][C:6]([C:7]([H:10])([H:11])[H:12])([C:8]([H:13])([H:14])[H:15])[H:9])[C:4]([H:19])([H:20])[H:21])([H:16])([H:17])[H:18],24,3.984375,C-O,N-O-C-C,CC(C)=NOC(C)C,8,2,0,neutral,0,acyclic,2,0.2,0.37236953494690633,whole_similarity_Q1,torsion_distance_Q4,heavy_atoms_Q1
confirmation,01a33055aa0453f99060c8b1ae74185f,[C:1]([c:2]1[c:3]([H:16])[c:4]([H:17])[c:5]2[c:6]([c:7]1[H:18])[C:8]([H:19])([H:20])[S:9](=[O:10])(=[O:11])[N-:12]2)([H:13])([H:14])[H:15],15,19.4375,C-N,C-C-N-S,Cc1ccc2c(c1)CS(=O)(=O)[N-]2,12,4,-1,negative,2,ring_containing,0,0.2653061224489796,0.44621445800447823,whole_similarity_Q2,torsion_distance_Q4,heavy_atoms_Q1
confirmation,01a632e1058758808ad5c0ef97da7322,[C:1]([O:2][C:3](=[O:4])[c:5]1[c:6]([C:7]([H:30])([H:31])[H:32])[n:8][c:9]2[n:10][c:11]([C:12]([H:33])([H:34])[H:35])[c:13]([C:14]([H:36])([H:37])[H:38])[c:15]([C:16]([H:39])([H:40])[H:41])[c:17]2[c:18]1-[c:19]1[c:20]([H:42])[c:21]([H:43])[c:22]([C:23]([H:44])([H:45])[H:46])[c:24]([C:25]([H:47])([H:48])[H:49])[c:26]1[H:50])([H:27])([H:28])[H:29],24,19.5,C-C,C-C-C-C,COC(=O)c1c(C)nc2nc(C)c(C)c(C)c2c1-c1ccc(C)c(C)c1,26,4,0,neutral,3,ring_containing,2,0.35294117647058826,0.1819388907456944,whole_similarity_Q4,torsion_distance_Q1,heavy_atoms_Q4
confirmation,01a64f7cd5065ca09dea57b19159fcad,[C:1]([O:2][c:3]1[c:4]([H:24])[c:5]([H:25])[c:6]2[c:7]([n:8]([H:26])[c:9]3[c:10]([C:11]([H:27])([H:28])[H:29])[c:12]([C:13]([H:30])([H:31])[H:32])[c:14]([C:15]([H:33])([H:34])[H:35])[c:16]([H:36])[c:17]23)[c:18]1[C:19](=[O:20])[H:37])([H:21])([H:22])[H:23],24,7.125,C-O,C-O-C-C,COc1ccc2c([nH]c3c(C)c(C)c(C)cc32)c1C=O,20,3,0,neutral,3,ring_containing,2,0.2830188679245283,0.20825562585870772,whole_similarity_Q2,torsion_distance_Q2,heavy_atoms_Q4
confirmation,01a66d44cfb252bc9043987da5368840,[C:1]([C:2]([C:3]([H:17])([H:18])[H:19])([C:4]([H:20])([H:21])[H:22])[O:5][C:6](=[O:7])[C:8]([Si:9]([C:10]([H:24])([H:25])[H:26])([C:11]([H:27])([H:28])[H:29])[C:12]([H:30])([H:31])[H:32])([Cl:13])[H:23])([H:14])([H:15])[H:16],24,2.1875,other_central_bonds,Cl-C-Si-C,CC(C)(C)OC(=O)C(Cl)[Si](C)(C)C,13,4,0,neutral,0,acyclic,2,0.2702702702702703,1.3869078670517943,whole_similarity_Q2,torsion_distance_Q4,heavy_atoms_Q1
confirmation,01a6de64820d559f9967cf1a9d0089ec,[C:1]([c:2]1[c:3]([H:5])[c:6]([C:7]([H:32])([H:33])[H:34])[c:8]([H:9])[c:10]2[c:4]1[o:13][c:12]([N:14]([C:15]([c:17]1[c:20]([H:22])[c:23]([H:24])[c:25]([H:26])[c:27]([Cl:28])[n:21]1)([H:18])[H:19])[H:16])[n:11]2)([H:29])([H:30])[H:31],24,11.375,C-N,C-N-C-C,Cc1cc(C)c2oc(NCc3cccc(Cl)n3)nc2c1,20,5,0,neutral,3,ring_containing,3,0.2413793103448276,0.15313142972951438,whole_similarity_Q1,torsion_distance_Q1,heavy_atoms_Q4
confirmation,01a71d1237b0515194236ba6f9ca0ff2,[H:1][C:2]([N:3]([C:6](=[O:8])[C:9]1([H:10])[C:11]([H:13])([H:14])[C:15]([H:16])([H:17])[C:18]([H:19])([H:20])[C:12]1([H:21])[H:22])[c:7]1[c:23]([H:25])[c:26]([F:27])[c:28]([H:29])[c:30]([C:31]([H:33])([H:34])[H:35])[c:24]1[H:32])([H:4])[H:5],24,12.28125,C-N,C-N-C-C,Cc1cc(F)cc(N(C)C(=O)C2CCCC2)c1,17,3,0,neutral,2,ring_containing,2,0.3333333333333333,0.24642861508058114,whole_similarity_Q3,torsion_distance_Q2,heavy_atoms_Q3
confirmation,01a8b777583553c2a78cd5d65a234b25,[C:1]([C:2]([O:6][C:9]1([H:10])[C:11]([H:13])([H:14])[C:15]([H:16])([H:17])[C:18]2=[C:19]3[c:21]4[c:23]([H:25])[c:26]([H:27])[c:28]([H:29])[c:30]([C:31]([H:43])([H:44])[H:45])[c:24]4[C:32](=[O:33])[C:34]([H:46])([H:47])[C:22]3([H:42])[c:35]3[c:20]2[c:12]1[c:40]([C:41]([H:48])([H:49])[H:50])[c:38]([H:39])[c:36]3[H:37])([H:7])[H:8])([H:3])([H:4])[H:5],17,17.8125,C-C,C-C-C-C,CCOC1CCC2=C3c4cccc(C)c4C(=O)CC3c3ccc(C)c1c32,26,2,0,neutral,5,ring_containing,2,0.24193548387096775,0.24672307735528234,whole_similarity_Q1,torsion_distance_Q2,heavy_atoms_Q4
confirmation,01aa904e1b3a5000aef641e0a2f429a1,[C:1]([c:2]1[c:3]([H:23])[c:4]2[n:5]([n:6]1)[C:7]([H:24])([H:25])[C:8]([H:26])([H:27])[N:9]([C:10](=[O:11])[C:12]1([H:28])[C:13]([H:29])([H:30])[C:14]13[C:15]([H:31])([H:32])[C:16]([H:33])([H:34])[C:17]3=[O:18])[C:19]2([H:35])[H:36])([H:20])([H:21])[H:22],24,8.0625,C-C,N-C-C-C,Cc1cc2n(n1)CCN(C(=O)C1CC13CCC3=O)C2,19,5,0,neutral,4,ring_containing,1,0.4166666666666667,0.0917895423174349,whole_similarity_Q4,torsion_distance_Q1,heavy_atoms_Q3
confirmation,01ab7d7f078259089d3ecd149bc75c6c,[C:1]1([H:13])([H:14])[C:2]([H:15])([H:16])[C:3]([H:17])([H:18])[O:4][C:5]2([C:6]([H:19])([H:20])[C:7]([H:21])([H:22])[N:8]([H:23])[C:9]([H:24])([H:25])[C:10]2([H:26])[H:27])[O:11][C:12]1([H:28])[H:29],24,15.625,C-O,C-C-O-C,C1CCOC2(CCNCC2)OC1,12,3,0,neutral,2,ring_containing,0,0.23684210526315788,0.3020010002663833,whole_similarity_Q1,torsion_distance_Q3,heavy_atoms_Q1
confirmation,01ac856fa1155de081d0ac1f9e8d8540,[O:1]=[C:2]1[c:3]2[c:5]([H:7])[c:8]([C:9]([H:39])([H:40])[H:41])[c:10]([H:11])[n:6]2[C:12]([H:13])([H:14])[C:15]([H:16])([H:17])[C:18]([H:19])([H:20])[N:4]1[C:21]([C:22]([O:25][H:28])([H:26])[H:27])([c:23]1[c:29]([H:31])[c:32]([H:33])[c:34]([H:35])[c:36]([H:37])[c:30]1[H:38])[H:24],24,28.9375,C-C,N-C-C-N,Cc1cc2n(c1)CCCN(C(CO)c1ccccc1)C2=O,21,4,0,neutral,3,ring_containing,3,0.288135593220339,0.1934055984792584,whole_similarity_Q2,torsion_distance_Q2,heavy_atoms_Q4
confirmation,01ad376faf7856428cd62e340ae95ab9,[O:1]=[C:2]1[N:3]([H:5])[C:6](=[C:7]([C:9]([H:26])([H:27])[H:28])[H:10])[C:8](=[O:11])[N:4]1[S:12](=[O:13])(=[O:14])[c:15]1[c:16]([H:18])[c:19]([H:20])[c:21]([H:22])[c:23]([H:24])[c:17]1[H:25],24,6.0,other_central_bonds,N-S-C-C,CC=C1NC(=O)N(S(=O)(=O)c2ccccc2)C1=O,18,7,0,neutral,2,ring_containing,2,0.2777777777777778,0.4249987022190345,whole_similarity_Q2,torsion_distance_Q4,heavy_atoms_Q3
confirmation,01add76a907553a5a1b8f7e8cb6d4a0b,[C:1]([O:2][C:3](=[O:4])[N:5]([c:6]1[c:7]([H:26])[c:8]([H:27])[c:9]([F:10])[c:11]([H:28])[c:12]1[C:13]([N:14]1[C:15]([H:31])([H:32])[C:16]([H:33])([H:34])[S:17](=[N:18][H:35])(=[O:19])[C:20]([H:36])([H:37])[C:21]1([H:38])[H:39])([H:29])[H:30])[H:25])([H:22])([H:23])[H:24],24,7.375,C-N,C-N-C-C,COC(=O)Nc1ccc(F)cc1CN1CCS(=N)(=O)CC1,21,8,0,neutral,2,ring_containing,3,0.3448275862068966,0.2780395562268417,whole_similarity_Q4,torsion_distance_Q3,heavy_atoms_Q4
confirmation,01af1dec7454570c82ffeef67b69b222,[C:1]([C:2]1=[C:3]([H:25])[C:4]([C:5]2([H:27])[C:6]([H:28])([H:29])[C:7](=[O:8])[N:9]([C:10]([H:30])([H:31])[H:32])[C:11]2=[O:12])([H:26])[C:13]([H:33])([H:34])[C:14]2([H:35])[C:15](=[O:16])[N:17]([C:18]([H:36])([H:37])[H:38])[C:19](=[O:20])[C:21]12[H:39])([H:22])([H:23])[H:24],15,16.0,C-C,C-C-C-C,CC1=CC(C2CC(=O)N(C)C2=O)CC2C(=O)N(C)C(=O)C12,21,6,0,neutral,3,ring_containing,1,0.22448979591836735,0.14075516278766143,whole_similarity_Q1,torsion_distance_Q1,heavy_atoms_Q4
confirmation,01b17a6d9d545867b556210f20d37755,[H:1][C:2]1([H:32])[C:4]2([H:3])[C:5]([H:7])([H:8])[C:9]([H:10])([H:11])[N+:12]3([C:13]([C:15](=[C:18]([H:20])[H:21])[H:19])([H:16])[H:17])[C:6]2([H:37])[C:34]([H:35])([H:36])[C:26]2([H:33])[C:24](=[C:25]([H:27])[O:28][C:29]([H:38])([H:39])[C:30]12[H:31])[C:14]3([H:22])[H:23],14,19.75,C-C,C-C-C-N,C=CC[N+]12CCC3CC4COC=C(C1)C4CC32,17,2,1,positive,4,ring_containing,2,0.1746031746031746,0.17852795381539263,whole_similarity_Q1,torsion_distance_Q1,heavy_atoms_Q3
confirmation,01b3a6a84a595d549aec99407001d1d0,[C:1]([N:2]1[C:3]([H:17])([H:18])[C:4](=[O:5])[N:6]=[C:7]1[N:8]([C:9](=[O:10])[C:11]1([H:20])[C:12]([H:21])([H:22])[C:13]1([H:23])[H:24])[H:19])([H:14])([H:15])[H:16],24,8.53125,C-N,N-C-N-C,CN1CC(=O)N=C1NC(=O)C1CC1,13,5,0,neutral,2,ring_containing,1,0.3191489361702128,0.13229977719031272,whole_similarity_Q3,torsion_distance_Q1,heavy_atoms_Q1
confirmation,01b5070296935dfbb9dce08670ae12d9,[O:1]=[C:2]([O:3][H:5])[c:4]1[o:6][c:8]2[c:9]([H:12])[c:11]([Cl:13])[c:14]([H:16])[c:15]([H:17])[c:10]2[c:7]1-[c:18]1[c:19]([H:22])[c:21]([H:24])[c:23]([H:26])[c:25]([H:27])[c:20]1[H:28],24,6.8125,C-C,O-C-C-O,O=C(O)c1oc2cc(Cl)ccc2c1-c1ccccc1,19,4,0,neutral,3,ring_containing,2,0.3617021276595745,0.21097346928320584,whole_similarity_Q4,torsion_distance_Q2,heavy_atoms_Q3
confirmation,01b5ebed9f98507c94ad9322d50408e2,[C:1]([n:2]1[n:3][n:5][c:6]([H:7])[c:4]1[C:8](=[O:9])[N:10]1[C:11]([H:13])([H:14])[C:15]([H:16])([H:17])[O:18][C:19]([H:20])([H:21])[C:22]([H:23])([H:24])[C:12]1([H:25])[H:26])([H:27])([H:28])[H:29],24,16.78125,C-N,O-C-N-C,Cn1nncc1C(=O)N1CCCOCC1,15,6,0,neutral,2,ring_containing,1,0.3333333333333333,0.19073010137740248,whole_similarity_Q3,torsion_distance_Q2,heavy_atoms_Q2
confirmation,01b8e0066a255086afd406aa19e2158b,[C:1]([c:2]1[c:3]([H:5])[n:6]([H:7])[c:8]2[c:4]1[n:15][c:13]([N:14]([C:16](=[O:18])[c:19]1[c:20]([H:22])[c:23]([H:24])[c:25]([H:26])[s:21]1)[H:17])[c:11]([H:12])[c:9]2[H:10])([H:27])([H:28])[H:29],24,11.0625,C-N,C-N-C-O,Cc1c[nH]c2ccc(NC(=O)c3cccs3)nc12,18,5,0,neutral,3,ring_containing,2,0.37254901960784315,0.16013942245356586,whole_similarity_Q4,torsion_distance_Q1,heavy_atoms_Q3
confirmation,01ba4ab079a6530f99bae2e8fffecf53,[C:1]([c:2]1[c:3]([H:22])[c:4]([H:23])[c:5]([C:6](=[O:7])[N:8]=[S:9]2(=[O:10])[C:11]([H:24])([H:25])[C:12]([H:26])([H:27])[C:13]([H:28])([H:29])[C:14]([H:30])([H:31])[C:15]([H:32])([H:33])[C:16]2([H:34])[H:35])[n:17][n:18]1)([H:19])([H:20])[H:21],24,8.875,C-C,C-C-C-O,Cc1ccc(C(=O)N=S2(=O)CCCCCC2)nn1,18,6,0,neutral,2,ring_containing,1,0.2692307692307692,0.17685627885730243,whole_similarity_Q2,torsion_distance_Q1,heavy_atoms_Q3
confirmation,01bad1d4c0955d4f88e5b78eebe53f17,[Cl:1][c:2]1[c:3]([H:5])[c:6]([H:7])[c:8]2[c:9]([N:11]([C:13]3([H:15])[C:16]([H:18])([H:19])[C:20]([H:21])([H:22])[N:23]([C:24]([H:45])([H:46])[H:47])[C:25]([H:26])([H:27])[C:17]3([H:28])[H:29])[H:14])[c:12]3[c:30]([n:32][c:10]2[c:4]1[H:34])[C:33]([H:35])([H:36])[C:37]([H:38])([H:39])[C:40]([H:41])([H:42])[C:31]3([H:43])[H:44],24,12.125,C-N,C-C-N-C,CN1CCC(Nc2c3c(nc4cc(Cl)ccc24)CCCC3)CC1,23,4,0,neutral,4,ring_containing,2,0.3387096774193548,0.31266884056225147,whole_similarity_Q3,torsion_distance_Q3,heavy_atoms_Q4
confirmation,01bae297eb365dd997027590ff0a06c3,[C:1]([n:2]1[c:3]([N:5]([C:7](=[O:9])[c:10]2[c:11]([H:13])[c:14]([H:15])[c:16]3[c:17]([c:12]2[H:23])[n:20]([C:22]([H:39])([H:40])[H:41])[c:19]([C:21]([N:25]([C:24]([H:42])([H:43])[H:44])[H:26])=[O:27])[n:18]3)[H:8])[n:6][c:28]2[c:4]1[n:35][c:33]([Cl:34])[c:31]([H:32])[c:29]2[H:30])([H:36])([H:37])[H:38],24,11.0,C-N,C-N-C-O,CNC(=O)c1nc2ccc(C(=O)Nc3nc4ccc(Cl)nc4n3C)cc2n1C,28,10,0,neutral,4,ring_containing,3,0.36923076923076925,0.49570628375450176,whole_similarity_Q4,torsion_distance_Q4,heavy_atoms_Q4
confirmation,01bdbf01812d55aa8789d58bf63262c5,[C:1]([O:2][C:3](=[O:4])[C:5]1=[C:6]([C:8](=[O:10])[O:11][C:12]([H:37])([H:38])[H:39])[C:9]2([H:13])[C:14]([H:16])([H:17])[S:18][C:19]([H:20])([N:15]2[C:24]([C:25]([C:28]([H:31])([H:32])[H:33])([H:29])[H:30])([H:26])[H:27])[C:21]([H:22])([H:23])[S:7]1)([H:34])([H:35])[H:36],17,16.75,C-C,C-C-C-C,CCCN1C2CSC(C(=O)OC)=C(C(=O)OC)C1CS2,20,7,0,neutral,2,ring_containing,4,0.23214285714285715,0.38062319915779713,whole_similarity_Q1,torsion_distance_Q4,heavy_atoms_Q4
confirmation,01c041fef7175090ad9788a60dc0725f,[C:1]([C:2]1=[C:3]([H:19])[C:4]2([H:20])[C:5]([H:21])([H:22])[C:6]([H:23])([H:24])[C:7]1([H:25])[C:8]([H:26])([H:27])[C:9]([O:10][H:29])([H:28])[c:11]1[c:12]([H:30])[c:13]([H:31])[o:14][c:15]12)([H:16])([H:17])[H:18],16,19.28125,C-C,C-C-C-C,CC1=CC2CCC1CC(O)c1ccoc12,15,2,0,neutral,4,ring_containing,0,0.23333333333333334,0.19186239980679232,whole_similarity_Q1,torsion_distance_Q2,heavy_atoms_Q2
confirmation,01c061b4990754148cd1f74b67d04f8c,[C:1]([c:2]1[c:3]([H:6])[c:5]([H:8])[c:7]([C:9](=[C:11]([c:13]2[c:15]([H:18])[c:17]([H:20])[n:19][c:21]3[c:16]2[c:27]([Cl:29])[c:26]([H:28])[c:23]([Cl:25])[c:22]3[H:24])[H:14])[H:12])[c:10]([H:30])[c:4]1[H:31])([H:32])([H:33])[H:34],24,5.1875,C-C,C-C-C-C,Cc1ccc(C=Cc2ccnc3cc(Cl)cc(Cl)c23)cc1,21,3,0,neutral,3,ring_containing,2,0.32727272727272727,0.3923988958914685,whole_similarity_Q3,torsion_distance_Q4,heavy_atoms_Q4
confirmation,01c0bc42c430588bad3a060d3b43a73c,[C:1]([c:2]1[n:3][c:4]([H:17])[c:5]([H:18])[c:6](-[c:7]2[c:8]([H:19])[c:9]([H:20])[c:10]([H:21])[c:11]([H:22])[n+:12]2[H:23])[n:13]1)([H:14])([H:15])[H:16],24,10.9375,C-C,C-C-C-C,Cc1nccc(-c2cccc[nH+]2)n1,13,3,1,positive,2,ring_containing,1,0.375,0.21879180323488248,whole_similarity_Q4,torsion_distance_Q2,heavy_atoms_Q1
confirmation,01c1204b43085c98be27ebece0adc2f2,[C:1]([c:2]1[n:3][c:5]([C:6]([N:8]2[C:11]([H:13])([H:14])[C:15]([H:16])([H:17])[n:18]3[c:19]([Br:21])[c:22]([H:23])[n:24][c:20]3[C:12]2([H:25])[H:26])([H:9])[H:10])[c:7]([H:27])[s:4]1)([H:28])([H:29])[H:30],24,3.5,C-C,N-C-C-N,Cc1nc(CN2CCn3c(Br)cnc3C2)cs1,17,6,0,neutral,3,ring_containing,2,0.3220338983050847,0.4541437519878277,whole_similarity_Q3,torsion_distance_Q4,heavy_atoms_Q3
confirmation,01c1e11754255d999955da51d3ed708e,[C:1]([c:2]1[n:3][c:4]([N:5]([C:6](=[O:7])[C:8]2([H:20])[C:9]([H:21])([H:22])[C:10]([H:23])([H:24])[S:11][C:12]2([H:25])[H:26])[H:19])[s:13][c:14]1[C:15]([H:27])([H:28])[H:29])([H:16])([H:17])[H:18],24,3.75,C-C,N-C-C-C,Cc1nc(NC(=O)C2CCSC2)sc1C,15,5,0,neutral,2,ring_containing,2,0.3508771929824561,0.26073308291613334,whole_similarity_Q4,torsion_distance_Q3,heavy_atoms_Q2
confirmation,01c320ec4a6650519474fdfba756e91b,[C:1]([C:2](=[C:3]([C:5]([n:7]1[n:10][c:12]([H:13])[c:14](=[O:15])[n:16]([H:17])[c:11]1=[O:18])([H:8])[H:9])[H:6])[H:4])([H:19])([H:20])[H:21],24,2.9375,C-C,C-C-C-N,CC=CCn1ncc(=O)[nH]c1=O,12,5,0,neutral,1,ring_containing,2,0.23076923076923078,0.23812739999342947,whole_similarity_Q1,torsion_distance_Q2,heavy_atoms_Q1
confirmation,01c3644a4f4c513db1d377044edf7806,[O:1]=[C:2]1[C:3]([H:5])([H:6])[C:7]2([C:8]([H:11])([H:12])[C:13]([H:14])([H:15])[O:16][C:17]([H:18])([H:19])[C:10]2([H:20])[H:21])[N:9]([C:22]([c:24]2[c:27]([H:29])[n:30][c:31]([C:32]([H:39])([H:40])[H:41])[o:28]2)([H:25])[H:26])[C:23]([H:33])([H:34])[C:35]([H:36])([H:37])[N:4]1[H:38],24,20.1875,C-C,C-C-C-C,Cc1ncc(CN2CCNC(=O)CC23CCOCC3)o1,20,6,0,neutral,3,ring_containing,2,0.25,0.20438989563891968,whole_similarity_Q1,torsion_distance_Q2,heavy_atoms_Q4
confirmation,01c5b20ed3705faeba100f3768cffedb,[N:1](=[C:2]([N:4]([H:6])[H:7])[N:5]([N:8]=[C:10]1[C:11]([H:13])([H:14])[C:15]([H:16])([H:17])[c:18]2[c:12]1[c:30]([H:31])[c:28]([H:29])[c:21]([H:27])[c:19]2[C:20](=[N:22][H:24])[N:23]([H:25])[H:26])[H:9])[H:3],24,2.71875,C-C,C-C-C-N,N=C(N)NN=C1CCc2c(C(=N)N)cccc21,17,6,0,neutral,2,ring_containing,2,0.26,0.24169083730289415,whole_similarity_Q2,torsion_distance_Q2,heavy_atoms_Q3
confirmation,01ca6eff12ef5e8386032ec9c57dd9d3,[C:1]([C:2](=[O:3])[O:4][C:5]12[C:6](=[N:9][O:11][H:12])[C:10]([H:13])([H:14])[C:15]([H:16])([H:17])[C:18]([H:19])([H:20])[C:21]([H:22])([H:23])[C:24]([H:25])([H:26])[C:7]1([H:27])[c:28]1[c:8]2[c:35]([H:36])[c:33]([H:34])[c:31]([H:32])[c:29]1[H:30])([H:37])([H:38])[H:39],15,29.8125,C-C,C-C-C-C,CC(=O)OC12C(=NO)CCCCCC1c1ccccc12,20,4,0,neutral,3,ring_containing,1,0.25,0.1437755302315636,whole_similarity_Q1,torsion_distance_Q1,heavy_atoms_Q4
confirmation,01caab4d477655828843c063d22091a3,[C:1]([c:2]1[n:3][c:4]([N:5]([C:6](=[O:7])[N:8]2[C:9]([H:21])([H:22])[C:10]([H:23])([H:24])[S+:11]([O-:12])[C:13]([H:25])([H:26])[C:14]2([H:27])[H:28])[H:20])[c:15]([H:29])[s:16]1)([H:17])([H:18])[H:19],24,15.5625,C-N,O-C-N-C,Cc1nc(NC(=O)N2CC[S+]([O-])CC2)cs1,16,7,0,neutral,2,ring_containing,1,0.3076923076923077,0.47329042798624593,whole_similarity_Q3,torsion_distance_Q4,heavy_atoms_Q2
confirmation,01cb382449365ef19d4b3ab5443b5a73,[C:1]([O:2][c:3]1[c:4]([H:7])[s:6][c:8]([H:9])[c:5]1[C:10](=[O:11])[N:12]1[C:13]([H:16])([H:17])[C:15]([H:19])([H:20])[C:18]([F:21])([H:22])[C:23]([H:24])([H:25])[C:14]1([H:26])[H:27])([H:28])([H:29])[H:30],24,9.875,C-C,C-C-C-O,COc1cscc1C(=O)N1CCC(F)CC1,16,5,0,neutral,2,ring_containing,2,0.34615384615384615,0.3044996182705275,whole_similarity_Q4,torsion_distance_Q3,heavy_atoms_Q2
confirmation,01cb700aa46559af84b43ddbaf0b2350,[C:1]([Si:2]([O:3][C:4]([C:5]([c:6]1[c:7]([H:27])[c:8]([H:28])[c:9]([H:29])[c:10]([H:30])[c:11]1[N:12]([H:31])[H:32])([H:25])[H:26])([c:13]1[c:14]([H:33])[c:15]([H:34])[c:16]([H:35])[c:17]([H:36])[c:18]1[H:37])[H:24])([H:22])[H:23])([H:19])([H:20])[H:21],24,1.4375,other_central_bonds,C-Si-O-C,C[SiH2]OC(Cc1ccccc1N)c1ccccc1,18,3,0,neutral,2,ring_containing,5,0.2826086956521739,0.5658867482705565,whole_similarity_Q2,torsion_distance_Q4,heavy_atoms_Q3
confirmation,01cde9501d7b5c0b8fc742643efb8f5a,[C:1]([N:2]([C:3](=[O:4])[c:5]1[n:6][n:7]([C:8]([H:23])([H:24])[H:25])[c:9]2[c:10]([H:26])[c:11]([H:27])[c:12]([F:13])[c:14]([H:28])[c:15]12)[C:16]1([H:29])[C:17]([H:30])([H:31])[C:18]([H:32])([H:33])[C:19]1([H:34])[H:35])([H:20])([H:21])[H:22],24,6.375,C-N,C-N-C-C,CN(C(=O)c1nn(C)c2ccc(F)cc12)C1CCC1,19,5,0,neutral,3,ring_containing,2,0.37735849056603776,0.20770207595692608,whole_similarity_Q4,torsion_distance_Q2,heavy_atoms_Q3
confirmation,01ced6e36a6659b7ad20a61e01018755,[C:1]([N:2]([C:3]([C:5]([O:8][H:11])([c:9]1[c:12]([H:14])[c:15]([Br:16])[c:17]([H:18])[s:13]1)[H:10])([H:6])[H:7])[H:4])([H:19])([H:20])[H:21],24,6.75,C-C,N-C-C-C,CNCC(O)c1cc(Br)cs1,11,4,0,neutral,1,ring_containing,3,0.2391304347826087,0.5624657854354946,whole_similarity_Q1,torsion_distance_Q4,heavy_atoms_Q1
confirmation,01d0c71f82985082b50a0b80a8bcc24b,[C:1]([N:2]1[C:3](=[O:4])[N:5]2[C:6]([H:21])([H:22])[C:7]([H:23])([H:24])[C:8]([H:25])([H:26])[N+:9]2([H:27])[C:10]1([c:11]1[c:12]([H:29])[c:13]([H:30])[c:14]([Cl:15])[c:16]([H:31])[c:17]1[H:32])[H:28])([H:18])([H:19])[H:20],24,15.625,C-C,N-C-C-C,CN1C(=O)N2CCC[NH+]2C1c1ccc(Cl)cc1,17,5,1,positive,3,ring_containing,1,0.2653061224489796,0.21491367331017994,whole_similarity_Q2,torsion_distance_Q2,heavy_atoms_Q3
confirmation,01d136cae86b501a8eec38d9534b8a6e,[C:1]([c:2]1[c:3]([H:5])[c:6]([H:7])[c:8]([N:9]([C:11]2([C:13]([H:16])([H:17])[H:18])[C:14](=[O:19])[c:20]3[c:21]([H:23])[c:24]([H:25])[c:26]([H:27])[c:28]([H:29])[c:22]3[C:15]2=[O:30])[H:12])[c:10]([H:31])[c:4]1[H:32])([H:33])([H:34])[H:35],17,17.5625,C-C,C-C-C-O,Cc1ccc(NC2(C)C(=O)c3ccccc3C2=O)cc1,20,3,0,neutral,3,ring_containing,2,0.3,0.2558205256088741,whole_similarity_Q3,torsion_distance_Q3,heavy_atoms_Q4
confirmation,01d176dfa92658d687146d83a22da0c4,[C:1]([C:2](=[C:3]([H:13])[H:14])[O:4][Si:5]1([H:15])[C:6]([H:16])=[C:7]([H:17])[C:8]([H:18])=[C:9]1[H:19])([H:10])([H:11])[H:12],24,2.625,other_central_bonds,C-O-Si-C,C=C(C)O[SiH]1C=CC=C1,9,2,0,neutral,1,ring_containing,2,0.14634146341463414,0.6597419493668244,whole_similarity_Q1,torsion_distance_Q4,heavy_atoms_Q1
confirmation,01d2dff3c93f55a7a27ca6d98150eefa,[C:1]([c:2]1[c:3]([H:5])[c:6]([H:7])[c:8]([C:9]([c:11]2[c:14]([H:16])[c:17]([C:18]([H:44])([H:45])[H:46])[c:19]([C:20]([H:47])([H:48])[H:49])[c:21]([C:22]([H:50])([H:51])[H:52])[c:15]2[H:23])([N:12]2[C:24]([H:26])([H:27])[C:28]([H:29])([H:30])[C:31]([H:32])([H:33])[C:34]([H:35])([H:36])[C:25]2([H:37])[H:38])[H:13])[c:10]([H:39])[c:4]1[H:40])([H:41])([H:42])[H:43],24,6.5,C-C,C-C-C-N,Cc1ccc(C(c2cc(C)c(C)c(C)c2)N2CCCCC2)cc1,23,1,0,neutral,3,ring_containing,3,0.4090909090909091,0.19795522961992226,whole_similarity_Q4,torsion_distance_Q2,heavy_atoms_Q4
confirmation,01d66e6a7fa55a55ab95821973d0644f,[C:1]([O:2][C:3](=[O:4])[C:5](=[O:6])[N:7]1[C:8]([H:10])([H:11])[C:12]([H:13])([H:14])[C:15]([H:16])([H:17])[C:18]([H:19])([H:20])[C:9]1([C:21](=[O:23])[O:24][C:25]([H:29])([H:30])[H:31])[H:22])([H:26])([H:27])[H:28],24,4.125,C-C,C-C-C-O,COC(=O)C(=O)N1CCCCC1C(=O)OC,16,6,0,neutral,1,ring_containing,1,0.3617021276595745,0.293514865276348,whole_similarity_Q4,torsion_distance_Q3,heavy_atoms_Q2
confirmation,01d66fce94f75e7e9ad224fc4813ea4f,[C:1](=[C:2]([n:3]1[n:4][c:5]([H:21])[c:6]([H:22])[c:7]1[C:8](=[O:9])[N:10]1[C:11]([H:23])([H:24])[C:12]([H:25])([H:26])[S:13](=[O:14])(=[O:15])[C:16]([H:27])([H:28])[C:17]1([H:29])[H:30])[H:20])([H:18])[H:19],24,6.875,C-N,C-C-N-C,C=Cn1nccc1C(=O)N1CCS(=O)(=O)CC1,17,7,0,neutral,2,ring_containing,2,0.34545454545454546,0.29449610297926515,whole_similarity_Q4,torsion_distance_Q3,heavy_atoms_Q3
confirmation,01d71ddbdc375b03b68c73e917aa589b,[C:1]([c:2]1[c:3]([H:6])[c:5]([Cl:7])[n:8][c:9]([H:10])[c:4]1[S:11]([C:12]([H:15])([H:16])[H:17])(=[O:13])=[O:14])([H:18])([H:19])[H:20],24,8.375,other_central_bonds,C-C-S-C,Cc1cc(Cl)ncc1S(C)(=O)=O,12,5,0,neutral,1,ring_containing,1,0.2777777777777778,0.8231410142819574,whole_similarity_Q2,torsion_distance_Q4,heavy_atoms_Q1
confirmation,01d98758f94a5be3b11de26089e2363e,[C:1]([O:2][C:3](=[O:4])[C:5]1=[C:6]([H:8])[C:9]([H:10])([H:11])[C:12]2([H:13])[C:14]3=[C:16]([C:18](=[O:20])[C:15]2([H:39])[H:40])[C:19]([H:21])([H:22])[C:23]([C:24](=[O:26])[O:27][C:28]([H:41])([H:42])[H:43])=[C:25]([C:29](=[O:30])[O:31][C:32]([H:44])([H:45])[H:46])[C:17]3([H:33])[C:7]1([H:34])[H:35])([H:36])([H:37])[H:38],24,17.8125,C-C,C-C-C-C,COC(=O)C1=CCC2CC(=O)C3=C2C(C1)C(C(=O)OC)=C(C(=O)OC)C3,26,7,0,neutral,3,ring_containing,3,0.62,0.12559932742172628,whole_similarity_Q4,torsion_distance_Q1,heavy_atoms_Q4
confirmation,01da6c44d4a55e75b1e7c21ec66813e2,[C:1]([O:2][c:3]1[c:4]([H:23])[c:5]([H:24])[c:6]([C:7]([H:25])([H:26])[H:27])[c:8]([H:28])[c:9]1-[c:10]1[n:11][c:12]2[c:13]([H:29])[c:14]([H:30])[c:15]([C:16]([H:31])([H:32])[H:33])[c:17]([H:34])[c:18]2[o:19]1)([H:20])([H:21])[H:22],24,4.90625,C-O,C-C-O-C,COc1ccc(C)cc1-c1nc2ccc(C)cc2o1,19,3,0,neutral,3,ring_containing,2,0.4888888888888889,0.1308896688308759,whole_similarity_Q4,torsion_distance_Q1,heavy_atoms_Q3
confirmation,01da906db54959bfaa3baa78e95bc60f,[C:1]([n:2]1[n:3][n:5][c:6]([S:7](=[O:8])(=[O:9])[c:10]2[c:11]([H:14])[c:13]([H:16])[c:15]([C:17]([H:27])([H:28])[H:29])[c:18]([H:19])[c:12]2[H:20])[c:4]1[C:21]([C:22]([H:30])([H:31])[H:32])=[O:23])([H:24])([H:25])[H:26],24,7.125,other_central_bonds,C-S-C-C,CC(=O)c1c(S(=O)(=O)c2ccc(C)cc2)nnn1C,19,7,0,neutral,2,ring_containing,3,0.2857142857142857,0.3317479409986732,whole_similarity_Q2,torsion_distance_Q3,heavy_atoms_Q3
confirmation,01db054f40685241a8d9ba579afd0e56,[C:1]([C:2](=[C:3]([C:4]([H:19])([H:20])[H:21])[C:5](=[O:6])[N:7]([C:8]([C:9]12[C:10]([H:25])([H:26])[C:11]([H:27])([C:12]([H:28])([H:29])[O:13]1)[C:14]2([H:30])[H:31])([H:23])[H:24])[H:22])[H:18])([H:15])([H:16])[H:17],24,4.0625,C-C,C-C-C-O,CC=C(C)C(=O)NCC12CC(CO1)C2,14,3,0,neutral,3,ring_containing,3,0.2692307692307692,0.23682540159851226,whole_similarity_Q2,torsion_distance_Q2,heavy_atoms_Q2
confirmation,01dc39de46da52e4bc1e4d86bd6fe946,[N:1]#[C:2][C:3]([C:4](=[O:6])[N:7]([C:8]([H:23])([H:24])[H:25])[H:9])=[C:5]([O:10][H:12])[c:11]1[c:13]([H:15])[c:16]([H:17])[c:18]([Cl:19])[c:20]([Cl:21])[c:14]1[H:22],24,36.9375,C-C,C-C-C-C,CNC(=O)C(C#N)=C(O)c1ccc(Cl)c(Cl)c1,17,6,0,neutral,1,ring_containing,2,0.3333333333333333,0.3932406713858611,whole_similarity_Q3,torsion_distance_Q4,heavy_atoms_Q3
confirmation,01df75bf13045b4cb3e00bb02c217090,[C:1]([O:2][C:3](=[O:4])[c:5]1[c:6](-[c:7]2[c:8]([H:24])[c:9]([H:25])[c:10]([H:26])[c:11]([H:27])[c:12]2[H:28])[o:13][c:14]2[n:15][c:16]([H:29])[c:17]([C:18]([H:30])([H:31])[H:32])[c:19]([H:33])[c:20]12)([H:21])([H:22])[H:23],24,5.4375,C-C,O-C-C-C,COC(=O)c1c(-c2ccccc2)oc2ncc(C)cc12,20,4,0,neutral,3,ring_containing,2,0.33962264150943394,0.3045317145596069,whole_similarity_Q3,torsion_distance_Q3,heavy_atoms_Q4
confirmation,01e0206d4c6c58ddad21ae271c993b22,[C:1]([N+:2]([C:3]([c:4]1[c:5]([H:26])[c:6]2[c:7]([o:8]1)[C:9](=[O:10])[c:11]1[c:12]([H:27])[c:13]([H:28])[c:14]([H:29])[c:15]([H:30])[c:16]1[C:17]2=[O:18])([H:24])[H:25])([H:22])[H:23])([H:19])([H:20])[H:21],24,6.875,C-C,N-C-C-O,C[NH2+]Cc1cc2c(o1)C(=O)c1ccccc1C2=O,18,4,1,positive,3,ring_containing,2,0.25925925925925924,0.2811268481654526,whole_similarity_Q2,torsion_distance_Q3,heavy_atoms_Q3
confirmation,01e0a3002eb458baa70c868a43eb35fe,[C:1]([c:2]1[c:3]([H:25])[c:4]([C:5]([H:26])([H:27])[H:28])[c:6]2[c:7](=[O:8])[c:9]3[c:10]([H:29])[c:11]([H:30])[c:12]([O:13][H:31])[c:14]([C:15]([H:32])([H:33])[H:34])[c:16]3[n:17]([C:18]([H:35])([H:36])[H:37])[c:19]2[c:20]1[C:21]([H:38])([H:39])[H:40])([H:22])([H:23])[H:24],24,4.5625,C-O,C-C-O-H,Cc1cc(C)c2c(=O)c3ccc(O)c(C)c3n(C)c2c1C,21,3,0,neutral,3,ring_containing,0,0.3076923076923077,0.21281947635643342,whole_similarity_Q3,torsion_distance_Q2,heavy_atoms_Q4
confirmation,01e13aa5e2e351bda4d51834aec605fa,[O:1]=[S:2](=[O:3])([c:4]1[c:6]([H:9])[c:8]([H:11])[c:10]2[o:12][c:14](=[S:15])[n:16]([H:17])[c:13]2[c:7]1[H:18])[N:5]1[C:19]([H:22])([H:23])[C:21]([H:25])([H:26])[O:24][C:27]([H:28])([H:29])[C:20]1([H:30])[H:31],24,4.0,other_central_bonds,N-S-C-C,O=S(=O)(c1ccc2oc(=S)[nH]c2c1)N1CCOCC1,19,8,0,neutral,3,ring_containing,2,0.24528301886792453,0.22280462875678986,whole_similarity_Q1,torsion_distance_Q2,heavy_atoms_Q3
confirmation,01e19a207a2e5575a18132394643e9af,[H:1][C:2]([C:3]([C:6]([c:9]1[c:12]([H:15])[c:14]([H:17])[c:16]([H:19])[c:18]([F:20])[c:13]1[F:21])([H:10])[H:11])([C:7](=[O:22])[O:23][H:24])[H:8])([H:4])[H:5],24,4.0,C-C,C-C-C-C,CC(Cc1cccc(F)c1F)C(=O)O,14,4,0,neutral,1,ring_containing,3,0.3170731707317073,0.3864694166455728,whole_similarity_Q3,torsion_distance_Q4,heavy_atoms_Q2
confirmation,01e1a6e2772d56428dd302d66ea09161,[C:1]([N:2]1[C:3](=[O:5])[C:6]([C:7]([c:10]2[c:13]([H:15])[c:16]([H:17])[c:18]([C:19]([H:29])([H:30])[H:31])[c:20]([C:21]([H:32])([H:33])[H:34])[c:14]2[H:22])([H:11])[H:12])([H:8])[N:9]([H:23])[C:4]1([H:24])[H:25])([H:26])([H:27])[H:28],23,19.875,C-N,C-N-C-N,Cc1ccc(CC2NCN(C)C2=O)cc1C,16,3,0,neutral,2,ring_containing,2,0.2857142857142857,0.13426141438443134,whole_similarity_Q2,torsion_distance_Q1,heavy_atoms_Q2
confirmation,01e2b7839a3b59749da04609d078b6de,[C:1]([N:2]1[C:3]([H:16])([H:17])[C:4]([H:18])([H:19])[C:5]([H:20])([H:21])[N:6]([H:22])[C:7]([C:8]([C:9]([N+:10]([H:28])([H:29])[H:30])([H:26])[H:27])([H:24])[H:25])([H:23])[C:11]1=[O:12])([H:13])([H:14])[H:15],24,17.8125,C-C,C-C-C-N,CN1CCCNC(CC[NH3+])C1=O,12,4,1,positive,1,ring_containing,2,0.24,0.2602730384174234,whole_similarity_Q1,torsion_distance_Q3,heavy_atoms_Q1
confirmation,01e2b877910c5b58bf5f0c6a9e084df2,[O:1]=[C:2]1[C:3](=[O:5])[C:6]([H:8])([H:9])[C:7]([H:10])([H:11])[C:4]1([S:12](=[O:14])(=[O:15])[c:16]1[c:17]([H:19])[c:20]([H:21])[c:22]([H:23])[c:24]([H:25])[c:18]1[H:26])[H:13],18,22.875,C-C,C-C-C-S,O=C1CCC(S(=O)(=O)c2ccccc2)C1=O,16,5,0,neutral,2,ring_containing,2,0.2765957446808511,0.3434194679818977,whole_similarity_Q2,torsion_distance_Q3,heavy_atoms_Q2
confirmation,01e2ce0d4f905110852b9454b5a0f8e9,[c:1]1([H:2])[c:3]([H:5])[c:6]([H:7])[c:8](-[c:9]2[c:11]([H:13])[c:14]3[c:15]([n:17][n:12]2)[C:18]([H:26])([H:27])[C:19]([H:28])([H:29])[c:20]2[c:16]-3[n:23][o:22][n:21]2)[c:10]([H:24])[c:4]1[H:25],24,4.40625,C-C,C-C-C-N,c1ccc(-c2cc3c(nn2)CCc2nonc2-3)cc1,19,5,0,neutral,4,ring_containing,1,0.25,0.190093402127989,whole_similarity_Q1,torsion_distance_Q2,heavy_atoms_Q3
confirmation,01e45409e50e53439197fe5da845a934,[C:1]([c:2]1[c:3]([H:5])[c:6]([C:7]([H:41])([H:42])[H:43])[c:8]([H:9])[c:10]2[c:4]1[o:14][c:12]([C:15]([O:16][H:19])([c:17]1[c:20]([H:22])[c:23]([H:24])[c:25]([C:26]#[N:28])[c:27]([H:29])[c:21]1[H:30])[c:18]1[c:31]([H:33])[n:34][c:35]([H:36])[n:32]1[C:37]([H:44])([H:45])[H:46])[c:11]2[H:13])([H:38])([H:39])[H:40],24,4.0625,C-O,C-C-O-H,Cc1cc(C)c2oc(C(O)(c3ccc(C#N)cc3)c3cncn3C)cc2c1,27,5,0,neutral,4,ring_containing,3,0.36764705882352944,0.48686910537766825,whole_similarity_Q4,torsion_distance_Q4,heavy_atoms_Q4
confirmation,01e98444cefe54b0998fe375e541701b,[O:1]=[C:2]([c:3]1[c:5]([H:7])[c:8]([H:9])[c:10]([H:11])[o:6]1)[N:4]1[C:12]2([H:14])[C:15]([H:17])([H:18])[C:19]([H:20])([H:21])[C:22]([H:23])([C:13]1([H:29])[H:30])[C:24]([H:25])([H:26])[C:16]2([H:27])[H:28],24,18.71875,C-N,O-C-N-C,O=C(c1ccco1)N1CC2CCC1CC2,15,3,0,neutral,4,ring_containing,1,0.37254901960784315,0.18512429148747972,whole_similarity_Q4,torsion_distance_Q1,heavy_atoms_Q2
confirmation,01ea15a0a8fd5abf974d66d15c9cca77,[C:1]([c:2]1[c:3]([H:20])[c:4]2[c:5]([c:6]([H:21])[c:7]1[C:8]([H:22])([H:23])[H:24])[n+:9]([O-:10])[c:11]([C:12]#[N:13])[c:14]([H:25])[n+:15]2[O-:16])([H:17])([H:18])[H:19],24,19.96875,C-C,C-C-C-N,Cc1cc2c(cc1C)[n+]([O-])c(C#N)c[n+]2[O-],16,5,0,neutral,2,ring_containing,0,0.23214285714285715,0.24105069809615895,whole_similarity_Q1,torsion_distance_Q2,heavy_atoms_Q2
confirmation,01eb88440c695cfcb2f776e32f1972dc,[c:1]1([H:15])[c:2]([H:16])[c:3]([H:17])[c:4]2[c:5]([c:6]1[H:18])[c:7]([H:19])[n+:8]([H:20])[n:9]2[C:10]1([H:21])[C:11]([H:22])([H:23])[C:12]([H:24])([H:25])[C:13]([H:26])([H:27])[O:14]1,22,18.75,C-N,C-C-N-N,c1ccc2c(c1)c[nH+]n2C1CCCO1,14,3,1,positive,3,ring_containing,1,0.2549019607843137,0.2566871315997759,whole_similarity_Q2,torsion_distance_Q3,heavy_atoms_Q2
confirmation,01edaba63e865a00aa0e58a6bf98b07b,[C:1]([O:2][C:3](=[O:4])[C:5]1([N:6]([C:7]([C:8]([H:20])([H:21])[H:22])=[O:9])[H:19])[C:10]([H:23])([H:24])[C:11]([H:25])([H:26])[C:12]([H:27])([H:28])[C:13]1([C:14]([H:29])([H:30])[H:31])[C:15]([H:32])([H:33])[H:34])([H:16])([H:17])[H:18],24,7.5625,C-C,O-C-C-C,COC(=O)C1(NC(C)=O)CCCC1(C)C,15,4,0,neutral,1,ring_containing,2,0.3611111111111111,0.13813312171250305,whole_similarity_Q4,torsion_distance_Q1,heavy_atoms_Q2
confirmation,01efd4ff1e9457169eaa5d3d56e9c40b,[C:1]([c:2]1[n:3][c:4](-[c:5]2[c:6]([H:15])[c:7]([H:16])[s:8][c:9]2[H:17])[c:10]([H:18])[n:11]1[H:19])([H:12])([H:13])[H:14],24,4.6875,C-C,C-C-C-C,Cc1nc(-c2ccsc2)c[nH]1,11,3,0,neutral,2,ring_containing,1,0.23809523809523808,0.34766428232330415,whole_similarity_Q1,torsion_distance_Q3,heavy_atoms_Q1
confirmation,01efff3092e05a49ab8a7432db0ac09b,[H:1][C:2]1([H:3])[C:4]([C:6](=[O:8])[C:9]([H:21])([H:22])[H:23])=[C:7]([O:10][H:12])[C:11](=[O:13])[N:5]1[C:14]([C:15](=[O:18])[O:19][H:20])([H:16])[H:17],24,3.625,C-C,N-C-C-O,CC(=O)C1=C(O)C(=O)N(CC(=O)O)C1,14,6,0,neutral,1,ring_containing,3,0.2391304347826087,0.3657622582739725,whole_similarity_Q1,torsion_distance_Q4,heavy_atoms_Q2
confirmation,01f115392cae55dbb8bec45d4933d908,[C:1]([C:2](=[O:3])[N:4]([C:5]1([C:7]([N:10]([H:12])[H:13])=[N:11][O:14][H:15])[C:8]([H:17])([H:18])[C:16]([H:20])([H:21])[C:19]([H:22])([H:23])[C:9]1([H:24])[H:25])[H:6])([H:26])([H:27])[H:28],24,8.53125,C-N,C-N-C-C,CC(=O)NC1(C(N)=NO)CCCC1,13,5,0,neutral,1,ring_containing,2,0.3333333333333333,0.24305513509657184,whole_similarity_Q3,torsion_distance_Q2,heavy_atoms_Q1
confirmation,01f15dffe4ec5673815f6b6b6d736c7d,[C:1]([N:2]1[C:3]([H:21])([H:22])[C:4]([H:23])([H:24])[C:5]2([c:6]3[c:7]([H:25])[c:8]([H:26])[c:9]([Cl:10])[c:11]([Cl:12])[c:13]3[H:27])[C:14]([H:28])([H:29])[C:15]2([C:16]([H:30])([H:31])[H:32])[C:17]1([H:33])[H:34])([H:18])([H:19])[H:20],18,17.375,C-C,N-C-C-C,CN1CCC2(c3ccc(Cl)c(Cl)c3)CC2(C)C1,17,3,0,neutral,3,ring_containing,1,0.3469387755102041,0.4251496210672961,whole_similarity_Q4,torsion_distance_Q4,heavy_atoms_Q3
confirmation,01f3a329bb425cefb8bd50cb5c572efb,[C:1]([O:2][C:3]([C:4]([H:18])([H:19])[H:20])([C:5]([C:6]1([H:23])[C:7]([H:24])([H:25])[C:8]([H:26])([H:27])[C:9]1([H:28])[H:29])([H:21])[H:22])[C:10](=[O:11])[N:12]([C:13]([H:30])([H:31])[H:32])[C:14]([H:33])([H:34])[H:35])([H:15])([H:16])[H:17],24,12.5,C-C,C-C-C-N,COC(C)(CC1CCC1)C(=O)N(C)C,14,3,0,neutral,1,ring_containing,4,0.2857142857142857,0.20890424443066533,whole_similarity_Q2,torsion_distance_Q2,heavy_atoms_Q2
confirmation,01f669b422c55c38abd2698307abc824,[C:1]([C:2](=[O:3])[N:4]1[C:5]([H:25])([H:26])[C:6]2([H:27])[C:7]([H:28])([H:29])[C:8]([H:30])([H:31])[C:9]([H:32])([C:10]1([H:33])[H:34])[N:11]2[C:12](=[O:13])[C:14]([N:15]1[C:16]([H:37])([H:38])[C:17]2([H:39])[C:18]([H:40])([H:41])[C:19]([H:42])([H:43])[C:20]1([H:44])[C:21]2([H:45])[H:46])([H:35])[H:36])([H:22])([H:23])[H:24],24,22.5625,C-N,C-N-C-O,CC(=O)N1CC2CCC(C1)N2C(=O)CN1CC2CCC1C2,21,5,0,neutral,4,ring_containing,2,0.34615384615384615,0.23422696438646784,whole_similarity_Q4,torsion_distance_Q2,heavy_atoms_Q4
confirmation,01f6d0ac84e75624a38aacc1a7fef9c9,[C:1]([N:2]([C:3]([H:30])([H:31])[H:32])[C:4](=[N:5][S:7]([N:8]([H:11])[H:12])(=[O:9])=[O:10])[C:6]1=[C:13]([H:16])[C:15]([H:33])([H:34])[O:17][c:18]2[c:14]1[c:25]([H:26])[c:22]([C:24]([H:35])([H:36])[H:37])[c:20]([H:23])[c:19]2[H:21])([H:27])([H:28])[H:29],24,2.75,other_central_bonds,O-S-N-H,Cc1ccc2c(c1)C(C(=NS(N)(=O)=O)N(C)C)=CCO2,20,7,0,neutral,2,ring_containing,2,0.22580645161290322,0.5442068619433656,whole_similarity_Q1,torsion_distance_Q4,heavy_atoms_Q4
confirmation,01f7449e8e7c5859bee21cabe1cbd656,[H:1][C:2]1([H:5])[C:3]([H:7])([H:8])[C:6]([H:10])([H:11])[N:9]([C:12](=[O:14])[C:15]2([H:18])[C:16]([H:20])([H:21])[C:19]3([H:24])[C:22]([H:26])([H:27])[C:25]([H:28])([H:29])[C:17]2([H:30])[O:23]3)[C:13]([H:31])([H:32])[C:4]1([H:33])[H:34],24,17.46875,C-N,C-N-C-C,O=C(C1CC2CCC1O2)N1CCCCC1,15,3,0,neutral,3,ring_containing,1,0.4473684210526316,0.10444874558407619,whole_similarity_Q4,torsion_distance_Q1,heavy_atoms_Q2
confirmation,01f7fe9ca9a256c3a8be07403146cdf0,[H:1][C:2]1([H:3])[C:4]([H:6])([H:7])[C:8]([H:9])([H:10])[N:11]([S+:12]([O-:14])[c:15]2[c:16]([H:18])[c:19]([H:20])[c:21]([C:22]([H:29])([H:30])[H:31])[n:23][c:17]2[H:24])[C:13]([H:25])([H:26])[C:5]1([H:27])[H:28],24,10.0,other_central_bonds,O-S-C-C,Cc1ccc([S+]([O-])N2CCCCC2)cn1,15,4,0,neutral,2,ring_containing,2,0.3111111111111111,0.29401622832481356,whole_similarity_Q3,torsion_distance_Q3,heavy_atoms_Q2
confirmation,01f90cefaef05308a8c9e13bab723a25,[C:1]([N:2]([C:3](=[O:4])[C:5]12[C:6]([H:19])([H:20])[S:7][C:8]([H:21])([C:9]1([H:22])[H:23])[C:10]2([H:24])[H:25])[c:11]1[n:12][n:13][c:14]([H:26])[s:15]1)([H:16])([H:17])[H:18],24,12.25,C-N,C-N-C-N,CN(C(=O)C12CSC(C1)C2)c1nncs1,15,6,0,neutral,4,ring_containing,2,0.5625,0.4799775421733812,whole_similarity_Q4,torsion_distance_Q4,heavy_atoms_Q2
confirmation,01f9f92fb65155f482aa6e6b71f279ac,[C:1]([C:2](=[C:3]1[C:4]([H:19])([H:20])[C:5]([H:21])([H:22])[C:6]([H:23])([H:24])[C:7]([O-:8])([H:25])[C:9]2=[C:10]1[C:11]([H:26])([H:27])[O:12][C:13]2=[O:14])[H:18])([H:15])([H:16])[H:17],24,19.5,C-C,C-C-C-C,CC=C1CCCC([O-])C2=C1COC2=O,14,3,-1,negative,2,ring_containing,0,0.2537313432835821,0.16503415568060134,whole_similarity_Q1,torsion_distance_Q1,heavy_atoms_Q2
confirmation,01fab1e0222252b08dc96e589dec67ac,[C:1]([c:2]1[n:3][c:5]([H:7])[c:6]([H:9])[c:8]([N:10]([C:11]([C:13]2([H:18])[C:16]([H:20])([H:21])[C:19]([H:23])([H:24])[C:22]([H:26])([H:27])[N:25]([H:28])[C:17]2([H:29])[H:30])([H:14])[H:15])[C:12](=[O:31])[C:32]([H:36])([H:37])[H:38])[n:4]1)([H:33])([H:34])[H:35],24,8.34375,C-N,C-N-C-C,CC(=O)N(CC1CCCNC1)c1ccnc(C)n1,18,5,0,neutral,2,ring_containing,3,0.26153846153846155,0.1509163011627272,whole_similarity_Q2,torsion_distance_Q1,heavy_atoms_Q3
confirmation,01fd77bf59e05478a027cffb7cde8357,[C:1]([S:2][c:3]1[n:4][o:5][n:6][c:7]1-[c:8]1[c:9]([H:18])[c:10]([H:19])[c:11]([C:12]([H:20])([H:21])[H:22])[c:13]([H:23])[c:14]1[H:24])([H:15])([H:16])[H:17],24,5.875,C-C,C-C-C-C,CSc1nonc1-c1ccc(C)cc1,14,4,0,neutral,2,ring_containing,2,0.2857142857142857,0.23889170405381555,whole_similarity_Q2,torsion_distance_Q2,heavy_atoms_Q2
confirmation,01fe70080083506fb52ea0e5b77504a9,[O:1]=[C:2]1[C:3]([H:21])([H:22])[C:4]([C:5](=[O:6])[N:7]=[S:8]2(=[O:9])[C:10]([H:24])([H:25])[C:11]([H:26])([H:27])[C:12]2([H:28])[H:29])([H:23])[c:13]2[c:14]([H:30])[c:15]([H:31])[c:16]([F:17])[c:18]([H:32])[c:19]2[N:20]1[H:33],24,4.625,C-C,C-C-C-N,O=C1CC(C(=O)N=S2(=O)CCC2)c2ccc(F)cc2N1,20,7,0,neutral,3,ring_containing,1,0.2413793103448276,0.28986131575598095,whole_similarity_Q1,torsion_distance_Q3,heavy_atoms_Q4
confirmation,01fe96c3c62b5a06a148f90cbbdf500a,[C:1]([c:2]1[c:3]([H:24])[c:4](-[c:5]2[c:6]([H:25])[c:7]([H:26])[n:8][c:9]([H:27])[c:10]2[H:28])[c:11](-[c:12]2[c:13]([H:29])[c:14]([H:30])[c:15]([F:16])[c:17]([H:31])[c:18]2[F:19])[n:20]1[H:32])([H:21])([H:22])[H:23],24,5.375,C-C,C-C-C-C,Cc1cc(-c2ccncc2)c(-c2ccc(F)cc2F)[nH]1,20,4,0,neutral,3,ring_containing,2,0.2545454545454545,0.2395827795551975,whole_similarity_Q2,torsion_distance_Q2,heavy_atoms_Q4
confirmation,01fecd7d222a5aa09bc1b617dd352f7c,[C:1]([c:2]1[c:3]([H:21])[c:4]([H:22])[c:5]([F:6])[c:7]([H:23])[c:8]1[C:9](=[N:10][c:11]1[c:12]([H:25])[c:13]([H:26])[c:14]([Br:15])[c:16]([H:27])[c:17]1[H:28])[H:24])([H:18])([H:19])[H:20],24,2.125,C-N,C-N-C-C,Cc1ccc(F)cc1C=Nc1ccc(Br)cc1,17,3,0,neutral,2,ring_containing,2,0.3488372093023256,0.4859520187167786,whole_similarity_Q4,torsion_distance_Q4,heavy_atoms_Q3
confirmation,01fed20ea3e95aefa14c7139378a0eff,[C:1]([O:2][C:3](=[O:4])[N:5]1[C:6]([H:19])([H:20])[C:7]([H:21])([H:22])[C:8](=[O:9])[C:10]([N:11]([C:12]([C:13]([H:25])([H:26])[H:27])=[O:14])[H:24])([H:23])[C:15]1([H:28])[H:29])([H:16])([H:17])[H:18],24,15.375,C-O,C-O-C-O,COC(=O)N1CCC(=O)C(NC(C)=O)C1,15,6,0,neutral,1,ring_containing,1,0.6,0.25350734112818474,whole_similarity_Q4,torsion_distance_Q3,heavy_atoms_Q2
confirmation,020050e3e518595e87767deafdb658c4,[C:1]([c:2]1[n:3][c:5]2[c:6]([H:8])[c:9]([H:10])[c:11]([H:12])[c:13]([H:14])[c:7]2[n:4]1[C:15]1([H:16])[C:17]2([H:19])[C:18]1([H:28])[C:25]([H:26])([H:27])[N:23]([C:24]([H:32])([H:33])[H:34])[C:20]2([H:21])[H:22])([H:29])([H:30])[H:31],24,15.6875,C-N,C-N-C-C,Cc1nc2ccccc2n1C1C2CN(C)CC21,17,3,0,neutral,4,ring_containing,1,0.3695652173913043,0.20729180647884166,whole_similarity_Q4,torsion_distance_Q2,heavy_atoms_Q3
confirmation,0200ff8b618957e795bf4ec6e245f0f4,[O:1]=[C:2]([O:3][H:5])[C:4]([C:6]([c:9]1[c:12]([H:14])[c:15]([H:16])[c:17]([H:18])[c:19]([Cl:20])[c:13]1[H:21])([n:10]1[c:22]([H:24])[c:25]([H:26])[c:27]([H:28])[c:23]1[H:29])[H:11])([H:7])[H:8],24,7.25,C-C,C-C-C-C,O=C(O)CC(c1cccc(Cl)c1)n1cccc1,17,4,0,neutral,2,ring_containing,4,0.3617021276595745,0.21921828753841308,whole_similarity_Q4,torsion_distance_Q2,heavy_atoms_Q3
confirmation,0202e51ca2585f8896c626cf5f6b9b0b,[C:1]([c:2]1[c:3]([H:5])[c:6]([H:7])[c:8]2[c:9]([c:4]1[H:12])[n+:11]([O-:13])[c:14]1[c:15](=[O:17])[n:18][c:19]([N:20]([C:22]3([H:24])[C:25]([H:27])([H:28])[C:29]([H:30])([H:31])[C:32]([H:33])([H:34])[C:35]([H:36])([H:37])[C:26]3([H:38])[H:39])[H:23])[n:21][c:16]-1[n:10]2[C:40]([H:44])([H:45])[H:46])([H:41])([H:42])[H:43],24,6.0625,C-N,C-N-C-C,Cc1ccc2c(c1)[n+]([O-])c1c(=O)nc(NC3CCCCC3)nc-1n2C,25,7,0,neutral,4,ring_containing,2,0.2878787878787879,0.18422658370825512,whole_similarity_Q2,torsion_distance_Q1,heavy_atoms_Q4
confirmation,02030868d9e1596a836de01081f39e6a,[C:1]([c:2]1[n:3][o:4][c:5](-[c:6]2[c:7]([H:18])[c:8]([C:9]([H:19])([H:20])[H:21])[c:10]([C:11]([H:22])([H:23])[H:24])[n:12][n:13]2)[n:14]1)([H:15])([H:16])[H:17],24,5.1875,C-C,O-C-C-C,Cc1noc(-c2cc(C)c(C)nn2)n1,14,5,0,neutral,2,ring_containing,1,0.3488372093023256,0.1506971061794348,whole_similarity_Q4,torsion_distance_Q1,heavy_atoms_Q2
confirmation,0204928ec4105e1cbb589667d3ab07b3,[C:1]([c:2]1[c:3]2[n:7]([n:5][c:4]1[H:6])[C:8]([H:23])([H:24])[C:13]([H:21])([H:22])[N:10]([C:14]([C:15]([F:18])([H:19])[H:20])([H:16])[H:17])[C:9]2([H:11])[H:12])([H:25])([H:26])[H:27],24,7.15625,C-C,N-C-C-F,Cc1cnn2c1CN(CCF)CC2,13,4,0,neutral,2,ring_containing,2,0.3269230769230769,0.3490224290767556,whole_similarity_Q3,torsion_distance_Q3,heavy_atoms_Q1
confirmation,02050181fc0456ce89734a65b06a0273,[C:1]([c:2]1[c:3]([H:5])[c:6](-[c:7]2[c:9]([H:11])[c:12]([H:13])[c:14]([H:15])[c:16]([F:17])[c:10]2[H:18])[n:8][c:19]2[c:4]1[c:26]([H:27])[c:24]([H:25])[c:22]([C:23]([H:31])([H:32])[H:33])[c:20]2[H:21])([H:28])([H:29])[H:30],24,4.375,C-C,N-C-C-C,Cc1ccc2c(C)cc(-c3cccc(F)c3)nc2c1,19,2,0,neutral,3,ring_containing,1,0.3333333333333333,0.24430735085948896,whole_similarity_Q3,torsion_distance_Q2,heavy_atoms_Q3
confirmation,0205f934f0605f9eab3c82be98159448,[C:1]([C:2](=[C:3]1[C:5]([H:8])([H:9])[N+:7]2([C:10]([H:49])([H:50])[H:51])[C:11]3([H:15])[C:13]([H:17])([H:18])[C:16]45[c:19]6[c:22]([H:25])[c:24]([C:26]([H:52])([H:53])[H:54])[c:27]([H:29])[c:28]([H:30])[c:23]6[N:31]([C:32]([H:55])([H:56])[H:57])[C:20]4([C:12]2([H:34])[C:33]([H:35])([H:36])[C:6]1([H:37])[C:21]5([C:38]([H:40])([H:41])[H:42])[C:39](=[O:43])[O:44][C:45]([H:58])([H:59])[H:60])[O:14]3)[H:4])([H:46])([H:47])[H:48],24,9.125,C-C,C-C-C-O,CC=C1C[N+]2(C)C3CC45c6cc(C)ccc6N(C)C4(O3)C2CC1C5(C)C(=O)OC,29,5,1,positive,6,ring_containing,1,0.25316455696202533,0.30726558221120076,whole_similarity_Q1,torsion_distance_Q3,heavy_atoms_Q4
confirmation,0206c88277c65ffd999064593473fce6,[F:1][c:2]1[c:3]([H:21])[c:4]([H:22])[c:5](-[c:6]2[c:7]([H:23])[n:8][c:9]([H:24])[n:10][c:11]2[N:12]2[C:13]([H:25])([H:26])[C:14]([H:27])([H:28])[C:15]([H:29])([H:30])[C:16]([H:31])([H:32])[C:17]2([H:33])[H:34])[c:18]([H:35])[c:19]1[Cl:20],24,12.6875,C-N,C-N-C-C,Fc1ccc(-c2cncnc2N2CCCCC2)cc1Cl,20,5,0,neutral,3,ring_containing,2,0.25,0.30715809624631296,whole_similarity_Q1,torsion_distance_Q3,heavy_atoms_Q4
confirmation,020780b02c365cf5b953a2c057bca0c7,[C:1]([c:2]1[c:3]([H:5])[c:6]([H:7])[c:8]2[n:9][c:11](-[c:12]3[c:14]([H:16])[n:17][c:18]([H:19])[c:20]([H:21])[n:15]3)[c:13]([H:22])[c:23]([H:24])[c:10]2[c:4]1[H:25])([H:26])([H:27])[H:28],24,7.625,C-C,N-C-C-C,Cc1ccc2nc(-c3cnccn3)ccc2c1,17,3,0,neutral,3,ring_containing,1,0.3829787234042553,0.2672081060044831,whole_similarity_Q4,torsion_distance_Q3,heavy_atoms_Q3
confirmation,0207a9d5b1e352bb8f7ab722c2576faf,[C:1]([N:2]([C:3]([H:20])([H:21])[H:22])[C:4](=[O:5])[C:6]([c:7]1[s:8][c:9]([H:25])[c:10]([H:26])[c:11]1[C:12](=[O:13])[N:14]([C:15]([H:27])([H:28])[H:29])[C:16]([H:30])([H:31])[H:32])([H:23])[H:24])([H:17])([H:18])[H:19],24,19.5625,C-N,C-N-C-O,CN(C)C(=O)Cc1sccc1C(=O)N(C)C,16,5,0,neutral,1,ring_containing,3,0.30612244897959184,0.2355485809857478,whole_similarity_Q3,torsion_distance_Q2,heavy_atoms_Q2
confirmation,020836d68b0e50da97487fc0de1e949f,[C:1]([O:2][P:3](=[O:4])([O:5][C:6]([H:15])([H:16])[H:17])[C:7]([C:8]([H:19])([H:20])[H:21])([N+:9]([C:10]([H:23])([H:24])[H:25])([C:11]([H:26])([H:27])[H:28])[H:22])[H:18])([H:12])([H:13])[H:14],24,6.1875,other_central_bonds,O-P-C-N,COP(=O)(OC)C(C)[NH+](C)C,11,5,1,positive,0,acyclic,4,0.175,1.4764022705467352,whole_similarity_Q1,torsion_distance_Q4,heavy_atoms_Q1
confirmation,020860b66114583b84a759293275c69a,[C:1]([N:2]([C:3](=[O:4])[c:5]1[n:6][c:7]([H:17])[c:8]([Cl:9])[c:10]([H:18])[c:11]1[N:12]([H:19])[H:20])[H:16])([H:13])([H:14])[H:15],24,16.25,C-C,O-C-C-N,CNC(=O)c1ncc(Cl)cc1N,12,5,0,neutral,1,ring_containing,1,0.30434782608695654,0.37295752985106584,whole_similarity_Q3,torsion_distance_Q4,heavy_atoms_Q1
confirmation,0208b3254abb5745b098a9522ed4c3aa,[C:1]([c:2]1[c:3]([H:21])[c:4]([C:5]([C:6](=[O:7])[N:8]2[C:9]([H:24])([H:25])[C:10]3([H:26])[C:11]([H:27])([H:28])[C:12]([F:13])([C:14]3([H:29])[H:30])[C:15]2([H:31])[H:32])([H:22])[H:23])[n:16][o:17]1)([H:18])([H:19])[H:20],24,5.5625,C-C,C-C-C-O,Cc1cc(CC(=O)N2CC3CC(F)(C3)C2)no1,17,5,0,neutral,4,ring_containing,2,0.43859649122807015,0.1364073396370288,whole_similarity_Q4,torsion_distance_Q1,heavy_atoms_Q3
confirmation,0208c2ac42aa5c36bf3e1f81799f85ca,[C:1]([C:2](=[O:3])[N:4]([C:5]([C:6]1([c:7]2[c:8]([H:22])[c:9]([H:23])[c:10]([H:24])[c:11]([F:12])[c:13]2[H:25])[C:14]([H:26])([H:27])[C:15]1([H:28])[H:29])([H:20])[H:21])[H:19])([H:16])([H:17])[H:18],24,8.90625,C-N,C-N-C-C,CC(=O)NCC1(c2cccc(F)c2)CC1,15,3,0,neutral,2,ring_containing,3,0.4,0.19959730014114194,whole_similarity_Q4,torsion_distance_Q2,heavy_atoms_Q2
confirmation,020a2c5f55d15efd861a07cbf0ffc142,[C:1]([n:2]1[n:3][c:5]([H:6])[c:7]2[c:4]1[c:14]([H:20])[c:12]([N:13]([C:15](=[O:17])[O:18][C:19]([H:24])([H:25])[H:26])[H:16])[c:10]([H:11])[c:8]2[H:9])([H:21])([H:22])[H:23],24,4.9375,C-N,C-C-N-C,COC(=O)Nc1ccc2cnn(C)c2c1,15,5,0,neutral,2,ring_containing,1,0.35555555555555557,0.1487009441017432,whole_similarity_Q4,torsion_distance_Q1,heavy_atoms_Q2
confirmation,020baa139df5589f821b7a5e294a2a08,[C:1]([O:2][c:3]1[c:4]([C:5]([N:6]([H:19])[H:20])=[O:7])[o:8][c:9]2[c:10]([H:21])[c:11]([H:22])[c:12]([Cl:13])[c:14]([H:23])[c:15]12)([H:16])([H:17])[H:18],24,5.8125,C-O,C-O-C-C,COc1c(C(N)=O)oc2ccc(Cl)cc12,15,5,0,neutral,2,ring_containing,2,0.33962264150943394,0.3263483334168804,whole_similarity_Q3,torsion_distance_Q3,heavy_atoms_Q2
confirmation,020cfc32e3305cdd81e680581b582d0e,[C:1]([c:2]1[c:3]([H:6])[c:5]([H:8])[n:7][c:9](-[c:10]2[c:11]([H:14])[c:13]([H:16])[c:15]([H:18])[c:17]([Cl:19])[c:12]2[Cl:20])[n:4]1)([H:21])([H:22])[H:23],24,2.25,C-C,N-C-C-C,Cc1ccnc(-c2cccc(Cl)c2Cl)n1,15,4,0,neutral,2,ring_containing,1,0.32558139534883723,0.4703026681173913,whole_similarity_Q3,torsion_distance_Q4,heavy_atoms_Q2
confirmation,020d29e2ea59529b8cd379d4a84c55c9,[C:1]([C:2]1([H:16])[C:3]([H:17])([H:18])[N:4]([H:19])[C:5]([H:20])([H:21])[C:6]1([C:7]([H:22])([H:23])[H:24])[C:8](=[O:9])[N:10]([C:11]([H:25])([H:26])[H:27])[C:12]([H:28])([H:29])[H:30])([H:13])([H:14])[H:15],24,13.3125,C-C,C-C-C-N,CC1CNCC1(C)C(=O)N(C)C,12,3,0,neutral,1,ring_containing,1,0.3333333333333333,0.14602886019799938,whole_similarity_Q3,torsion_distance_Q1,heavy_atoms_Q1
confirmation,020d3a010cf25726af34b50006c23fc4,[O:1]=[C:2]([N:3]([C:4]1([H:14])[C:5]([H:15])([H:16])[C:6]1([H:17])[H:18])[H:13])[C:7]1([H:19])[C:8]([H:20])([H:21])[S:9](=[O:10])(=[O:11])[C:12]1([H:22])[H:23],24,4.5,C-C,N-C-C-C,O=C(NC1CC1)C1CS(=O)(=O)C1,12,5,0,neutral,2,ring_containing,2,0.4117647058823529,0.2727253302644798,whole_similarity_Q4,torsion_distance_Q3,heavy_atoms_Q1
confirmation,020d68ac315b53c9898d87c00927f25b,[C:1]([c:2]1[n:3][n:5][c:6]2[n:4]1[n:10][c:8]([C:9]([C:11]1([H:14])[C:15]([H:17])([H:18])[N:19]([C:20]([H:30])([H:31])[H:32])[C:21]([H:22])([H:23])[C:24]([H:25])([H:26])[O:16]1)([H:12])[H:13])[s:7]2)([H:27])([H:28])[H:29],24,4.625,C-C,S-C-C-C,Cc1nnc2sc(CC3CN(C)CCO3)nn12,17,7,0,neutral,3,ring_containing,2,0.27419354838709675,0.4878531339130496,whole_similarity_Q2,torsion_distance_Q4,heavy_atoms_Q3
confirmation,020d6eb31517573e917a516c237f9b2e,[C:1]([N:2]1[C:3]([H:5])([H:6])[C:7]([C:8](=[O:11])[N:12]2[C:13]([H:15])([H:16])[C:17]([H:18])([H:19])[C:20]([H:21])([H:22])[C:23]([H:24])([H:25])[C:26]([H:27])([H:28])[C:29]([H:30])([H:31])[C:14]2([H:32])[H:33])([H:9])[C:10]([H:34])([H:35])[C:4]1=[O:36])([H:37])([H:38])[H:39],24,9.4375,C-C,C-C-C-N,CN1CC(C(=O)N2CCCCCCC2)CC1=O,17,4,0,neutral,2,ring_containing,1,0.3673469387755102,0.22533296725610585,whole_similarity_Q4,torsion_distance_Q2,heavy_atoms_Q3
confirmation,020d8f87bbfa52aba39f5a078c90bc6d,[c:1]1([H:19])[c:2]([H:20])[c:3]([H:21])[c:4]([C:7]([C:8]([C:9]([C:10]([Si:11]([Cl:12])([H:31])[H:32])([H:29])[H:30])([H:27])[H:28])([H:25])[H:26])([c:13]2[c:14]([H:33])[c:15]([H:34])[c:16]([H:35])[c:17]([H:36])[c:18]2[H:37])[H:24])[c:5]([H:22])[c:6]1[H:23],24,3.625,C-C,C-C-C-Si,Cl[SiH2]CCCC(c1ccccc1)c1ccccc1,18,2,0,neutral,2,ring_containing,6,0.275,0.9091819936553603,whole_similarity_Q2,torsion_distance_Q4,heavy_atoms_Q3
confirmation,020db2a74a54528cbdff02176a098556,[C:1]([c:2]1[c:3]([H:24])[c:4]([C:5]([H:25])([H:26])[H:27])[c:6]2[c:7]([Cl:8])[c:9]([C:10](=[O:11])[N:12]([C:13]3([H:29])[C:14]([H:30])([H:31])[C:15]([H:32])([H:33])[S:16][C:17]3([H:34])[H:35])[H:28])[s:18][c:19]2[c:20]1[H:36])([H:21])([H:22])[H:23],24,4.625,C-N,C-N-C-C,Cc1cc(C)c2c(Cl)c(C(=O)NC3CCSC3)sc2c1,20,5,0,neutral,3,ring_containing,2,0.3384615384615385,0.38113060908849955,whole_similarity_Q3,torsion_distance_Q4,heavy_atoms_Q4
confirmation,020e2d64e5055c94b47d34ba44eab69a,[C:1](#[C:2][C:4]([C:5]([C:8]1([H:13])[C:11]([H:15])([H:16])[C:14]([H:18])([H:19])[C:17]([H:20])([H:21])[N:12]1[C:22]([H:23])([H:24])[H:25])([H:9])[H:10])([H:6])[H:7])[H:3],24,4.390625,C-C,C-C-C-C,C#CCCC1CCCN1C,10,1,0,neutral,1,ring_containing,2,0.2972972972972973,0.2384827028700895,whole_similarity_Q3,torsion_distance_Q2,heavy_atoms_Q1
confirmation,020ea78fc09d55c680a73ac4d89d65ab,[C:1]([c:2]1[c:3]([H:6])[c:5]([H:8])[c:7]([C:9]2([H:13])[C:11]([H:15])([H:16])[O:14][c:17]3[c:18]([H:21])[c:20]([H:23])[c:22]([H:25])[c:24]([H:26])[c:19]3[C:12]2([H:27])[H:28])[c:10]([H:29])[c:4]1[H:30])([H:31])([H:32])[H:33],24,2.46875,C-C,C-C-C-C,Cc1ccc(C2COc3ccccc3C2)cc1,17,1,0,neutral,3,ring_containing,1,0.28888888888888886,0.20930133039837606,whole_similarity_Q2,torsion_distance_Q2,heavy_atoms_Q3
confirmation,020ec789c0c957a7a2b2fdf446826bdd,[O:1]=[C:2]([N:3]([C:4]1([H:18])[C:5]([H:19])([H:20])[C:6]([H:21])([H:22])[C:7]1([H:23])[H:24])[H:17])[c:8]1[c:9]([H:25])[c:10]([H:26])[c:11]2[n:12]([H:27])[c:13]([H:28])[n:14][c:15]2[c:16]1[H:29],24,4.25,C-N,C-N-C-C,O=C(NC1CCC1)c1ccc2[nH]cnc2c1,16,4,0,neutral,3,ring_containing,2,0.37735849056603776,0.0,whole_similarity_Q4,torsion_distance_Q1,heavy_atoms_Q2
confirmation,020f33fd5af65de19644b0420094379b,[C:1]([c:2]1[n:3]([H:6])[n:5]([H:8])[c:7](=[O:9])[c:4]1[C:10]([c:11]1[c:14]([O:16][H:18])[c:17]([H:20])[c:19]([H:22])[c:21]2[c:15]1[c:29]([H:30])[c:26]([Br:28])[c:24]([H:27])[c:23]2[H:25])([H:12])[H:13])([H:31])([H:32])[H:33],24,14.25,C-C,C-C-C-C,Cc1[nH][nH]c(=O)c1Cc1c(O)ccc2ccc(Br)cc12,20,5,0,neutral,3,ring_containing,2,0.25925925925925924,0.28936560360600355,whole_similarity_Q2,torsion_distance_Q3,heavy_atoms_Q4
confirmation,020fbc333eeb53449f77d9e5219c2363,[C:1]([N-:2][C:3](=[O:4])[c:5]1[c:6]([C:7]([H:21])([H:22])[H:23])[c:8]2[c:9]([H:24])[c:10]([H:25])[c:11]([H:26])[c:12]([F:13])[c:14]2[n:15]([H:27])[c:16]1=[O:17])([H:18])([H:19])[H:20],24,10.53125,C-C,O-C-C-C,C[N-]C(=O)c1c(C)c2cccc(F)c2[nH]c1=O,17,5,-1,negative,2,ring_containing,1,0.3018867924528302,0.3052102686596941,whole_similarity_Q3,torsion_distance_Q3,heavy_atoms_Q3
confirmation,020fc527323552aab44860dfe0d0a645,[C:1]([c:2]1[c:3]([H:5])[c:6]([H:7])[c:8]([C:9]([H:38])([H:39])[H:40])[c:10]([H:11])[c:4]1[C:12]1([H:13])[C:14]([H:16])([H:17])[N:18]=[N:19][C:15]12[C:20]([H:22])([H:23])[c:24]1[c:25]([H:27])[c:28]([C:29]([H:41])([H:42])[H:43])[c:30]([H:31])[c:32]([H:33])[c:26]1[C:21]2=[O:34])([H:35])([H:36])[H:37],17,18.0625,C-C,C-C-C-O,Cc1ccc2c(c1)CC1(N=NCC1c1cc(C)ccc1C)C2=O,23,3,0,neutral,4,ring_containing,1,0.25,0.22316626424744204,whole_similarity_Q1,torsion_distance_Q2,heavy_atoms_Q4
confirmation,020ff64327f65398a4733135b76a8feb,[C:1]([Si:2]1([C:13]([H:31])([H:32])[H:33])[O:3][C:4]([H:17])([H:18])[C:5]([H:19])([H:20])[C:6]([H:21])([H:22])[C:7]([H:23])([H:24])[Si:8]([C:10]([H:25])([H:26])[H:27])([C:11](=[C:12]([H:29])[H:30])[H:28])[O:9]1)([H:14])([H:15])[H:16],24,3.0625,other_central_bonds,O-Si-C-C,C=C[Si]1(C)CCCCO[Si](C)(C)O1,13,4,0,neutral,1,ring_containing,1,0.13333333333333333,0.7096729568224496,whole_similarity_Q1,torsion_distance_Q4,heavy_atoms_Q1
confirmation,02105b1c085d59f4bcd58bb504e9a5ca,[C:1]([c:2]1[c:3]([C:5]([H:29])([H:30])[H:31])[n:6]([C:7]([C:9]2([H:12])[C:13]([H:15])([H:16])[C:17]([H:18])([H:19])[C:14]2([H:20])[H:21])([H:10])[H:11])[c:8](=[O:22])[n:23]([H:24])[c:4]1=[O:25])([H:26])([H:27])[H:28],24,3.03125,C-C,N-C-C-C,Cc1c(C)n(CC2CCC2)c(=O)[nH]c1=O,15,4,0,neutral,2,ring_containing,2,0.2777777777777778,0.1836026170273063,whole_similarity_Q2,torsion_distance_Q1,heavy_atoms_Q2
confirmation,0210eff8d45d52d096068cd9fae89ab8,[C:1]([c:2]1[c:3]([H:6])[c:5]([H:8])[c:7](-[c:9]2[n:11][c:13]([H:15])[c:14]([H:17])[c:16]([Cl:18])[n:12]2)[c:10]([H:19])[c:4]1[H:20])([H:21])([H:22])[H:23],24,8.375,C-C,C-C-C-N,Cc1ccc(-c2nccc(Cl)n2)cc1,14,3,0,neutral,2,ring_containing,1,0.2894736842105263,0.30148043138651476,whole_similarity_Q2,torsion_distance_Q3,heavy_atoms_Q2
confirmation,0215eedf2802588b844129f413f73597,[C:1]([C:2]([C:6]([H:9])([H:10])[H:11])([C:7]([N:12]([C:15](=[O:17])[C:18]([H:29])([H:30])[H:31])[H:16])([c:13]1[c:19]([H:21])[c:22]([H:23])[c:24]([H:25])[c:26]([H:27])[c:20]1[Cl:28])[H:14])[H:8])([H:3])([H:4])[H:5],24,6.8125,C-C,C-C-C-C,CC(=O)NC(c1ccccc1Cl)C(C)C,15,3,0,neutral,1,ring_containing,3,0.40476190476190477,0.18317739565188973,whole_similarity_Q4,torsion_distance_Q1,heavy_atoms_Q2
confirmation,02161ff0995f5e24a87ebdd8863971b0,[c:1]1([H:14])[n:2][c:3]2[n:4][n:5][c:6]([H:15])[c:7]-2[c:8]([N:9]2[C:10]([H:16])([H:17])[C:11]([H:18])([H:19])[C:12]2([H:20])[H:21])[n:13]1[H:22],24,11.84375,C-N,C-N-C-N,c1nc2nncc-2c(N2CCC2)[nH]1,13,5,0,neutral,3,ring_containing,1,0.22448979591836735,0.20525850830451578,whole_similarity_Q1,torsion_distance_Q2,heavy_atoms_Q1
confirmation,0216787df058544aaa32e10390fd0c7c,[O:1]=[S:2]1(=[O:3])[N:4]=[C:6]([O:7][c:9]2[c:10]([H:13])[c:12]([H:15])[c:14]([H:17])[c:16]([H:18])[c:11]2[C:19]([F:20])([F:21])[F:22])[c:8]2[c:5]1[c:28]([H:30])[c:26]([H:29])[c:24]([H:27])[c:23]2[H:25],24,13.0,C-O,C-O-C-C,O=S1(=O)N=C(Oc2ccccc2C(F)(F)F)c2ccccc21,22,8,0,neutral,3,ring_containing,1,0.2542372881355932,0.7500165386925257,whole_similarity_Q2,torsion_distance_Q4,heavy_atoms_Q4
confirmation,021ae56dfc3a599083fa45a0be90ad9e,[C:1]([c:2]1[n:3][n:4][n:5]([H:11])[c:6]1[O:7][H:12])([H:8])([H:9])[H:10],24,18.4375,C-C,C-C-C-N,Cc1nn[nH]c1O,7,4,0,neutral,1,ring_containing,0,0.2727272727272727,0.48807880117623836,whole_similarity_Q2,torsion_distance_Q4,heavy_atoms_Q1
confirmation,021bbcafb8fc5faea9da3a7152a443bd,[O:1]=[S:2](=[O:3])([Cl:4])[C:5]([C:6](=[C:9]([Cl:11])[Cl:12])[H:10])([H:7])[H:8],24,3.625,other_central_bonds,Cl-S-C-C,O=S(=O)(Cl)CC=C(Cl)Cl,9,6,0,neutral,0,acyclic,2,0.21212121212121213,2.610046097154022,whole_similarity_Q1,torsion_distance_Q4,heavy_atoms_Q1
confirmation,021c639598ac546fa02c0f2f1dd0c9b7,[C:1]([n:2]1[c:3]([C:5]([O:7][H:10])([c:8]2[c:11]([H:13])[c:14]([H:15])[c:16]([H:17])[c:18]([H:19])[c:12]2[H:20])[c:9]2[c:21]([H:23])[c:24]([H:25])[c:26]([H:27])[c:28]([H:29])[c:22]2[H:30])[n:6][c:31]2[c:4]1[c:38]([C:39]([H:46])([H:47])[H:48])[c:36]([C:37]([H:43])([H:44])[H:45])[c:34]([H:35])[c:32]2[H:33])([H:40])([H:41])[H:42],24,1.8125,C-C,C-C-C-C,Cc1ccc2nc(C(O)(c3ccccc3)c3ccccc3)n(C)c2c1C,26,3,0,neutral,4,ring_containing,3,0.2857142857142857,0.13285590036473713,whole_similarity_Q2,torsion_distance_Q1,heavy_atoms_Q4
confirmation,021f359d5afd5076ab961141396d6381,[C:1]([c:2]1[c:3]([H:29])[c:4]2[n:5][c:6]([H:30])[c:7]3[c:8]([n:9]2[n:10]1)[C:11]([H:31])([H:32])[C:12]1([H:33])[c:13]2[c:14]([H:34])[c:15]([C:16]([H:35])([H:36])[H:37])[c:17]([C:18]([H:38])([H:39])[H:40])[c:19]([H:41])[c:20]2[C:21]([H:42])([H:43])[C:22]([H:44])([H:45])[N:23]1[C:24]3=[O:25])([H:26])([H:27])[H:28],21,22.25,C-N,C-C-N-C,Cc1cc2ncc3c(n2n1)CC1c2cc(C)c(C)cc2CCN1C3=O,25,5,0,neutral,5,ring_containing,0,0.3709677419354839,0.16911407813646367,whole_similarity_Q4,torsion_distance_Q1,heavy_atoms_Q4
confirmation,021f8ddb82195e85b6e343d38006abc9,[O:1]=[c:2]1[n:3]([H:5])[c:6](=[O:7])[c:8]2[c:9]([H:11])[c:12](-[c:13]3[c:15]([H:17])[c:18]([H:19])[c:20]([H:21])[c:22]([H:23])[c:16]3[H:24])[n:14][n:25][c:10]2[n:4]1[H:26],24,4.1875,C-C,N-C-C-C,O=c1[nH]c(=O)c2cc(-c3ccccc3)nnc2[nH]1,18,6,0,neutral,3,ring_containing,1,0.3333333333333333,0.3434390629593352,whole_similarity_Q3,torsion_distance_Q3,heavy_atoms_Q3
confirmation,0221df03812e5b76a89304442efd7fcf,[C:1]([N:2]([C:3](=[O:5])[C:6]([C:7]([c:10]1[c:13]([H:16])[c:15]([H:18])[c:17]([H:20])[c:19]([C:21]([H:40])([H:41])[H:42])[c:14]1[H:22])([c:11]1[c:23]([H:26])[n:25]([H:28])[c:27]2[c:24]1[c:34]([H:36])[c:32]([H:35])[c:30]([H:33])[c:29]2[H:31])[H:12])([H:8])[H:9])[H:4])([H:37])([H:38])[H:39],24,6.1875,C-C,C-C-C-C,CNC(=O)CC(c1cccc(C)c1)c1c[nH]c2ccccc12,22,3,0,neutral,3,ring_containing,4,0.2857142857142857,0.13668990901479403,whole_similarity_Q2,torsion_distance_Q1,heavy_atoms_Q4
confirmation,0224f976b37b550e868f179ad7196639,[H:1][C:2]([N:3]([C:6]([c:8]1[c:11]([H:13])[c:14]([H:15])[c:16]([H:17])[c:18]([H:19])[c:12]1[H:20])([C:9]1([H:21])[C:22]([H:24])([H:25])[C:26]([H:27])([H:28])[C:29]([H:30])([H:31])[C:23]1([H:32])[H:33])[H:10])[H:7])([H:4])[H:5],24,8.65625,C-N,C-N-C-C,CNC(c1ccccc1)C1CCCC1,14,1,0,neutral,2,ring_containing,3,0.43243243243243246,0.1773970662975872,whole_similarity_Q4,torsion_distance_Q1,heavy_atoms_Q2
confirmation,0226292a212759afb8c356ba473d7807,[C:1]([O:2][C:3](=[O:4])[C:5]1=[C:6]([H:8])[N:9]([C:10](=[O:12])[O:13][C:14]([H:33])([H:34])[H:35])[C:11]([H:15])=[C:16]([H:17])[C:7]1([c:18]1[c:20]([H:22])[c:23]([H:24])[c:25]([C:26]([H:36])([H:37])[H:38])[c:27]([H:28])[c:21]1[H:29])[H:19])([H:30])([H:31])[H:32],24,4.3125,C-C,C-C-C-C,COC(=O)C1=CN(C(=O)OC)C=CC1c1ccc(C)cc1,21,5,0,neutral,2,ring_containing,2,0.37037037037037035,0.18176166989291698,whole_similarity_Q4,torsion_distance_Q1,heavy_atoms_Q4
confirmation,0227a34baa225f0fa94cbaff0bf73c67,[H:1][C:2]([C:3]([N:6]1[C:9]([H:11])([H:12])[C:13]([F:14])([H:15])[C:10]1([H:16])[H:17])([H:7])[H:8])([H:4])[H:5],24,5.015625,C-N,C-C-N-C,CCN1CC(F)C1,7,2,0,neutral,1,ring_containing,1,0.23076923076923078,0.5531917289905846,whole_similarity_Q1,torsion_distance_Q4,heavy_atoms_Q1
confirmation,0227cb0fc32a596bb08a25aadb679048,[C:1]([O:2][C:3](=[O:4])[N:5]1[C:6]([H:25])([H:26])[C:7]([H:27])([H:28])[C:8]([H:29])([H:30])[C:9]([H:31])([H:32])[C:10]2([H:33])[C:11]([C:12](=[O:13])[N:14]3[C:15]([H:35])([H:36])[C:16]([H:37])([H:38])[C:17]4([H:39])[C:18]([H:40])([H:41])[C:19]([H:42])([H:43])[C:20]34[H:44])([H:34])[C:21]12[H:45])([H:22])([H:23])[H:24],24,15.25,C-O,C-O-C-N,COC(=O)N1CCCCC2C(C(=O)N3CCC4CCC43)C21,21,5,0,neutral,4,ring_containing,1,0.34545454545454546,0.20985224976469344,whole_similarity_Q4,torsion_distance_Q2,heavy_atoms_Q4
confirmation,02294137de2c540ea7087f12948d0ce0,[O:1]=[C:2]([C:3]([H:20])([H:21])[H:22])[N:4]([N:5]=[C:7]([c:8]1[c:10]([H:12])[c:13]([H:14])[c:15]([H:16])[c:17]([H:18])[c:11]1[Cl:19])[H:9])[H:6],24,6.0,C-C,N-C-C-C,CC(=O)NN=Cc1ccccc1Cl,13,4,0,neutral,1,ring_containing,2,0.35555555555555557,0.3064864839146503,whole_similarity_Q4,torsion_distance_Q3,heavy_atoms_Q1
confirmation,022ac3faacda5311a6c207e9383e1209,[O:1]=[C:2]([N:3]([C:5]([H:26])([H:27])[H:28])[H:6])[N:4]([c:7]1[n:9][c:11]([H:12])[n:13][c:14]2[c:10]1[c:17]1[n:16]([n:15]2)[c:18]([H:19])[c:20]([H:21])[c:22]([H:23])[c:24]1[H:25])[H:8],14,19.96875,C-N,C-C-N-N,CNC(=O)Nc1ncnc2nn3ccccc3c12,18,7,0,neutral,3,ring_containing,1,0.2459016393442623,0.3301027618872978,whole_similarity_Q1,torsion_distance_Q3,heavy_atoms_Q3
confirmation,022ba0e4fbc95c71a1ef12dc8af3ca56,[C:1]([c:2]1[c:3]([H:6])[c:5]([H:8])[c:7]([S:9](=[O:11])(=[O:12])[N:13]2[C:14]([H:17])([H:18])[C:16]([H:20])([H:21])[C:19]([F:22])([F:23])[C:24](=[O:25])[c:26]3[c:15]2[c:32]([H:34])[c:31]([H:33])[c:28]([F:30])[c:27]3[H:29])[c:10]([H:35])[c:4]1[H:36])([H:37])([H:38])[H:39],24,9.125,other_central_bonds,C-C-S-N,Cc1ccc(S(=O)(=O)N2CCC(F)(F)C(=O)c3cc(F)ccc32)cc1,25,8,0,neutral,3,ring_containing,2,0.32727272727272727,0.8342258803673057,whole_similarity_Q3,torsion_distance_Q4,heavy_atoms_Q4
confirmation,022c29a37c215bd28b6fdd6d701dedc9,[C:1]([N:2]([C:3](=[O:5])[C:6]1=[C:7]([O:9][H:11])[c:10]2[c:12]([H:14])[c:15]([Cl:16])[c:17]([H:18])[c:19]([H:20])[c:13]2[S:21][C:8]1([H:22])[H:23])[H:4])([H:24])([H:25])[H:26],18,15.0625,C-C,C-C-C-S,CNC(=O)C1=C(O)c2cc(Cl)ccc2SC1,16,5,0,neutral,2,ring_containing,1,0.3157894736842105,0.6144990746718509,whole_similarity_Q3,torsion_distance_Q4,heavy_atoms_Q2
confirmation,022cc8d8a54757aaa67f63b9d37c6c23,[O:1]=[C:2]1[N:3]([H:14])[C:4]([H:15])([H:16])[N+:5]([H:17])([H:18])[C:6]1([C:7]([c:8]1[c:9]([H:22])[c:10]([H:23])[c:11]([H:24])[c:12]([H:25])[c:13]1[H:26])([H:20])[H:21])[H:19],24,13.0,C-C,C-C-C-C,O=C1NC[NH2+]C1Cc1ccccc1,13,3,1,positive,2,ring_containing,2,0.3409090909090909,0.09475962143025543,whole_similarity_Q3,torsion_distance_Q1,heavy_atoms_Q1
confirmation,022cf28ca5fb5ca6af2ad905214b4ba7,[C:1]([N:2]([C:3](=[O:4])[N:5]([C:6]([C:7]([C:8]([H:26])([H:27])[H:28])([O-:9])[c:10]1[c:11]([H:29])[c:12]2[c:13]([H:30])[c:14]([H:31])[c:15]([H:32])[c:16]([H:33])[c:17]2[s:18]1)([H:24])[H:25])[H:23])[H:22])([H:19])([H:20])[H:21],22,23.375,C-C,N-C-C-O,CNC(=O)NCC(C)([O-])c1cc2ccccc2s1,18,5,-1,negative,2,ring_containing,3,0.26666666666666666,0.19284173072122776,whole_similarity_Q2,torsion_distance_Q2,heavy_atoms_Q3
confirmation,022cfa72363a51dea83369cfad467a3f,[O:1]=[C:2]([c:3]1[n:5][c:7]([H:9])[n:8]([H:10])[n:6]1)[C:4]1([H:13])[C:11]([H:14])([H:15])[C:12]1([H:16])[H:17],24,5.59375,C-C,C-C-C-N,O=C(c1nc[nH]n1)C1CC1,10,4,0,neutral,2,ring_containing,2,0.24489795918367346,0.2604242766750574,whole_similarity_Q1,torsion_distance_Q3,heavy_atoms_Q1
confirmation,022d894781ff5fba97535154d69e78bb,[C:1]([O:2][C:3](=[O:4])[C:5](=[C:6]([C:7]1=[C:8]([H:27])[C:9]([H:28])([H:29])[C:10]2([H:30])[C:11]([H:31])([H:32])[C:12]([H:33])([H:34])[C:13]([H:35])([H:36])[C:14]2([H:37])[C:15]([H:38])([H:39])[C:16]2([H:40])[C:17]([H:41])([H:42])[C:18]([H:43])([H:44])[C:19](=[O:20])[C:21]12[H:45])[H:26])[H:25])([H:22])([H:23])[H:24],15,14.6875,C-C,C-C-C-C,COC(=O)C=CC1=CCC2CCCC2CC2CCC(=O)C12,21,3,0,neutral,3,ring_containing,2,0.26229508196721313,0.13920197289561767,whole_similarity_Q2,torsion_distance_Q1,heavy_atoms_Q4
confirmation,022da8a979475e56ae6515d83ec53896,[O:1]=[C:2]([c:3]1[c:4]([H:18])[c:5]([H:19])[c:6]2[c:7]([c:8]1[H:20])[C:9]([H:21])([H:22])[C:10]([H:23])([H:24])[N:11]2[H:25])[N:12]1[C:13]([H:26])([H:27])[C:14]([H:28])([H:29])[O:15][C:16]([H:30])([H:31])[C:17]1([H:32])[H:33],24,15.78125,C-N,O-C-N-C,O=C(c1ccc2c(c1)CCN2)N1CCOCC1,17,4,0,neutral,3,ring_containing,1,0.30612244897959184,0.0,whole_similarity_Q3,torsion_distance_Q1,heavy_atoms_Q3
confirmation,022e0937037056c697798f02a187be3e,[C:1]([C:2]1([H:14])[C:3]([H:15])([H:16])[c:4]2[c:5]([H:17])[c:6]([H:18])[c:7]([H:19])[c:8]([Br:9])[c:10]21)([H:11])([H:12])[H:13],13,23.25,C-C,C-C-C-C,CC1Cc2cccc(Br)c21,10,1,0,neutral,2,ring_containing,0,0.2894736842105263,0.5819426000722548,whole_similarity_Q2,torsion_distance_Q4,heavy_atoms_Q1
confirmation,022e7bb7d5f0532a87ba74f17e4438c7,[C:1]([O:2][C:3](=[O:4])[C:5]([N:6]([H:9])[H:10])([c:7]1[c:11]([H:14])[c:13]([H:16])[c:15]([C:17]([H:24])([H:25])[H:26])[c:18]([H:19])[c:12]1[C:20]([H:27])([H:28])[H:29])[H:8])([H:21])([H:22])[H:23],24,8.59375,C-C,N-C-C-C,COC(=O)C(N)c1ccc(C)cc1C,14,3,0,neutral,1,ring_containing,2,0.5,0.18914255334914232,whole_similarity_Q4,torsion_distance_Q2,heavy_atoms_Q2
confirmation,022fa7e9a9ad5f72bf996ccce21c084c,[C:1]([N:2]([C:3]1=[N:4][S:5](=[O:6])(=[O:7])[C:8]2([C:9]([H:20])([H:21])[C:10]2([H:22])[H:23])[C:11]2([C:12]([H:24])([H:25])[C:13]([H:26])([H:27])[C:14]2([H:28])[H:29])[O:15]1)[H:19])([H:16])([H:17])[H:18],20,18.8125,other_central_bonds,O-S-C-C,CNC1=NS(=O)(=O)C2(CC2)C2(CCC2)O1,15,6,0,neutral,3,ring_containing,0,0.22916666666666666,0.2793736380856742,whole_similarity_Q1,torsion_distance_Q3,heavy_atoms_Q2
confirmation,022fb86b420f5f759d374be2c810534d,[N:1](=[C:2]1[c:4]2[c:6]([H:8])[c:9]([H:10])[c:11]([H:12])[c:13]([H:14])[c:7]2[C:15]([H:16])([H:17])[N:5]1[N:18]([C:19](=[O:21])[c:22]1[c:23]([H:25])[c:26]([H:27])[c:28]([H:29])[c:30]([C:31]([H:33])([H:34])[H:35])[c:24]1[H:32])[H:20])[H:3],24,17.6875,C-N,N-N-C-O,Cc1cccc(C(=O)NN2Cc3ccccc3C2=N)c1,20,4,0,neutral,3,ring_containing,2,0.3076923076923077,0.2535143378213631,whole_similarity_Q3,torsion_distance_Q3,heavy_atoms_Q4
confirmation,0230922aa80058aa90934b16c664a9e9,[C:1]([O:2][C:3]([C:4](=[O:5])[N:6]1[C:7]([H:20])([H:21])[C:8]([H:22])([H:23])[C:9]([H:24])([H:25])[S:10](=[N:11][H:26])(=[O:12])[C:13]([H:27])([H:28])[C:14]1([H:29])[H:30])([H:18])[H:19])([H:15])([H:16])[H:17],24,17.1875,C-N,C-C-N-C,COCC(=O)N1CCCS(=N)(=O)CC1,14,6,0,neutral,1,ring_containing,2,0.45454545454545453,0.24868134427666472,whole_similarity_Q4,torsion_distance_Q2,heavy_atoms_Q2
confirmation,0230c7a6c2a05ff1b3a9c0d4105c78e7,[C:1]([S:2](=[O:3])(=[O:4])[n:5]1[c:6]2[c:7]([n:8]([H:21])[c:9]1=[O:10])[C:11]([C:12]([N:13]([H:22])[H:23])=[O:14])=[N:15][C:16]([H:24])([H:25])[N:17]2[H:26])([H:18])([H:19])[H:20],17,19.125,C-N,C-N-C-N,CS(=O)(=O)n1c2c([nH]c1=O)C(C(N)=O)=NCN2,17,10,0,neutral,2,ring_containing,2,0.21311475409836064,0.47681178804216057,whole_similarity_Q1,torsion_distance_Q4,heavy_atoms_Q3
confirmation,0235d2af3d115ed3b195bd2fc431af1b,[C:1]([c:2]1[c:3]([H:24])[c:4]([H:25])[c:5]([H:26])[c:6]([C:7](=[O:8])[N:9]([C:10]2([H:28])[C:11]([H:29])([H:30])[C:12]([H:31])([H:32])[C:13]([H:33])([H:34])[C:14]([H:35])([H:36])[C:15]([H:37])([H:38])[C:16]([H:39])([H:40])[C:17]2([F:18])[F:19])[H:27])[c:20]1[H:41])([H:21])([H:22])[H:23],24,17.3125,C-N,O-C-N-C,Cc1cccc(C(=O)NC2CCCCCCC2(F)F)c1,20,4,0,neutral,2,ring_containing,2,0.49056603773584906,0.3567502195693492,whole_similarity_Q4,torsion_distance_Q3,heavy_atoms_Q4
confirmation,0236a5eb60d15dfd88405a3489991a76,[C:1]([c:2]1[c:3]([H:6])[c:5]([H:8])[c:7]2[n:4]1[n:14][c:12]([S:13][C:15]([H:16])([H:17])[H:18])[n:11][c:9]2[Cl:10])([H:19])([H:20])[H:21],24,6.4375,other_central_bonds,N-C-S-C,CSc1nc(Cl)c2ccc(C)n2n1,13,5,0,neutral,2,ring_containing,1,0.2542372881355932,0.829061566641534,whole_similarity_Q2,torsion_distance_Q4,heavy_atoms_Q1
confirmation,0237d4fe0f465d42ae85ad46b7ce5a53,[C:1]([c:2]1[c:3]([H:5])[c:6]([H:7])[c:8]2[c:9]([c:4]1[H:12])[O:11][C:13]([N:14]([H:16])[H:17])=[C:15]([C:18]#[N:19])[C:10]2([c:20]1[c:22]([H:24])[c:25]([H:26])[c:27]([H:28])[c:29]([Cl:30])[c:23]1[H:31])[H:21])([H:32])([H:33])[H:34],15,17.3125,C-C,C-C-C-C,Cc1ccc2c(c1)OC(N)=C(C#N)C2c1cccc(Cl)c1,21,4,0,neutral,3,ring_containing,1,0.2857142857142857,0.1755305463408267,whole_similarity_Q2,torsion_distance_Q1,heavy_atoms_Q4
confirmation,02382f4f50dc5265a5eaccd90f83b011,[C:1]([N:2]([C:3]([H:18])([H:19])[H:20])[C:4](=[O:5])[C:6]1([C:7]2([H:21])[C:8]([H:22])([H:23])[C:9]([H:24])([H:25])[C:10]([H:26])([H:27])[C:11]([H:28])([H:29])[O:12]2)[C:13]([H:30])([H:31])[C:14]1([H:32])[H:33])([H:15])([H:16])[H:17],24,16.59375,C-N,C-N-C-C,CN(C)C(=O)C1(C2CCCCO2)CC1,14,3,0,neutral,2,ring_containing,2,0.5588235294117647,0.0,whole_similarity_Q4,torsion_distance_Q1,heavy_atoms_Q2
confirmation,0238d7304dc95104b761084ed5eb5322,[C:1]([C:2]([C:6]([H:9])([H:10])[H:11])([C:7](=[O:12])[c:13]1[c:14]([H:16])[c:17]([H:18])[c:19]([F:20])[c:21]([F:22])[c:15]1[H:23])[H:8])([H:3])([H:4])[H:5],24,6.1875,C-C,C-C-C-C,CC(C)C(=O)c1ccc(F)c(F)c1,13,3,0,neutral,1,ring_containing,2,0.34146341463414637,0.31509948313853264,whole_similarity_Q3,torsion_distance_Q3,heavy_atoms_Q1
confirmation,023a40544b40504c8b02fb4e5d67cb2a,[C:1]([c:2]1[c:3]([H:5])[c:6]2[c:7]([c:19]3[c:11]([n:9]([C:12]([C:13]([H:16])([H:17])[H:18])([H:14])[H:15])[c:8]2=[O:10])[c:20]2[c:21]([H:23])[c:24]4[c:25]([c:27]([H:29])[c:22]2[n:30][n:31]3)[O:28][C:35]([H:42])([H:43])[O:26]4)[c:32]([H:33])[c:4]1[C:34]([H:39])([H:40])[H:41])([H:36])([H:37])[H:38],24,11.4375,C-N,C-N-C-C,CCn1c(=O)c2cc(C)c(C)cc2c2nnc3cc4c(cc3c21)OCO4,26,6,0,neutral,5,ring_containing,1,0.2923076923076923,0.22405025978352136,whole_similarity_Q2,torsion_distance_Q2,heavy_atoms_Q4
confirmation,023b7c923cc65572b398e75b68bb1749,[C:1]([c:2]1[c:3]([H:5])[c:6]([H:7])[c:8]([C:9]([c:11]2[n:14][n:16][n:17][n:15]2[C:18]([H:36])([H:37])[H:38])([N:12]2[C:19]([H:21])([H:22])[C:23]([H:24])([H:25])[C:26]([H:27])([H:28])[C:20]2([H:29])[H:30])[H:13])[c:10]([H:31])[c:4]1[H:32])([H:33])([H:34])[H:35],24,13.15625,C-N,C-C-N-C,Cc1ccc(C(c2nnnn2C)N2CCCC2)cc1,19,5,0,neutral,3,ring_containing,3,0.4,0.21690529757376098,whole_similarity_Q4,torsion_distance_Q2,heavy_atoms_Q3
confirmation,023bcdcafefd5656b7ba343127b1a45b,[C:1]([c:2]1[c:3]([H:5])[c:6]([O:7][c:9]2[n:10][n:16]3[c:14]([c:12]([H:15])[c:11]2[H:13])[n:17][c:18]([C:19]([H:29])([H:30])[H:31])[c:20]3[H:21])[c:8]([H:22])[c:23]([H:24])[c:4]1[F:25])([H:26])([H:27])[H:28],24,1.875,C-O,C-C-O-C,Cc1cn2nc(Oc3ccc(F)c(C)c3)ccc2n1,19,5,0,neutral,3,ring_containing,2,0.2786885245901639,0.36421875831088296,whole_similarity_Q2,torsion_distance_Q3,heavy_atoms_Q3
confirmation,023c00cb31675ea48ef5d25ae7fa77f4,[C:1]([N:2]1[C:3](=[O:4])[C:5]([H:13])([H:14])[C:6]([S:7][H:16])([H:15])[C:8]1=[O:9])([H:10])([H:11])[H:12],24,3.46875,other_central_bonds,C-C-S-H,CN1C(=O)CC(S)C1=O,9,4,0,neutral,1,ring_containing,0,0.3055555555555556,0.6664930173562319,whole_similarity_Q3,torsion_distance_Q4,heavy_atoms_Q1
confirmation,023c065be88b54888202795be221fedb,[C:1]([c:2]1[c:3]([H:22])[c:4]([H:23])[c:5]([H:24])[c:6]2[c:7]1[C:8]([C:9](=[O:10])[N:11]1[C:12]([H:26])([H:27])[C:13]([H:28])([H:29])[S:14]1(=[O:15])=[O:16])([H:25])[C:17]([H:30])([H:31])[C:18]2([H:32])[H:33])([H:19])([H:20])[H:21],23,9.1875,C-C,C-C-C-O,Cc1cccc2c1C(C(=O)N1CCS1(=O)=O)CC2,18,5,0,neutral,3,ring_containing,1,0.3220338983050847,0.28056784314455124,whole_similarity_Q3,torsion_distance_Q3,heavy_atoms_Q3
confirmation,023c0a36c0e057a7b741584f41a09097,[C:1]([c:2]1[n:3][c:4]2[n:5][c:6]([H:23])[n:7][c:8]([N:9]([C:10]([C:11]3([H:27])[C:12]([H:28])([H:29])[C:13]([H:30])([H:31])[S:14](=[O:15])(=[O:16])[N:17]3[H:32])([H:25])[H:26])[H:24])[c:18]2[s:19]1)([H:20])([H:21])[H:22],24,15.625,C-N,N-C-N-C,Cc1nc2ncnc(NCC3CCS(=O)(=O)N3)c2s1,19,9,0,neutral,3,ring_containing,3,0.2711864406779661,0.4071487561239015,whole_similarity_Q2,torsion_distance_Q4,heavy_atoms_Q3
confirmation,023c0cd564ad5dbaa4c251b1bc5f675e,[C:1]([C:2]1([H:24])[C:3]([H:25])([H:26])[C:4]([H:27])([H:28])[C:5]2([H:29])[C:6](=[O:7])[N:8]([H:30])[C:9]([H:31])([H:32])[C:10]([H:33])([H:34])[C:11]([H:35])([H:36])[N:12]2[C:13]1([c:14]1[c:15]([H:38])[c:16]([H:39])[c:17]([Br:18])[c:19]([H:40])[c:20]1[H:41])[H:37])([H:21])([H:22])[H:23],15,16.5,C-C,C-C-C-C,CC1CCC2C(=O)NCCCN2C1c1ccc(Br)cc1,20,4,0,neutral,3,ring_containing,1,0.3220338983050847,0.31351095211815283,whole_similarity_Q3,torsion_distance_Q3,heavy_atoms_Q4
confirmation,023d36aa3c605f31b64d219ad6315c0a,[C:1]([c:2]1[c:3]([H:5])[c:6]([C:7](=[O:9])[N:10]([c:11]2[c:13]([H:15])[c:16]([H:17])[c:18]([Cl:19])[c:20]([H:21])[c:14]2[F:22])[H:12])[n:8][c:23]2[n:4]1[n:28][c:26]([H:27])[c:24]2[H:25])([H:29])([H:30])[H:31],24,16.625,C-N,O-C-N-C,Cc1cc(C(=O)Nc2ccc(Cl)cc2F)nc2ccnn12,21,7,0,neutral,3,ring_containing,2,0.328125,0.36607915115868067,whole_similarity_Q3,torsion_distance_Q4,heavy_atoms_Q4
confirmation,023e511d09cf5fe490da85cc72f37840,[H:1][C:2]1([H:3])[C:4]([H:6])([H:7])[N:8]([C:9]([c:11]2[c:14]([H:16])[c:17]([H:18])[c:19]([F:20])[c:21]([F:22])[c:15]2[H:23])([H:12])[H:13])[C:10](=[O:24])[C:5]1([H:25])[H:26],24,3.40625,C-C,N-C-C-C,O=C1CCCN1Cc1ccc(F)c(F)c1,15,4,0,neutral,2,ring_containing,2,0.2962962962962963,0.2396444834799232,whole_similarity_Q3,torsion_distance_Q2,heavy_atoms_Q2
confirmation,023e76939e725a3aa5a614c258572fb3,[C:1]([C:2](=[O:3])[N:4]1[C:5]([H:22])([H:23])[C:6]([H:24])([H:25])[C:7]2([H:26])[C:8]([H:27])([H:28])[N:9]([C:10](=[O:11])[C:12]34[C:13]([H:29])([H:30])[C:14]([H:31])([H:32])[C:15]3([H:33])[C:16]4([H:34])[H:35])[C:17]([H:36])([H:37])[C:18]12[H:38])([H:19])([H:20])[H:21],24,19.15625,C-N,C-C-N-C,CC(=O)N1CCC2CN(C(=O)C34CCC3C4)CC21,18,4,0,neutral,4,ring_containing,1,0.8,0.13813312171250305,whole_similarity_Q4,torsion_distance_Q1,heavy_atoms_Q3
confirmation,02406af77dce5c7480f0bb9a5be74348,[C:1]([N:2]([C:3](=[O:4])[N:5]([c:6]1[n:7][n:8][c:9]([H:22])[n:10]1-[c:11]1[c:12]([H:23])[c:13]([H:24])[c:14]([H:25])[c:15]([H:26])[c:16]1[H:27])[H:21])[H:20])([H:17])([H:18])[H:19],24,7.96875,C-N,C-N-C-N,CNC(=O)Nc1nncn1-c1ccccc1,16,6,0,neutral,2,ring_containing,2,0.2765957446808511,0.21595188139692847,whole_similarity_Q2,torsion_distance_Q2,heavy_atoms_Q2
confirmation,02407ddce9225175bff046597f9be977,[N:1]#[C:2][C:3](=[C:4]([N:5]([H:19])[H:20])[H:18])[C:6](=[O:7])[N-:8][c:9]1[n:10][c:11]2[c:12]([H:21])[c:13]([H:22])[c:14]([H:23])[c:15]([H:24])[c:16]2[s:17]1,24,8.75,C-N,C-N-C-N,N#CC(=CN)C(=O)[N-]c1nc2ccccc2s1,17,6,-1,negative,2,ring_containing,2,0.3018867924528302,0.4011740248555208,whole_similarity_Q3,torsion_distance_Q4,heavy_atoms_Q3
confirmation,024085f7ea845cb6b5e9414ce5c095a3,[C:1]([O:2][C:3](=[O:4])[N:5]([c:6]1[c:8]([H:10])[c:11]2[c:12]([n:16][c:14]([C:17]([H:23])([H:24])[H:25])[n:13]2[H:15])[c:18]([C:19]([H:26])([H:27])[H:28])[n:9]1)[H:7])([H:20])([H:21])[H:22],24,14.8125,C-N,O-C-N-C,COC(=O)Nc1cc2[nH]c(C)nc2c(C)n1,16,6,0,neutral,2,ring_containing,1,0.3333333333333333,0.21428519238094193,whole_similarity_Q3,torsion_distance_Q2,heavy_atoms_Q2
confirmation,0241075e82ec513f95744f64cc078afb,[C:1]([O:2][c:3]1[c:4]([H:19])[c:5]([Cl:6])[c:7]([C:8]([H:20])([H:21])[H:22])[c:9]([H:23])[c:10]1-[n:11]1[c:12]([H:24])[c:13]([H:25])[c:14]([H:26])[c:15]1[H:27])([H:16])([H:17])[H:18],24,3.0,C-N,C-C-N-C,COc1cc(Cl)c(C)cc1-n1cccc1,15,3,0,neutral,2,ring_containing,2,0.3333333333333333,0.3124204654511377,whole_similarity_Q3,torsion_distance_Q3,heavy_atoms_Q2
confirmation,02420d53511953fa9877ab1da748f857,[N:1]([C:2]([c:5]1[c:8]([H:10])[n:11]2[c:12]([n:9]1)[c:14]([H:15])[c:16]([H:17])[c:18]1[c:13]2[c:25]([H:26])[c:23]([H:24])[c:21]([H:22])[c:19]1[H:20])([H:6])[H:7])([H:3])[H:4],24,4.0,C-C,N-C-C-C,NCc1cn2c(ccc3ccccc32)n1,15,3,0,neutral,3,ring_containing,1,0.24489795918367346,0.14513284152642117,whole_similarity_Q1,torsion_distance_Q1,heavy_atoms_Q2
confirmation,024247cd60715efc9e8bbe1a8a11d9b7,[C:1]([c:2]1[n:3][c:5]2[c:6]([H:8])[c:9]([H:10])[c:11]([Cl:12])[c:13]([H:14])[c:7]2[c:15]([H:16])[c:4]1[C:17]([N:18]([C:21]([H:23])([H:24])[H:25])[H:22])([H:19])[H:20])([H:26])([H:27])[H:28],24,5.25,C-N,C-C-N-C,CNCc1cc2cc(Cl)ccc2nc1C,15,3,0,neutral,2,ring_containing,2,0.2857142857142857,0.2866049365224754,whole_similarity_Q2,torsion_distance_Q3,heavy_atoms_Q2
confirmation,02435344f4f151b18612865950f2dce7,[C:1]([c:2]1[c:3]([H:22])[c:4]([H:23])[c:5]([H:24])[c:6]2[c:7]1[C:8]([H:25])([H:26])[C:9]([C:10](=[O:11])[N:12]([C:13]1([H:29])[C:14]([H:30])([H:31])[C:15]([H:32])([H:33])[S:16][C:17]1([H:34])[H:35])[H:28])([H:27])[O:18]2)([H:19])([H:20])[H:21],24,16.875,C-N,C-C-N-C,Cc1cccc2c1CC(C(=O)NC1CCSC1)O2,18,4,0,neutral,3,ring_containing,2,0.4166666666666667,0.22608060225720975,whole_similarity_Q4,torsion_distance_Q2,heavy_atoms_Q3
confirmation,0244d032d3d55326aa5a9eb27e1c6999,[C:1]([N:2]([C:3](=[O:4])[N:5]([C:6]([c:7]1[n:8][c:9]([C:10]([H:23])([H:24])[H:25])[c:11]([C:12]([H:26])([H:27])[H:28])[n:13][c:14]1[C:15]([H:29])([H:30])[H:31])([H:21])[H:22])[H:20])[H:19])([H:16])([H:17])[H:18],24,7.78125,C-N,C-N-C-C,CNC(=O)NCc1nc(C)c(C)nc1C,15,5,0,neutral,1,ring_containing,2,0.40625,0.09500664509868814,whole_similarity_Q4,torsion_distance_Q1,heavy_atoms_Q2
confirmation,024517d65e0c504f8da2cb4ded5475ce,[O:1]=[C:2]1[C:3]([H:26])([H:27])[C:4]([H:28])([H:29])[C:5]([H:30])([H:31])[C:6]([H:32])([H:33])[C:7]([C:8](=[O:9])[N:10]2[C:11]([H:35])([H:36])[C:12]3([H:37])[C:13]([H:38])([H:39])[N:14]([C:15](=[O:16])[C:17]4=[C:18]([Cl:19])[C:20]([H:40])([H:41])[C:21]4([H:42])[H:43])[C:22]([H:44])([H:45])[C:23]3([H:46])[C:24]2([H:47])[H:48])([H:34])[N:25]1[H:49],24,17.5,C-N,C-C-N-C,O=C1CCCCC(C(=O)N2CC3CN(C(=O)C4=C(Cl)CC4)CC3C2)N1,25,7,0,neutral,4,ring_containing,2,0.4444444444444444,0.2775047643139578,whole_similarity_Q4,torsion_distance_Q3,heavy_atoms_Q4
confirmation,0245a27edeeb5b1ca67a8403b29c3422,[C:1]([c:2]1[c:3]([H:5])[c:6]([H:7])[n:8][c:9]([H:10])[c:4]1[N:11]([S:12](=[O:14])(=[O:15])[c:16]1[c:17]([H:19])[c:20]([H:21])[c:22]([H:23])[c:24]([H:25])[c:18]1[Cl:26])[H:13])([H:27])([H:28])[H:29],24,8.125,other_central_bonds,C-N-S-C,Cc1ccncc1NS(=O)(=O)c1ccccc1Cl,18,6,0,neutral,2,ring_containing,3,0.3269230769230769,0.4767614736288364,whole_similarity_Q3,torsion_distance_Q4,heavy_atoms_Q3
confirmation,0245c977de48599ebc94bd5ce42ca406,[O:1]([N:2]=[C:4]([c:5]1[c:7]([H:9])[c:10]([H:11])[c:12]([H:13])[c:14]([C:15]([H:36])([H:37])[H:38])[c:8]1[H:16])[N:6]1[C:17]([H:19])([H:20])[C:21]([H:22])([H:23])[c:24]2[c:25]([H:27])[c:28]([H:29])[c:30]([H:31])[c:32]([H:33])[c:26]2[C:18]1([H:34])[H:35])[H:3],24,43.875,C-N,O-N-C-N,Cc1cccc(C(=NO)N2CCc3ccccc3C2)c1,20,3,0,neutral,3,ring_containing,1,0.25,0.22888803546796707,whole_similarity_Q1,torsion_distance_Q2,heavy_atoms_Q4
confirmation,0246661ac8275a748bd62dd0af57a78d,[C:1]([c:2]1[n:3][c:4]([H:18])[c:5]([C:6]([H:19])([H:20])[H:21])[c:7](=[N:8][C:9](=[O:10])[C:11]2([H:22])[C:12]([H:23])([H:24])[C:13]2([H:25])[H:26])[n:14]1[H:27])([H:15])([H:16])[H:17],24,18.1875,C-N,C-N-C-C,Cc1ncc(C)c(=NC(=O)C2CC2)[nH]1,14,4,0,neutral,2,ring_containing,1,0.2549019607843137,0.1354304874621102,whole_similarity_Q2,torsion_distance_Q1,heavy_atoms_Q2
confirmation,024731db37345b5184f0c970684cab20,[H:1][C:2]12[C:3]([H:6])([H:7])[C:8]3([H:9])[C:10]([H:12])([H:13])[C:14]([H:15])([C:4]1([H:17])[H:18])[C:16]([H:19])([H:20])[C:21]([C:22]([O:23][H:26])([H:24])[H:25])([O:5]2)[C:11]3([H:27])[H:28],24,7.1875,C-C,O-C-C-O,OCC12CC3CC(CC(C3)O1)C2,12,2,0,neutral,4,ring_containing,1,0.17073170731707318,0.29247023821237,whole_similarity_Q1,torsion_distance_Q3,heavy_atoms_Q1
confirmation,0248b492234e52b68dd71b22b8a79482,[C:1]([c:2]1[c:3]([H:23])[c:4]([C:5]#[N:6])[c:7]([N:8]([C:9]2([H:25])[C:10]([H:26])([H:27])[O:11][C:12]([H:28])([H:29])[C:13]([H:30])([H:31])[C:14]2([F:15])[F:16])[H:24])[n:17][c:18]1[C:19]([H:32])([H:33])[H:34])([H:20])([H:21])[H:22],24,16.9375,C-N,C-C-N-C,Cc1cc(C#N)c(NC2COCCC2(F)F)nc1C,19,6,0,neutral,2,ring_containing,2,0.265625,0.3276825174196384,whole_similarity_Q2,torsion_distance_Q3,heavy_atoms_Q3
confirmation,024919437243582fab9ab57edf277a33,[C:1]([C:2]([C:3](=[O:4])[N:5]1[C:6]([H:21])([H:22])[C:7]([H:23])([H:24])[C:8]([H:25])([H:26])[C:9]([H:27])([H:28])[C:10]1([H:29])[H:30])([C:11]1([H:31])[C:12]([H:32])([H:33])[C:13]([H:34])([H:35])[C:14](=[O:15])[N:16]1[H:36])[H:20])([H:17])([H:18])[H:19],24,15.3125,C-N,C-C-N-C,CC(C(=O)N1CCCCC1)C1CCC(=O)N1,16,4,0,neutral,2,ring_containing,2,0.3695652173913043,0.18476114544846128,whole_similarity_Q4,torsion_distance_Q1,heavy_atoms_Q2
confirmation,024a3b1427265d0fa83a9650d482803f,[C:1]([c:2]1[c:3]2[n+:5]([c:7]([H:9])[c:10]3[c:4]1[c:17]([H:18])[c:15]([H:16])[c:13]([C:14]([H:44])([H:45])[H:46])[c:11]3[C:12]([H:41])([H:42])[H:43])[C:8]([H:39])([H:40])[C:19]([H:47])([H:48])[c:20]1[c:6]-2[c:34]([H:35])[c:25]([C:33]([H:49])([H:50])[H:51])[c:23]([O:24][C:26]([C:27]([H:30])([H:31])[H:32])([H:28])[H:29])[c:21]1[H:22])([H:36])([H:37])[H:38],24,7.5,C-O,C-O-C-C,CCOc1cc2c(cc1C)-c1c(C)c3ccc(C)c(C)c3c[n+]1CC2,25,2,1,positive,4,ring_containing,2,0.22950819672131148,0.29150034776424477,whole_similarity_Q1,torsion_distance_Q3,heavy_atoms_Q4
confirmation,024ac44f8a8155dbbb276b44888b7c69,[H:1][C:2]1([H:3])[O:4][C:6]([H:7])([H:8])[C:9]([H:10])([H:11])[C:12]2([S:13](=[O:15])(=[O:16])[c:17]3[c:18]([H:20])[c:21]([H:22])[c:23]([Cl:24])[c:25]([H:26])[c:19]3[H:27])[C:5]1([H:41])[C:38]([H:39])([H:40])[O:37][c:29]1[c:14]2[c:28]([F:30])[c:31]([H:32])[c:33]([H:34])[c:35]1[F:36],23,12.5,other_central_bonds,C-S-C-C,O=S(=O)(c1ccc(Cl)cc1)C12CCOCC1COc1c(F)ccc(F)c12,26,8,0,neutral,4,ring_containing,2,0.25,0.7841332214408415,whole_similarity_Q1,torsion_distance_Q4,heavy_atoms_Q4
confirmation,024b82600f905814b90ada470eb295ee,[C:1]([c:2]1[c:3]([H:5])[c:6]([H:7])[c:8]2[c:9]([H:11])[c:12]([H:13])[c:14]([H:15])[c:16]([H:17])[c:10]2[c:4]1[C:18]([N:19]1[C:22]([H:24])([H:25])[C:26]([H:27])([H:28])[c:29]2[c:23]1[c:36]([H:37])[c:34]([H:35])[c:32]([H:33])[c:30]2[H:31])([H:20])[H:21])([H:38])([H:39])[H:40],24,4.875,C-N,C-C-N-C,Cc1ccc2ccccc2c1CN1CCc2ccccc21,21,1,0,neutral,4,ring_containing,2,0.2962962962962963,0.20111768222599444,whole_similarity_Q3,torsion_distance_Q2,heavy_atoms_Q4
confirmation,02501e1b1f9e5872b38e0057d4a8c8c4,[O:1]=[S:2](=[O:3])([c:4]1[c:6]([H:8])[c:9]([H:10])[c:11]([H:12])[c:13]([H:14])[c:7]1[H:15])[N:5]1[C:16]([H:18])([H:19])[C:20]([H:21])([H:22])[C:23]([H:24])([H:25])[C:17]12[C:26]([H:28])([H:29])[C:30]([H:31])([H:32])[N:33]([C:34]([H:40])([H:41])[H:42])[C:35]([H:36])([H:37])[C:27]2([H:38])[H:39],17,17.1875,C-N,C-N-C-C,CN1CCC2(CCCN2S(=O)(=O)c2ccccc2)CC1,20,5,0,neutral,3,ring_containing,2,0.35185185185185186,0.2538346651096753,whole_similarity_Q4,torsion_distance_Q3,heavy_atoms_Q4
confirmation,025055d5720d5499a1bcca66b4baa205,[C:1]([O:2][C:3](=[O:4])[C:5]([N+:6]1([H:20])[C:7]([H:21])([H:22])[c:8]2[c:9]([H:23])[c:10]([H:24])[c:11]([H:25])[c:12]([H:26])[c:13]2[C:14]1([H:27])[H:28])([H:18])[H:19])([H:15])([H:16])[H:17],24,7.1875,C-C,O-C-C-N,COC(=O)C[NH+]1Cc2ccccc2C1,14,3,1,positive,2,ring_containing,2,0.32653061224489793,0.2179251413036105,whole_similarity_Q3,torsion_distance_Q2,heavy_atoms_Q2
confirmation,0250fe83f06052249736e3ba4290ff44,[O:1]=[C:2]([N:3]([C:5]([H:25])([H:26])[H:27])[H:6])[C:4]1([S:7](=[O:10])(=[O:11])[C:12]([H:28])([H:29])[H:30])[C:8]([H:13])([H:14])[C:15]([H:16])([H:17])[N:18]([H:19])[C:20]([H:21])([H:22])[C:9]1([H:23])[H:24],24,9.875,C-C,N-C-C-S,CNC(=O)C1(S(C)(=O)=O)CCNCC1,14,6,0,neutral,1,ring_containing,2,0.28888888888888886,0.23193665172668276,whole_similarity_Q2,torsion_distance_Q2,heavy_atoms_Q2
confirmation,0251711b0bad5ba0a620ee2ac680f774,[H:1][C:2]1([H:3])[S:4][C:6]([H:7])([H:8])[C:9]([C:10]([N:13]([C:16]([H:20])([H:21])[H:22])[C:17]([H:23])([H:24])[H:25])([H:14])[H:15])([H:11])[C:12]([H:18])([H:19])[S:5]1,23,18.0,C-C,S-C-C-C,CN(C)CC1CSCSC1,10,3,0,neutral,1,ring_containing,2,0.18421052631578946,0.577235634506514,whole_similarity_Q1,torsion_distance_Q4,heavy_atoms_Q1
confirmation,0252fa17580c57ddab6fe7deed394e92,[C:1]([c:2]1[n:3][c:5]2[c:6]([s:4]1)[C:8]([H:25])([H:26])[c:9]1[c:7]-2[c:16]([H:21])[c:14]([O:15][P:17](=[O:18])([C:19]([H:27])([H:28])[H:29])[C:20]([H:30])([H:31])[H:32])[c:12]([H:13])[c:10]1[H:11])([H:22])([H:23])[H:24],24,2.875,C-O,C-C-O-P,Cc1nc2c(s1)Cc1ccc(OP(C)(C)=O)cc1-2,18,5,0,neutral,3,ring_containing,2,0.21875,0.8184994298543433,whole_similarity_Q1,torsion_distance_Q4,heavy_atoms_Q3
confirmation,0253620833205b1d9bada75ab46a5ffc,[O:1]=[C:2]([O:3][H:5])[C:4]([n:6]1[c:9]([H:11])[c:12]([C:13]([H:22])([H:23])[H:24])[c:14]2[n:15][c:17]([H:18])[c:19]([H:20])[n:16]2[c:10]1=[O:21])([H:7])[H:8],24,6.59375,C-N,C-C-N-C,Cc1cn(CC(=O)O)c(=O)n2ccnc12,15,6,0,neutral,2,ring_containing,2,0.23214285714285715,0.3274283158873628,whole_similarity_Q1,torsion_distance_Q3,heavy_atoms_Q2
confirmation,02542611c1565a8282f718c974545c92,[C:1]([O:2][c:3]1[c:4]([H:25])[c:5]([H:26])[c:6]([Br:7])[c:8]([H:27])[c:9]1[C:10]([N:11]1[C:12]([H:30])([H:31])[C:13]([H:32])([H:33])[S:14](=[O:15])(=[O:16])[C:17]([H:34])([H:35])[C:18]([F:19])([F:20])[C:21]1([H:36])[H:37])([H:28])[H:29])([H:22])([H:23])[H:24],24,5.25,C-N,C-C-N-C,COc1ccc(Br)cc1CN1CCS(=O)(=O)CC(F)(F)C1,21,8,0,neutral,2,ring_containing,3,0.46808510638297873,0.39154786898028454,whole_similarity_Q4,torsion_distance_Q4,heavy_atoms_Q4
confirmation,0254d2026f565e7cbc81bcd0d6ee18bc,[C:1]([C:2]12[C:3]([H:22])([H:23])[C:4]([H:24])=[C:5]([C:6](=[O:7])[O-:8])[C:9]([H:25])=[C:10]1[C:11]([H:26])=[C:12]([H:27])[C:13]1([H:28])[C:14]([H:29])([H:30])[C:15]([H:31])([H:32])[C:16]([H:33])([H:34])[C:17]([H:35])([H:36])[C:18]21[H:37])([H:19])([H:20])[H:21],15,19.375,C-C,C-C-C-C,CC12CC=C(C(=O)[O-])C=C1C=CC1CCCCC12,18,2,-1,negative,3,ring_containing,1,0.21311475409836064,0.144182803016499,whole_similarity_Q1,torsion_distance_Q1,heavy_atoms_Q3
confirmation,0254f043a6a35bfea64527d3ff34edbf,[H:1][C:2]12[C:4]([H:3])([H:5])[C:6]([H:7])([H:8])[C:9]([H:10])([H:11])[C:12]3([C:13]([C:16]([H:19])([H:20])[H:21])([H:17])[H:18])[C:14]([H:22])([H:23])[C:24]([H:25])([H:26])[C:27]([H:28])([H:29])[N:30]([C:15]13[H:40])[C:31]([H:32])([H:33])[C:34]([H:35])([H:36])[C:37]2([H:38])[H:39],24,6.75,C-C,C-C-C-C,CCC12CCCC3CCCN(CCC1)C32,15,1,0,neutral,3,ring_containing,1,0.25,0.20331808751907562,whole_similarity_Q1,torsion_distance_Q2,heavy_atoms_Q2
confirmation,02556da24a1e56a598599b8a573aa4fd,[F:1][c:2]1[c:3]([H:6])[c:5]([H:8])[c:7]([F:9])[c:10]([C:11]([C:12]2([H:17])[C:15]([H:19])([H:20])[C:18]([H:22])([H:23])[C:21]([H:24])([H:25])[N:16]2[H:26])([H:13])[H:14])[c:4]1[H:27],23,5.25,C-C,C-C-C-C,Fc1ccc(F)c(CC2CCCN2)c1,14,3,0,neutral,2,ring_containing,2,0.2765957446808511,0.29173969106301606,whole_similarity_Q2,torsion_distance_Q3,heavy_atoms_Q2
confirmation,025610c14f7959f695c3244f20bf666c,[C:1]([N+:2]1([H:16])[C:3]([H:17])([H:18])[C:4]([H:19])([H:20])[C:5]([c:6]2[n:7][n:8][n:9]([H:22])[n:10]2)([H:21])[C:11]([H:23])([H:24])[C:12]1([H:25])[H:26])([H:13])([H:14])[H:15],24,1.09375,C-C,C-C-C-N,C[NH+]1CCC(c2nn[nH]n2)CC1,12,5,1,positive,2,ring_containing,1,0.21052631578947367,0.2812223194702565,whole_similarity_Q1,torsion_distance_Q3,heavy_atoms_Q1
confirmation,0256310de2ac5d85b8eeac04a6c76d00,[H:1][C:2]12[C:3]([H:6])([H:7])[C:8]([H:9])([H:10])[C:11]([H:12])([H:13])[C:14]3([H:15])[C:4]1([C:25]([O:26][C:28]([C:29]([H:34])([H:35])[H:36])=[O:30])([H:27])[C:22]([H:23])([H:24])[C:18]([H:20])([H:21])[C:16]3([H:17])[H:19])[C:31]([H:32])([H:33])[O:5]2,16,17.15625,C-C,C-C-C-C,CC(=O)OC1CCCC2CCCC3OCC231,16,3,0,neutral,3,ring_containing,1,0.25925925925925924,0.16298880935957022,whole_similarity_Q2,torsion_distance_Q1,heavy_atoms_Q2
confirmation,025811e8b49d5e8cb36ca7acb4c4daa7,[C:1]([N:2]([C:3](=[O:4])[N:5]1[C:6]([H:18])([H:19])[C:7]2([H:20])[C:8]([H:21])([H:22])[N:9]([C:10]([H:23])([H:24])[H:25])[C:11]([H:26])([H:27])[C:12]2([H:28])[C:13]1([H:29])[H:30])[H:17])([H:14])([H:15])[H:16],24,13.625,C-N,C-N-C-O,CNC(=O)N1CC2CN(C)CC2C1,13,4,0,neutral,2,ring_containing,0,0.4146341463414634,0.2509099402576233,whole_similarity_Q4,torsion_distance_Q2,heavy_atoms_Q1
confirmation,0258cdfae56f5f14b1dc2636b231f06b,[C:1]([N:2]1[C:3]([H:20])([H:21])[C:4]([H:22])([H:23])[C:5](=[O:6])[N:7]([C:8]([c:9]2[n:10][c:11]([H:26])[n:12][n:13]2[C:14]([H:27])([H:28])[H:29])([H:24])[H:25])[C:15]1=[O:16])([H:17])([H:18])[H:19],24,6.78125,C-N,C-N-C-C,CN1CCC(=O)N(Cc2ncnn2C)C1=O,16,7,0,neutral,2,ring_containing,2,0.3541666666666667,0.22086199071688223,whole_similarity_Q4,torsion_distance_Q2,heavy_atoms_Q2
confirmation,02599da9b6e05979b3be9aa10819e0f6,[O:1]=[C:2]([O:3][H:5])[c:4]1[n:6][c:8]2[c:9]([H:12])[n:11][c:13]([H:15])[c:14]([H:16])[c:10]2[o:7]1,24,4.71875,C-C,O-C-C-N,O=C(O)c1nc2cnccc2o1,12,5,0,neutral,2,ring_containing,1,0.275,0.6378171308702308,whole_similarity_Q2,torsion_distance_Q4,heavy_atoms_Q1
confirmation,025a537afc60597f937506fc93b37184,[H:1][C:2]12[C:3](=[O:6])[N:7]([C:9]([H:31])([H:32])[H:33])[C:8](=[N:10][C:11]([H:34])([H:35])[H:36])[C:4]1([H:12])[C:13]([c:14]1[c:17]([H:20])[c:19]([H:22])[c:21]([H:24])[c:23]([H:25])[c:18]1[H:26])([H:16])[N:15]([H:28])[C:27]([C:29]([H:37])([H:38])[H:39])=[C:5]2[C:30]([H:40])([H:41])[H:42],24,10.0625,C-C,N-C-C-C,CN=C1C2C(C(=O)N1C)C(C)=C(C)NC2c1ccccc1,21,4,0,neutral,3,ring_containing,1,0.24074074074074073,0.18304745309117681,whole_similarity_Q1,torsion_distance_Q1,heavy_atoms_Q4
confirmation,025b40f374a05cbabfe0c096fbc46e19,[C:1]([C:2](=[O:3])[N:4]1[C:5]([H:7])([H:8])[C:9]([H:10])([H:11])[c:12]2[c:13]([c:16]([H:18])[c:15]([H:17])[s:14]2)[C:6]1([C:19]([O:21][C:24]([H:28])([H:29])[H:30])([H:22])[H:23])[H:20])([H:25])([H:26])[H:27],24,22.6875,C-N,C-N-C-C,COCC1c2ccsc2CCN1C(C)=O,15,4,0,neutral,2,ring_containing,2,0.3888888888888889,0.24365637342094462,whole_similarity_Q4,torsion_distance_Q2,heavy_atoms_Q2
confirmation,025cf25ecf4d5a1fb688135cc1b7bd2d,[H:1][C:2]([C:3]([C:6]1([c:9]2[c:12]([H:14])[c:15]([H:16])[c:17]([F:18])[c:19]([H:20])[c:13]2[H:21])[O:10][C:22]([H:23])([H:24])[c:25]2[c:11]1[c:32]([H:33])[c:30]([H:31])[c:28]([H:29])[c:26]2[Br:27])([H:7])[H:8])([H:4])[H:5],24,5.25,C-C,C-C-C-C,CCC1(c2ccc(F)cc2)OCc2c(Br)cccc21,19,3,0,neutral,3,ring_containing,2,0.24561403508771928,0.32776820181636634,whole_similarity_Q1,torsion_distance_Q3,heavy_atoms_Q3
confirmation,025cfffe79795d2882eec7f5466bb5e2,[C:1]([c:2]1[n:3]([H:22])[c:4]2[c:5]([H:23])[c:6]([H:24])[c:7]([H:25])[c:8]([H:26])[c:9]2[c:10]1[C:11](=[O:12])[N:13]([C:14]1([H:28])[C:15]([H:29])([H:30])[C:16]2([H:31])[C:17]([H:32])([H:33])[C:18]12[H:34])[H:27])([H:19])([H:20])[H:21],24,19.21875,C-N,O-C-N-C,Cc1[nH]c2ccccc2c1C(=O)NC1CC2CC21,18,3,0,neutral,4,ring_containing,2,0.42,0.18715140821445891,whole_similarity_Q4,torsion_distance_Q1,heavy_atoms_Q3
confirmation,025dd494bcfe5a8fb4c2c99f9f19cebf,[C:1]([N:2]1[C:3]([H:5])([H:6])[C:7]([H:8])([H:9])[C:10]([H:11])([H:12])[C:13]([H:14])([H:15])[C:4]1([C:16]1([H:18])[O:19][C:21]([H:22])([H:23])[C:24]([H:25])([H:26])[O:20]1)[H:17])([H:27])([H:28])[H:29],24,10.3125,C-C,C-C-C-O,CN1CCCCC1C1OCCO1,12,3,0,neutral,2,ring_containing,1,0.3142857142857143,0.21863126121667503,whole_similarity_Q3,torsion_distance_Q2,heavy_atoms_Q1
confirmation,025e99969d5e5c1a985025a4a711f33d,[C:1]([C:2]1=[N:3][O:4][C:5]2([H:20])[C:6]([H:21])([H:22])[C:7]([c:8]3[c:9]([H:24])[c:10]([H:25])[c:11]([Br:12])[c:13]([H:26])[c:14]3[H:27])([H:23])[C:15]([H:28])([H:29])[C:16]12[H:30])([H:17])([H:18])[H:19],13,19.25,C-C,O-C-C-C,CC1=NOC2CC(c3ccc(Br)cc3)CC12,16,3,0,neutral,3,ring_containing,1,0.20833333333333334,0.281944729034172,whole_similarity_Q1,torsion_distance_Q3,heavy_atoms_Q2
confirmation,025eadff5bb15c7b8e4a883909064fda,[O:1]=[C:2]([N:3]([c:5]1[c:7]([H:9])[c:10]([H:11])[c:12]([C:13]([H:29])([H:30])[H:31])[c:14]([H:15])[c:8]1[H:16])[H:6])[c:4]1[n:17][c:19]2[c:20]([H:22])[c:23]([H:24])[c:25]([H:26])[c:27]([H:28])[c:21]2[s:18]1,24,16.0,C-N,O-C-N-C,Cc1ccc(NC(=O)c2nc3ccccc3s2)cc1,19,4,0,neutral,3,ring_containing,2,0.34782608695652173,0.27619341491445665,whole_similarity_Q4,torsion_distance_Q3,heavy_atoms_Q3
confirmation,025fa692a6d050cdabf1ebc5c78a7852,[O:1]=[C:2]([N:3]([c:5]1[c:7]([H:9])[c:10]([H:11])[c:12]([Br:13])[c:14]([H:15])[c:8]1[F:16])[H:6])[N:4]1[C:17]([H:19])([H:20])[C:21]([H:22])([H:23])[C:18]1([H:24])[H:25],24,9.0,C-N,N-C-N-C,O=C(Nc1ccc(Br)cc1F)N1CCC1,15,5,0,neutral,2,ring_containing,1,0.36538461538461536,0.3517796817475424,whole_similarity_Q4,torsion_distance_Q3,heavy_atoms_Q2
confirmation,0260a29435265380a0ee5a88fcdb06d7,[C:1]([c:2]1[c:3]([H:5])[c:6]([H:7])[c:8]([H:9])[c:10]([H:11])[c:4]1-[c:12]1[c:13]([H:15])[c:16]([C:17]([H:34])([H:35])[H:36])[c:18]2[c:19]([n:14]1)[c:22]1[c:21]([o:20]2)[c:23]([H:24])[c:25]([H:26])[c:27]([H:28])[c:29]1[H:30])([H:31])([H:32])[H:33],24,4.125,C-C,C-C-C-N,Cc1ccccc1-c1cc(C)c2oc3ccccc3c2n1,21,2,0,neutral,4,ring_containing,1,0.3333333333333333,0.243025239907602,whole_similarity_Q3,torsion_distance_Q2,heavy_atoms_Q4
confirmation,0260b87a68045d1782df5f78eb2cb0ec,[C:1]([N:2]1[C:3]([H:17])([H:18])[C:4]([H:19])([H:20])[C:5]2([C:6]([H:21])([H:22])[C:7]([H:23])([H:24])[C:8]2([H:25])[H:26])[S:9](=[O:10])(=[O:11])[C:12]([H:27])([H:28])[C:13]1([H:29])[H:30])([H:14])([H:15])[H:16],24,18.3125,C-C,C-C-C-C,CN1CCC2(CCC2)S(=O)(=O)CC1,13,4,0,neutral,2,ring_containing,0,0.2702702702702703,0.1934043037567835,whole_similarity_Q2,torsion_distance_Q2,heavy_atoms_Q1
confirmation,0260d4b5d33655f3ba5a74ecdd473407,[C:1]([N:2]([C:3]([H:20])([H:21])[H:22])[C:4](=[O:5])[N:6]([C:7]([C:8](=[O:9])[N:10]1[C:11]([H:26])([H:27])[C:12]([H:28])([H:29])[C:13]([H:30])([H:31])[S:14]1(=[O:15])=[O:16])([H:24])[H:25])[H:23])([H:17])([H:18])[H:19],24,14.375,C-N,N-C-N-C,CN(C)C(=O)NCC(=O)N1CCCS1(=O)=O,16,8,0,neutral,1,ring_containing,2,0.3,0.3279868388138534,whole_similarity_Q3,torsion_distance_Q3,heavy_atoms_Q2
confirmation,0260d846d3975a4f867c94599f03a986,[O:1]=[C:2]1[c:3]2[c:5]([H:8])[c:7]([H:10])[c:9]([H:12])[c:11]([H:13])[c:6]2[C:14](=[O:15])[N:4]1[C:16]([C:17]([O:20][H:23])([N:21]1[C:24](=[O:26])[c:27]2[c:28]([H:31])[c:30]([H:33])[c:32]([H:35])[c:34]([H:36])[c:29]2[C:25]1=[O:37])[H:22])([H:18])[H:19],24,7.9375,C-C,N-C-C-N,O=C1c2ccccc2C(=O)N1CC(O)N1C(=O)c2ccccc2C1=O,25,7,0,neutral,4,ring_containing,3,0.30952380952380953,0.31822040711291794,whole_similarity_Q3,torsion_distance_Q3,heavy_atoms_Q4
confirmation,0261b94fa10f5b7890e8d146a2dfcf68,[H:1][C:2]([N:3]([C:6]([c:8]1[c:11]([H:13])[c:14]([H:15])[c:16]2[c:17]([H:19])[c:20]([H:21])[c:22]([H:23])[c:24]([C:25]([H:26])([H:27])[H:28])[c:18]2[n:12]1)([H:9])[H:10])[H:7])([H:4])[H:5],24,6.0625,C-N,C-N-C-C,CNCc1ccc2cccc(C)c2n1,14,2,0,neutral,2,ring_containing,2,0.2826086956521739,0.18853784103268645,whole_similarity_Q2,torsion_distance_Q1,heavy_atoms_Q2
confirmation,0262f0a8400350a085ac07f6341bf480,[C:1]([c:2]1[c:3]([H:19])[o:4][c:5]([C:6](=[C:7]([c:8]2[c:9]([H:22])[c:10]([H:23])[c:11]([H:24])[o:12]2)[H:21])[H:20])[c:13]([H:25])[c:14]1=[O:15])([H:16])([H:17])[H:18],24,8.1875,C-C,O-C-C-C,Cc1coc(C=Cc2ccco2)cc1=O,15,3,0,neutral,2,ring_containing,2,0.3137254901960784,0.3650437555432511,whole_similarity_Q3,torsion_distance_Q3,heavy_atoms_Q2
confirmation,02635d2c0cb256409a2281f35be1337c,[H:1][C:2]1([H:3])[C:4]([H:6])([H:7])[c:8]2[c:9]([o:13][n:11][c:10]2[H:12])[C:14]([H:15])([C:16](=[O:17])[N:18]2[C:19]([H:21])([H:22])[C:23]([H:24])([H:25])[N:26]([C:27]([H:35])([H:36])[H:37])[C:28]([H:29])([H:30])[C:20]2([H:31])[H:32])[C:5]1([H:33])[H:34],24,16.75,C-N,O-C-N-C,CN1CCN(C(=O)C2CCCc3cnoc32)CC1,18,5,0,neutral,3,ring_containing,1,0.2978723404255319,0.15435594241400472,whole_similarity_Q3,torsion_distance_Q1,heavy_atoms_Q3
confirmation,0265ad735e185d95a745980d4761c82f,[C:1]([N:2]([C:3](=[O:4])[C:5]1([F:6])[C:7]([H:22])([H:23])[C:8]([H:24])([H:25])[S:9](=[O:10])(=[O:11])[C:12]1([H:26])[H:27])[C:13]1([H:28])[C:14]([H:29])([H:30])[C:15]([H:31])([H:32])[N:16]([H:33])[C:17]([H:34])([H:35])[C:18]1([H:36])[H:37])([H:19])([H:20])[H:21],24,14.375,C-N,C-N-C-C,CN(C(=O)C1(F)CCS(=O)(=O)C1)C1CCNCC1,18,7,0,neutral,2,ring_containing,2,0.38181818181818183,0.3176522935783485,whole_similarity_Q4,torsion_distance_Q3,heavy_atoms_Q3
confirmation,0265ee2146ff5b13a7686bf3af08d9f2,[C:1]([N:2]([C:3]([H:16])([H:17])[H:18])[C:4](=[O:5])[C:6]1([H:19])[C:7]([H:20])([H:21])[C:8]([H:22])([H:23])[C:9]([H:24])([H:25])[C:10]([H:26])([H:27])[C:11]1([F:12])[H:28])([H:13])([H:14])[H:15],24,16.90625,C-N,C-N-C-C,CN(C)C(=O)C1CCCCC1F,12,3,0,neutral,1,ring_containing,1,0.34285714285714286,0.35318329789877606,whole_similarity_Q4,torsion_distance_Q3,heavy_atoms_Q1
confirmation,0265ffff91295d18a17e6e269e558382,[C:1]([C:2](=[O:3])[N:4]([C:5]([c:6]1[c:7]([H:22])[c:8]([H:23])[c:9]([H:24])[c:10]([H:25])[c:11]1[H:26])([c:12]1[n:13][n:14]([H:27])[n:15][n:16]1)[H:21])[H:20])([H:17])([H:18])[H:19],24,3.96875,C-C,C-C-C-N,CC(=O)NC(c1ccccc1)c1nn[nH]n1,16,6,0,neutral,2,ring_containing,3,0.32142857142857145,0.17369357182016754,whole_similarity_Q3,torsion_distance_Q1,heavy_atoms_Q2
confirmation,02676c04bc5459ffae7afe38139f21ca,[C:1]([C:2](=[O:3])[N:4]([C:5]1([H:19])[C:6]([H:20])([H:21])[C:7]([H:22])([H:23])[N:8]([C:9]([C:10]([H:24])([H:25])[H:26])=[O:11])[C:12]([H:27])([H:28])[C:13]1([F:14])[H:29])[H:18])([H:15])([H:16])[H:17],24,16.59375,C-N,C-N-C-C,CC(=O)NC1CCN(C(C)=O)CC1F,14,5,0,neutral,1,ring_containing,1,0.3333333333333333,0.2694225752483945,whole_similarity_Q3,torsion_distance_Q3,heavy_atoms_Q2
confirmation,0267814cd15f512db9e2841f51c48ed1,[C:1]([c:2]1[c:3]([H:22])[c:4]2[c:5]([n+:6]([H:23])[c:7]1[C:8]([H:24])([H:25])[H:26])[O:9][C:10]1([C:11]([H:27])([H:28])[C:12]([H:29])([H:30])[S:13][C:14]([H:31])([H:32])[C:15]1([H:33])[H:34])[C:16]([H:35])([H:36])[C:17]2=[O:18])([H:19])([H:20])[H:21],20,16.0625,C-C,C-C-C-S,Cc1cc2c([nH+]c1C)OC1(CCSCC1)CC2=O,18,4,1,positive,3,ring_containing,0,0.23333333333333334,0.4164519309581301,whole_similarity_Q1,torsion_distance_Q4,heavy_atoms_Q3
confirmation,026a4d8f9e5e5eba80f2d4758c5387c0,[C:1]([N:2]([C:6]([H:8])([H:9])[H:10])[C:7](=[O:11])[C:12]1([H:13])[C:14]([H:16])([H:17])[N:18]([C:19](=[O:21])[N:22]([C:23]([H:29])([H:30])[H:31])[C:24]([H:32])([H:33])[H:34])[C:20]([H:25])([H:26])[C:15]1([H:27])[H:28])([H:3])([H:4])[H:5],24,13.71875,C-N,C-N-C-C,CN(C)C(=O)C1CCN(C(=O)N(C)C)C1,15,5,0,neutral,1,ring_containing,1,0.43902439024390244,0.1949163860060949,whole_similarity_Q4,torsion_distance_Q2,heavy_atoms_Q2
confirmation,026c5776af94583fbd602b54a7d41e76,[C:1]([C:2](=[O:3])[C:4]1([C:5]#[N:6])[C:7]([H:34])([H:35])[N:8]([C:9]([H:36])([H:37])[H:38])[C:10]2([C:11](=[O:12])[N:13]([C:14]([H:39])([H:40])[H:41])[c:15]3[c:16]([H:42])[c:17]([H:43])[c:18]([H:44])[c:19]([H:45])[c:20]32)[C:21]12[C:22](=[O:23])[N:24]([H:46])[c:25]1[c:26]([H:47])[c:27]([H:48])[c:28]([H:49])[c:29]([H:50])[c:30]12)([H:31])([H:32])[H:33],13,18.6875,C-C,C-C-C-N,CC(=O)C1(C#N)CN(C)C2(C(=O)N(C)c3ccccc32)C12C(=O)Nc1ccccc12,30,7,0,neutral,5,ring_containing,1,0.24285714285714285,0.07136005118021983,whole_similarity_Q1,torsion_distance_Q1,heavy_atoms_Q4
confirmation,026cea2e26b352dc85542e739074f386,[C:1]([c:2]1[n:3][c:5]2[c:6]([H:8])[c:9]([C:10]([H:32])([H:33])[H:34])[c:11]([H:12])[c:13]([H:14])[c:7]2[n:4]1[C:15]([c:16]1[c:19]([H:21])[c:22]([H:23])[c:24]([H:25])[c:26]([F:27])[c:20]1[H:28])([H:17])[H:18])([H:29])([H:30])[H:31],24,4.5,C-N,C-N-C-C,Cc1ccc2c(c1)nc(C)n2Cc1cccc(F)c1,19,3,0,neutral,3,ring_containing,2,0.3103448275862069,0.1568578998328101,whole_similarity_Q3,torsion_distance_Q1,heavy_atoms_Q3
confirmation,026d67ce249c5ec7a54dd1ce1d774047,[H:1][C:2]([H:3])([C:4]([N:6]([C:9]1([H:13])[C:11]([H:15])([H:16])[C:14]([H:17])([H:18])[O:19][c:20]2[c:12]1[c:24]([H:25])[c:22]([C:23]([H:26])([H:27])[H:28])[s:21]2)[H:10])([H:7])[H:8])[H:5],23,23.8125,C-O,C-O-C-S,CCNC1CCOc2sc(C)cc21,13,3,0,neutral,2,ring_containing,2,0.25,0.3868924698802837,whole_similarity_Q1,torsion_distance_Q4,heavy_atoms_Q1
confirmation,026dc294e8d55d44bb9d3484da5700e5,[C:1]([c:2]1[c:3]([H:6])[c:5](-[c:7]2[c:9]([C:11]([H:28])([H:29])[H:30])[s:12][c:13]([C:14]([H:15])([H:16])[H:17])[c:10]2[S:18](=[O:19])(=[O:20])[N:21]([C:22]([H:31])([H:32])[H:33])[H:23])[n:8]([H:24])[n:4]1)([H:25])([H:26])[H:27],24,6.5625,other_central_bonds,C-C-S-N,CNS(=O)(=O)c1c(C)sc(C)c1-c1cc(C)n[nH]1,18,7,0,neutral,2,ring_containing,3,0.25925925925925924,0.21919193440860477,whole_similarity_Q2,torsion_distance_Q2,heavy_atoms_Q3
confirmation,026eca782a275fe9bd0ba7c32e26ec32,[O:1]=[C:2]([C:3]([N:5]1[C:8]([H:10])([H:11])[C:12]([H:13])([H:14])[c:15]2[c:16]([H:18])[c:19]([H:20])[c:21]([C:22]([H:28])([H:29])[H:30])[c:23]([H:24])[c:17]2[C:9]1=[O:25])([H:6])[H:7])[N:4]([C:26]([H:31])([H:32])[H:33])[H:27],24,9.53125,C-C,N-C-C-N,CNC(=O)CN1CCc2ccc(C)cc2C1=O,17,4,0,neutral,2,ring_containing,2,0.3888888888888889,0.09500664509868814,whole_similarity_Q4,torsion_distance_Q1,heavy_atoms_Q3
confirmation,0270a7f1bdac575a9fa5534ff478d6ae,[C:1]([C:2]([C:6]([H:9])([H:10])[H:11])([C:7]([C:12]1([H:15])[C:16]([C:19]([C:27]([H:32])([H:33])[H:34])=[O:28])=[C:18]([C:21]([H:29])([H:30])[H:31])[O:20][C:22]([H:23])([H:24])[C:17]1([H:25])[H:26])([H:13])[H:14])[H:8])([H:3])([H:4])[H:5],24,6.625,C-C,C-C-C-C,CC(=O)C1=C(C)OCCC1CC(C)C,14,2,0,neutral,1,ring_containing,3,0.25925925925925924,0.15440524705654496,whole_similarity_Q2,torsion_distance_Q1,heavy_atoms_Q2
confirmation,027109a5176f5d76b205ca9be8b806f5,[S:1]=[C:2]1[N:3]([H:5])[C:6]([C:7](=[C:10]([C:12]([H:26])([H:27])[H:28])[H:13])[H:11])([H:8])[N:9]2[N:4]1[C:23]([H:24])([H:25])[C:20]([H:21])([H:22])[C:17]([H:18])([H:19])[C:14]2([H:15])[H:16],24,20.75,C-N,C-N-C-C,CC=CC1NC(=S)N2CCCCN12,13,4,0,neutral,2,ring_containing,1,0.21739130434782608,0.2720292999984713,whole_similarity_Q1,torsion_distance_Q3,heavy_atoms_Q1
confirmation,0272b04c720f598f96899cfba6959f15,[c:1]1([H:2])[n:3][n:6]2[c:5]([n:4]1)[n:7][c:8]1[c:9]([c:11]2[N:13]2[C:14]([H:16])([H:17])[C:18]([H:19])([H:20])[N:21]([H:22])[C:23]([H:24])([H:25])[C:15]2([H:26])[H:27])[C:12]([H:28])([H:29])[C:30]([H:31])([H:32])[C:33]([H:34])([H:35])[C:10]1([H:36])[H:37],24,19.59375,C-N,N-N-C-C,c1nc2nc3c(c(N4CCNCC4)n2n1)CCCC3,19,6,0,neutral,4,ring_containing,1,0.5,0.27403760485299816,whole_similarity_Q4,torsion_distance_Q3,heavy_atoms_Q3
confirmation,0273fbe39763545c97a54ffdcfafa936,[C:1]([c:2]1[n:3][n:5]([C:6]([H:28])([H:29])[H:30])[c:7]2[c:4]1[C:9]([H:10])([H:11])[N:12]([c:13]1[c:14]([H:23])[n:20]([C:22]([H:31])([H:32])[H:33])[c:18](=[O:21])[c:16]([Cl:19])[c:15]1[H:17])[C:8]2=[O:24])([H:25])([H:26])[H:27],24,2.3125,C-N,C-N-C-C,Cc1nn(C)c2c1CN(c1cc(Cl)c(=O)n(C)c1)C2=O,20,7,0,neutral,3,ring_containing,1,0.44642857142857145,0.3146089675439424,whole_similarity_Q4,torsion_distance_Q3,heavy_atoms_Q4
confirmation,0274467b966253bc87028a35b20d6ebd,[O:1]=[C:2]([N:3]([c:5]1[c:7]([H:9])[c:10]([H:11])[c:12]2[c:13]([c:8]1[H:21])[c:18](=[O:20])[n:16]([C:19]([H:23])([H:24])[H:25])[c:15]([H:17])[n:14]2)[H:6])[O:4][C:22]([H:26])([H:27])[H:28],24,4.8125,C-N,C-N-C-C,COC(=O)Nc1ccc2ncn(C)c(=O)c2c1,17,6,0,neutral,2,ring_containing,1,0.3090909090909091,0.19052737053497207,whole_similarity_Q3,torsion_distance_Q2,heavy_atoms_Q3
confirmation,02744b7e56d353538b0ed6d56b64c122,[B:1]([c:2]1[c:3]([H:20])[c:4]([C:10]([N:11]([C:12]([C:13]([H:30])([H:31])[H:32])([H:28])[H:29])[C:14]([C:15]2([H:35])[C:16]([H:36])([H:37])[C:17]2([H:38])[H:39])([H:33])[H:34])([H:26])[H:27])[c:5]([O:8][C:9]([H:23])([H:24])[H:25])[c:6]([H:21])[c:7]1[H:22])([O:18][H:40])[O:19][H:41],24,4.625,other_central_bonds,O-B-C-C,CCN(Cc1cc(B(O)O)ccc1OC)CC1CC1,19,5,0,neutral,2,ring_containing,7,0.32075471698113206,0.14878825901330972,whole_similarity_Q3,torsion_distance_Q1,heavy_atoms_Q3
confirmation,0274b457bf1d5ae2bd187cc4b156db59,[N:1]([C:2](=[O:5])[C:6]1([H:9])[C:7]([H:11])([H:12])[C:10]([H:14])([H:15])[C:13]([H:17])([H:18])[c:16]2[c:19]([H:22])[c:21]([H:24])[c:23]([H:26])[c:25]([H:27])[c:20]2[N:8]1[C:28]([H:29])([H:30])[H:31])([H:3])[H:4],23,7.78125,C-C,N-C-C-C,CN1c2ccccc2CCCC1C(N)=O,15,3,0,neutral,2,ring_containing,1,0.3584905660377358,0.14602886019799938,whole_similarity_Q4,torsion_distance_Q1,heavy_atoms_Q2
confirmation,027507ed3dc6597dbe0b015052aead52,[C:1]([c:2]1[c:3]([H:24])[c:4]2[c:5]([c:6]([H:25])[c:7]1[C:8]([H:26])([H:27])[H:28])[C:9](=[O:10])[C:11]([O-:12])([H:29])[C:13]([c:14]1[c:15]([H:31])[c:16]([H:32])[c:17]([H:33])[c:18]([H:34])[c:19]1[H:35])([H:30])[O:20]2)([H:21])([H:22])[H:23],24,20.3125,C-C,O-C-C-O,Cc1cc2c(cc1C)C(=O)C([O-])C(c1ccccc1)O2,20,3,-1,negative,3,ring_containing,1,0.2777777777777778,0.34952854869361005,whole_similarity_Q2,torsion_distance_Q3,heavy_atoms_Q4
confirmation,02759f92c5c95c43b02ad70874f9b97c,[C:1]([c:2]1[c:3]([H:5])[n:6][n:7][c:8]([N:9]([N:10]=[C:12]([C:13](=[C:15]([C:17]([H:22])([H:23])[H:24])[H:18])[H:16])[H:14])[H:11])[n:4]1)([H:19])([H:20])[H:21],23,11.09375,C-N,N-C-N-N,CC=CC=NNc1nncc(C)n1,13,5,0,neutral,1,ring_containing,3,0.32075471698113206,0.22756480412697333,whole_similarity_Q3,torsion_distance_Q2,heavy_atoms_Q1
confirmation,027681871e00548fa37465736ce24822,[C:1]([c:2]1[c:3]([H:20])[c:4]([H:21])[c:5]([C:6](=[C:7]([C:8]2=[C:9]([H:24])[C:10]([H:25])([H:26])[N:11]([C:12]([H:27])([H:28])[H:29])[C:13]([H:30])([H:31])[C:14]2([H:32])[H:33])[H:23])[H:22])[c:15]([H:34])[c:16]1[H:35])([H:17])([H:18])[H:19],24,35.1875,C-C,C-C-C-C,Cc1ccc(C=CC2=CCN(C)CC2)cc1,16,1,0,neutral,2,ring_containing,2,0.2826086956521739,0.17450832464518118,whole_similarity_Q2,torsion_distance_Q1,heavy_atoms_Q2
confirmation,02776b16bdca51fcbb64cf88c2c4ddbe,[C:1]([c:2]1[c:3]([H:19])[c:4]2[n+:5]([H:20])[c:6]([N:7]([C:8]([H:21])([H:22])[H:23])[C:9]([H:24])([H:25])[H:26])[n:10][c:11]([H:27])[c:12]2[c:13]([C:14]([H:28])([H:29])[H:30])[n:15]1)([H:16])([H:17])[H:18],24,14.21875,C-N,N-C-N-C,Cc1cc2[nH+]c(N(C)C)ncc2c(C)n1,15,4,1,positive,2,ring_containing,1,0.4634146341463415,0.2071018154195719,whole_similarity_Q4,torsion_distance_Q2,heavy_atoms_Q2
confirmation,02786bbe74fa5d7cad6411ee56642bae,[C:1]([C:2]1=[N:3][N:4]([C:5]([H:13])([H:14])[H:15])[C:6](=[O:7])[S:8][C:9]1([H:16])[H:17])([H:10])([H:11])[H:12],19,20.0,C-N,N-N-C-S,CC1=NN(C)C(=O)SC1,9,4,0,neutral,1,ring_containing,0,0.42857142857142855,0.5040965839787438,whole_similarity_Q4,torsion_distance_Q4,heavy_atoms_Q1
confirmation,027929d57bfb5c9ea8f56afa1f6c0da5,[O:1]=[C:2]([c:3]1[n:4]([H:18])[n:5][c:6]2[c:7]1[C:8]([H:19])([H:20])[C:9]([H:21])([H:22])[C:10]([H:23])([H:24])[C:11]2([H:25])[H:26])[N:12]1[C:13]([H:27])([H:28])[C:14]([H:29])([H:30])[C:15]([H:31])([H:32])[S:16][C:17]1([H:33])[H:34],24,17.8125,C-N,O-C-N-C,O=C(c1[nH]nc2c1CCCC2)N1CCCSC1,17,5,0,neutral,3,ring_containing,1,0.39622641509433965,0.31271167904524905,whole_similarity_Q4,torsion_distance_Q3,heavy_atoms_Q3
confirmation,027a3e4b24e15de08938de118e6a63d6,[C:1]([c:2]1[c:3]2[c:5]([H:8])[c:7]([H:10])[c:9]([H:12])[c:11]([H:13])[c:6]2[c:14]([C:15]([H:27])([H:28])[H:29])[n:4]1[C:16]1([H:19])[C:17]([H:20])([H:21])[C:18]1([H:22])[H:23])([H:24])([H:25])[H:26],24,4.84375,C-N,C-N-C-C,Cc1c2ccccc2c(C)n1C1CC1,14,1,0,neutral,3,ring_containing,1,0.3,0.2295523277597507,whole_similarity_Q3,torsion_distance_Q2,heavy_atoms_Q2
confirmation,027b23dce8ea595cb4703fad4c9a3be0,[C:1]([N:2]([C:3](=[O:5])[C:6]([C:7]1([H:10])[C:11]([H:13])([H:14])[C:15]([H:16])([H:17])[C:18]([H:19])([H:20])[C:21](=[O:22])[N:12]1[H:23])([H:8])[H:9])[H:4])([H:24])([H:25])[H:26],24,5.78125,C-C,C-C-C-N,CNC(=O)CC1CCCC(=O)N1,12,4,0,neutral,1,ring_containing,2,0.3958333333333333,0.19323133349109173,whole_similarity_Q4,torsion_distance_Q2,heavy_atoms_Q1
confirmation,027cc7ef86585ad3b00fd439932db58a,[C:1]([c:2]1[n:3][c:4](-[c:5]2[o:6][c:7]([C:8]([H:26])([H:27])[H:28])[n:9][c:10]2[C:11]([H:29])([H:30])[H:31])[n:12](-[c:13]2[c:14]([H:32])[c:15]([H:33])[c:16]3[c:17]([c:18]2[H:34])[O:19][C:20]([H:35])([H:36])[O:21]3)[n:22]1)([H:23])([H:24])[H:25],24,4.6875,C-C,N-C-C-O,Cc1nc(-c2oc(C)nc2C)n(-c2ccc3c(c2)OCO3)n1,22,7,0,neutral,4,ring_containing,2,0.22727272727272727,0.3401200208269722,whole_similarity_Q1,torsion_distance_Q3,heavy_atoms_Q4
confirmation,027cf9f146ca52a6a8bd6ed52ea0f28f,[C:1]([c:2]1[c:3]([H:5])[c:6]([C:7](=[O:9])[c:10]2[c:11]([C:13]([H:31])([H:32])[H:33])[s:14][c:15]3[c:12]2[c:22]([H:23])[c:20]([H:21])[c:18]([H:19])[c:16]3[H:17])[c:8]([H:24])[c:25]([C:26]([H:34])([H:35])[H:36])[c:4]1[C:27]([H:37])([H:38])[H:39])([H:28])([H:29])[H:30],24,4.5625,C-C,C-C-C-O,Cc1cc(C(=O)c2c(C)sc3ccccc23)cc(C)c1C,21,2,0,neutral,3,ring_containing,2,0.35555555555555557,0.3816062535282641,whole_similarity_Q4,torsion_distance_Q4,heavy_atoms_Q4
confirmation,027db33c426b5bdd82c2a1eeb36d55fe,[C:1](=[C:2]1[C:3]([H:24])([H:25])[C:4]([H:26])([H:27])[C:5]2([H:28])[C:6]3([H:29])[C:7]([H:30])([H:31])[c:8]4[c:9]([H:32])[c:10]([H:33])[c:11]([C:12]([H:34])([H:35])[H:36])[c:13]5[c:14]4[C:15]2([C:16]([H:37])([H:38])[C:17]([H:39])([H:40])[N:18]3[C:19]([H:41])([H:42])[H:43])[C:20]1([H:44])[O:21]5)([H:22])[H:23],16,16.0625,C-C,C-C-C-O,C=C1CCC2C3Cc4ccc(C)c5c4C2(CCN3C)C1O5,21,2,0,neutral,5,ring_containing,0,0.3235294117647059,0.23743010174531287,whole_similarity_Q3,torsion_distance_Q2,heavy_atoms_Q4
confirmation,027e18e2bd9851f8a9a30c1bfd255365,[C:1]([c:2]1[c:3]([H:5])[c:6]([H:7])[c:8]2[c:9]([c:4]1[H:12])[N:11]([C:13]([H:36])([H:37])[H:38])[C:14](=[O:15])[C:16]([H:17])([H:18])[C:19]([H:20])([H:21])[C:10]2([C:22]([C:24]([H:27])([H:28])[H:29])([C:25]([H:30])([H:31])[H:32])[H:26])[H:23])([H:33])([H:34])[H:35],24,7.625,C-C,C-C-C-C,Cc1ccc2c(c1)N(C)C(=O)CCC2C(C)C,17,2,0,neutral,2,ring_containing,1,0.35714285714285715,0.10937632274228487,whole_similarity_Q4,torsion_distance_Q1,heavy_atoms_Q3
confirmation,027ebc76a0085f2b83147efb955c09ae,[O:1]=[S:2]1(=[O:3])[N:4]([H:12])[C:5]([H:13])([H:14])[N:6]([H:15])[c:7]2[n-:8][c:9]([H:16])[n:10][c:11]21,18,21.25,other_central_bonds,C-N-S-C,O=S1(=O)NCNc2[n-]cnc21,11,7,-1,negative,2,ring_containing,0,0.16666666666666666,1.064471780081834,whole_similarity_Q1,torsion_distance_Q4,heavy_atoms_Q1
confirmation,02806f3fd5c459139ef5ffa38f1a8e3b,[F:1][c:2]1[c:3]([H:5])[c:6]([H:7])[c:8]([H:9])[c:10]([H:11])[c:4]1[C:12]([N:13]([C:16]1([H:18])[C:19]([H:21])([H:22])[C:20]1([H:23])[H:24])[H:17])([H:14])[H:15],24,4.65625,C-N,C-C-N-C,Fc1ccccc1CNC1CC1,12,2,0,neutral,2,ring_containing,3,0.325,0.13813312171250305,whole_similarity_Q3,torsion_distance_Q1,heavy_atoms_Q1
confirmation,028111ffb3b05f199c7338316100dba8,[C:1]([C:2](=[O:3])[N:4]1[C:5]([H:16])([H:17])[C:6]([C:7]([F:8])([C:9](=[O:10])[O:11][H:20])[H:19])([H:18])[C:12]1([H:21])[H:22])([H:13])([H:14])[H:15],24,18.75,C-N,C-C-N-C,CC(=O)N1CC(C(F)C(=O)O)C1,12,5,0,neutral,1,ring_containing,2,0.2857142857142857,0.35574225945637067,whole_similarity_Q2,torsion_distance_Q3,heavy_atoms_Q1
confirmation,02817f2533c95ce7997cef394eb08239,[O:1]=[C:2]1[C:3]([H:6])([H:7])[C:5]2([H:10])[O:8][C:11]([C:12]([O:15][H:18])([c:16]3[c:19]([H:22])[c:21]([H:24])[c:23]([H:26])[c:25]([H:27])[c:20]3[H:28])[H:17])([H:14])[C:13]([H:29])([H:30])[C:9]2([H:31])[O:4]1,24,7.90625,C-C,O-C-C-C,O=C1CC2OC(C(O)c3ccccc3)CC2O1,17,4,0,neutral,3,ring_containing,2,0.2653061224489796,0.10222423042959164,whole_similarity_Q2,torsion_distance_Q1,heavy_atoms_Q3
confirmation,02822d9fc10c56cd82d237d83c19fc99,[H:1][C:2]1([H:3])[C:4]([H:6])([H:7])[O:8][C:9]([H:10])([H:11])[C:12]([H:13])([H:14])[N:5]1[c:15]1[n:16][c:18]([H:19])[c:20]([Cl:21])[c:22]([H:23])[n:17]1,24,12.75,C-N,C-N-C-N,Clc1cnc(N2CCOCC2)nc1,13,5,0,neutral,2,ring_containing,1,0.4318181818181818,0.2573604602933964,whole_similarity_Q4,torsion_distance_Q3,heavy_atoms_Q1
confirmation,0282cee6222a53e2a545a76e969b6b5a,[C:1]([C:2]([C:3]([N+:4](=[C:5]=[O:6])[Si:7]([Si:8]([C:9]([H:21])([H:22])[H:23])([C:10]([H:24])([H:25])[H:26])[C:11]([H:27])([H:28])[H:29])([H:19])[H:20])([H:17])[H:18])([H:15])[H:16])([H:12])([H:13])[H:14],24,0.625,other_central_bonds,N-Si-Si-C,CCC[N+](=C=O)[SiH2][Si](C)(C)C,11,4,1,positive,0,acyclic,4,0.2,1.250934481665326,whole_similarity_Q1,torsion_distance_Q4,heavy_atoms_Q1
confirmation,0283353fd7b95dd0ace418771f19c4d3,[C:1]([c:2]1[c:3]([H:6])[c:5]([H:8])[c:7]([C:9]([c:11]2[c:14]([H:17])[c:16]([C:18]([H:47])([H:48])[H:49])[c:19]([H:21])[c:20]([H:22])[c:15]2[O:23][H:24])([N:12]2[C:25]([H:28])([H:29])[C:27]([H:31])([H:32])[c:30]3[c:26]2[c:39]([H:41])[c:37]([H:40])[c:35]([H:38])[c:33]3[C:34]#[N:36])[H:13])[c:10]([H:42])[c:4]1[H:43])([H:44])([H:45])[H:46],24,10.875,C-C,N-C-C-C,Cc1ccc(C(c2cc(C)ccc2O)N2CCc3c(C#N)cccc32)cc1,27,3,0,neutral,4,ring_containing,3,0.25,0.24461810028066153,whole_similarity_Q1,torsion_distance_Q2,heavy_atoms_Q4
confirmation,0283afa7404c501bb7e59aef830383eb,[O:1]=[C:2]1[C:3]([H:21])=[C:4]2[C:5]([F:6])([H:22])[C:7]([H:23])([H:24])[C:8]3([H:25])[C:9]4([H:26])[C:10]([H:27])([H:28])[C:11]([H:29])([H:30])[C:12]([H:31])([H:32])[C:13]4([H:33])[C:14]([H:34])([H:35])[C:15]([H:36])([H:37])[C:16]3([F:17])[C:18]2([H:38])[C:19]([H:39])([H:40])[C:20]1([H:41])[H:42],16,13.9375,C-C,C-C-C-C,O=C1C=C2C(F)CC3C4CCCC4CCC3(F)C2CC1,20,3,0,neutral,4,ring_containing,0,0.21666666666666667,0.3769225126245223,whole_similarity_Q1,torsion_distance_Q4,heavy_atoms_Q4
confirmation,0283e5d59ffc540bb6dd11618f449f19,[B:1]([c:2]1[c:3]([H:18])[c:4]([H:19])[c:5]([N:8]([N:9]=[C:10]([C:11]#[N:12])[C:13](=[N:14][H:23])[N:15]([H:24])[H:25])[H:22])[c:6]([H:20])[c:7]1[H:21])([O:16][H:26])[O:17][H:27],24,5.78125,other_central_bonds,O-B-C-C,N#CC(=NNc1ccc(B(O)O)cc1)C(=N)N,17,8,0,neutral,1,ring_containing,4,0.2727272727272727,0.5716561243488895,whole_similarity_Q2,torsion_distance_Q4,heavy_atoms_Q3
confirmation,0283fcd4f2c559efa78bf4bd19ff682e,[C:1]([C:2](=[O:3])[N:4]([C:5]([H:19])([H:20])[H:21])[C:6]([C:7]([H:23])([H:24])[H:25])([C:8]([c:9]1[c:10]([H:28])[c:11]([H:29])[c:12]([H:30])[c:13]([H:31])[c:14]1[Br:15])([H:26])[H:27])[H:22])([H:16])([H:17])[H:18],24,11.5,C-C,C-C-C-C,CC(=O)N(C)C(C)Cc1ccccc1Br,15,3,0,neutral,1,ring_containing,3,0.325,0.2541248979473708,whole_similarity_Q3,torsion_distance_Q3,heavy_atoms_Q2
confirmation,02864a8ecab25cdc9e4f0dda80388871,[C:1]([n:2]1[c:6]([H:9])[n:8][c:10]([N+:11](=[O:12])[O-:13])[c:7]1[S:14](=[O:15])(=[O:16])[c:17]1[n:18][n:20][c:21]([C:22]([H:23])([H:24])[H:25])[s:19]1)([H:3])([H:4])[H:5],24,10.625,other_central_bonds,C-C-S-C,Cc1nnc(S(=O)(=O)c2c([N+](=O)[O-])ncn2C)s1,18,11,0,neutral,2,ring_containing,3,0.21818181818181817,0.9314328100275031,whole_similarity_Q1,torsion_distance_Q4,heavy_atoms_Q3
confirmation,02883d7d982b5b9c84675b8617527425,[C:1]([c:2]1[n:3][c:4]([C:5](=[O:6])[N:7]2[C:8]([H:23])([H:24])[C:9]([H:25])([H:26])[C:10]3([H:27])[C:11]([H:28])([H:29])[C:12]23[H:30])[c:13]([H:31])[c:14]2[c:15]([H:32])[c:16]([H:33])[c:17]([H:34])[c:18]([H:35])[c:19]12)([H:20])([H:21])[H:22],24,8.78125,C-C,C-C-C-O,Cc1nc(C(=O)N2CCC3CC32)cc2ccccc12,19,3,0,neutral,4,ring_containing,1,0.30357142857142855,0.19821220717330534,whole_similarity_Q3,torsion_distance_Q2,heavy_atoms_Q3
confirmation,0288a08484b058a6bd7710a7626ea175,[O-:1][C:2]1([H:24])[c:3]2[c:4]([H:25])[c:5]3[c:6]([H:26])[c:7]([H:27])[c:8]4[c:9]([H:28])[c:10]([H:29])[c:11]([H:30])[c:12]5[c:13]([H:31])[c:14]([H:32])[c:15]([c:16]2[C:17]2([H:33])[O:18][C:19]2([H:34])[C:20]1([O:21][H:36])[H:35])[c:22]3[c:23]45,19,20.0,C-C,C-C-C-O,[O-]C1c2cc3ccc4cccc5ccc(c2C2OC2C1O)c3c45,23,3,-1,negative,6,ring_containing,0,0.19047619047619047,0.22030244783133915,whole_similarity_Q1,torsion_distance_Q2,heavy_atoms_Q4
confirmation,0288cd97faa553a9a24b2237922b7e8f,[C:1]([c:2]1[c:3]([H:22])[c:4]([H:23])[c:5]2[c:6]([c:7]1[H:24])[N:8]([S:9](=[O:10])(=[O:11])[C:12]1([H:25])[C:13]([H:26])([H:27])[C:14]1([H:28])[H:29])[C:15]([H:30])([H:31])[C:16]([H:32])([H:33])[C:17]2=[O:18])([H:19])([H:20])[H:21],23,16.0625,other_central_bonds,C-N-S-C,Cc1ccc2c(c1)N(S(=O)(=O)C1CC1)CCC2=O,18,5,0,neutral,3,ring_containing,2,0.34615384615384615,0.24640123371946665,whole_similarity_Q4,torsion_distance_Q2,heavy_atoms_Q3
confirmation,0289cf3f00995c33806163f210eea329,[C:1]([n:2]1[c:3](=[O:4])[n:5]([H:25])[c:6]2[c:7]([H:26])[c:8]([H:27])[c:9]([H:28])[c:10]([C:11](=[O:12])[N:13]3[C:14]([H:29])([H:30])[C:15]([H:31])([H:32])[S:16][C:17]([H:33])([H:34])[C:18]34[C:19]([H:35])([H:36])[C:20]4([H:37])[H:38])[c:21]12)([H:22])([H:23])[H:24],24,20.75,C-N,O-C-N-C,Cn1c(=O)[nH]c2cccc(C(=O)N3CCSCC34CC4)c21,21,6,0,neutral,4,ring_containing,1,0.4461538461538462,0.2619536115466107,whole_similarity_Q4,torsion_distance_Q3,heavy_atoms_Q4
confirmation,028b0ae10a8e5f41b5ca930a21712fbf,[C:1]1([H:2])([H:3])[C:4]([H:6])([H:7])[N:8]([C:9]2([H:11])[C:12]([H:14])([H:15])[N:16]([H:17])[C:13]2([H:18])[H:19])[C:10]([H:20])([H:21])[C:22]([H:23])([H:24])[O:5]1,24,23.46875,C-C,N-C-C-N,C1CN(C2CNC2)CCO1,10,3,0,neutral,2,ring_containing,1,0.24324324324324326,0.15300610197775635,whole_similarity_Q1,torsion_distance_Q1,heavy_atoms_Q1
confirmation,028b2c1eb83a5d558d0132bf0ca57e70,[C:1]([Si:2]1([c:14]2[c:15]([H:41])[c:16]([H:42])[c:17]([H:43])[c:18]([H:44])[c:19]2[H:45])[C:3]([H:23])([H:24])[O:4][Si:5]([H:25])([H:26])[Si:6]([H:27])([H:28])[Si:7]1([C:8]1([H:30])[C:9]([H:31])([H:32])[C:10]([H:33])([H:34])[C:11]([H:35])([H:36])[C:12]([H:37])([H:38])[C:13]1([H:39])[H:40])[H:29])([H:20])([H:21])[H:22],24,1.125,other_central_bonds,C-Si-C-C,C[Si]1(c2ccccc2)CO[SiH2][SiH2][SiH]1C1CCCCC1,19,5,0,neutral,3,ring_containing,2,0.23076923076923078,1.3181487867578148,whole_similarity_Q1,torsion_distance_Q4,heavy_atoms_Q3
confirmation,028b8b0b33cb591ab1a375d204593f55,[H:1][C:2]1([H:3])[C:4]([H:6])([H:7])[C:8]([H:9])([H:10])[C:11]2([H:12])[C:13]([H:15])([O:5]1)[C:16]([H:17])([H:18])[O:19][C:20]([H:21])([H:22])[C:23]([H:24])([H:25])[C:26]([H:27])([H:28])[N:14]2[C:29]([c:30]1[c:33]([H:35])[c:36]([H:37])[c:38]([Cl:39])[c:40]([H:41])[c:34]1[H:42])([H:31])[H:32],24,5.875,C-N,C-N-C-C,Clc1ccc(CN2CCCOCC3OCCCC32)cc1,20,4,0,neutral,3,ring_containing,2,0.24528301886792453,0.26508124066090877,whole_similarity_Q1,torsion_distance_Q3,heavy_atoms_Q4
confirmation,028b9d9035d95216b2e9ff9b11b56648,[H:1][C:2]1([H:3])[C:4]([H:6])([H:7])[O:8][C:5]1([C:9]([O:11][H:14])([H:12])[H:13])[H:10],24,4.734375,C-O,C-C-O-H,OCC1CCO1,6,2,0,neutral,1,ring_containing,1,0.2727272727272727,0.7201690237058235,whole_similarity_Q2,torsion_distance_Q4,heavy_atoms_Q1
confirmation,028d4fe1828151a9807376683b36af8d,[C:1]([n:2]1[n:3][c:4]([H:22])[c:5]2[c:6]([H:23])[c:7]([C:8](=[O:9])[N:10]3[C:11]([H:24])([H:25])[C:12]([H:26])([H:27])[C:13]4([H:28])[C:14]([H:29])([H:30])[C:15]34[H:31])[c:16]([H:32])[n:17][c:18]12)([H:19])([H:20])[H:21],24,19.21875,C-N,O-C-N-C,Cn1ncc2cc(C(=O)N3CCC4CC43)cnc21,18,5,0,neutral,4,ring_containing,1,0.26229508196721313,0.15788207491071873,whole_similarity_Q2,torsion_distance_Q1,heavy_atoms_Q3
confirmation,028d56a5eaab5e9e9e7cbbd8bbfb6e59,[O:1]=[C:2]([c:3]1[c:4]([H:20])[n:5]([H:21])[c:6]2[c:7]([H:22])[c:8]([H:23])[c:9]([H:24])[n:10][c:11]12)[N:12]1[C:13]([H:25])([H:26])[C:14]([H:27])([H:28])[C:15]([F:16])([F:17])[C:18]([H:29])([H:30])[C:19]1([H:31])[H:32],23,8.875,C-C,O-C-C-C,O=C(c1c[nH]c2cccnc12)N1CCC(F)(F)CC1,19,6,0,neutral,3,ring_containing,1,0.3088235294117647,0.33357410043677677,whole_similarity_Q3,torsion_distance_Q3,heavy_atoms_Q3
confirmation,028dad9e2ec95dc08541de53a61c4cbc,[C:1]([C:2](=[O:3])[N:4]1[C:5]([H:7])([H:8])[C:9]([H:10])([H:11])[C:12]([O:13][c:16]2[n:17][c:19]([C:20]([H:33])([H:34])[H:35])[c:21]([H:22])[c:23](=[O:24])[n:18]2[C:25]([H:36])([H:37])[H:38])([H:14])[C:15]([H:26])([H:27])[C:6]1([H:28])[H:29])([H:30])([H:31])[H:32],24,17.875,C-N,N-C-N-C,CC(=O)N1CCC(Oc2nc(C)cc(=O)n2C)CC1,19,6,0,neutral,2,ring_containing,2,0.3148148148148148,0.19145351109276548,whole_similarity_Q3,torsion_distance_Q2,heavy_atoms_Q3
confirmation,028e52ad603953cf84eab90a965be109,[C:1]([C:2]([C:6]([N:9]([H:11])[H:12])=[O:10])([C:7]([N:13]([H:16])[H:17])([c:14]1[c:18]([H:20])[n:21]2[c:22]([H:24])[c:25]([C:26]([H:31])([H:32])[H:33])[c:27]([H:28])[c:29]([H:30])[c:23]2[n:19]1)[H:15])[H:8])([H:3])([H:4])[H:5],24,10.96875,C-C,C-C-C-N,Cc1ccc2nc(C(N)C(C)C(N)=O)cn2c1,17,5,0,neutral,2,ring_containing,3,0.30612244897959184,0.16458186032121147,whole_similarity_Q3,torsion_distance_Q1,heavy_atoms_Q3
confirmation,028eff0874765d1c8287e47d534db0d1,[C:1]([O:2][C:3](=[O:4])[C:5](=[C:6]([c:8]1[c:10]([H:12])[n:13]([H:14])[c:15]2[c:11]1[c:22]([H:23])[c:20]([C:21]([H:30])([H:31])[H:32])[c:18]([H:19])[c:16]2[H:17])[H:9])[C:7](=[O:24])[O:25][C:26]([H:33])([H:34])[H:35])([H:27])([H:28])[H:29],24,32.5625,C-C,C-C-C-C,COC(=O)C(=Cc1c[nH]c2ccc(C)cc12)C(=O)OC,20,5,0,neutral,2,ring_containing,3,0.3389830508474576,0.21850130569666432,whole_similarity_Q3,torsion_distance_Q2,heavy_atoms_Q4
confirmation,028f2c02835f5a239a41bc48f4c51d02,[C:1]([N:2]1[C:3](=[O:4])[C:5]23[C:6]([H:27])([H:28])[C:7]4([H:29])[C:8](=[O:9])[C:10]5=[C:11]([C:12]([H:30])([H:31])[C:13]4([H:32])[N:14]2[C:15](=[O:16])[C:17]1([H:33])[S:18][S:19][S:20]3)[O:21][C:22]([H:34])([H:35])[C:23]5([H:36])[H:37])([H:24])([H:25])[H:26],13,16.125,C-C,C-C-C-C,CN1C(=O)C23CC4C(=O)C5=C(CC4N2C(=O)C1SSS3)OCC5,23,9,0,neutral,6,ring_containing,0,0.17333333333333334,0.5360755143751856,whole_similarity_Q1,torsion_distance_Q4,heavy_atoms_Q4
confirmation,0290d126f5f15649939be4cc200bb3e7,[H:1][C:2]([N:3]([C:6](=[O:8])[N:9]([C:10]([H:26])([H:27])[H:28])[H:11])[C:7]1([H:12])[C:13]([H:15])([H:16])[C:17]([H:18])([H:19])[C:20]2([H:21])[C:14]1([H:25])[C:22]2([H:23])[H:24])([H:4])[H:5],13,20.1875,C-C,C-C-C-C,CNC(=O)N(C)C1CCC2CC21,12,3,0,neutral,2,ring_containing,1,0.275,0.12831897048848764,whole_similarity_Q2,torsion_distance_Q1,heavy_atoms_Q1
confirmation,02915409adf853589eac113977fea9bb,[C:1]([O:2][C:3](=[O:4])[O:5][c:6]1[c:7]([H:10])[c:9]([Br:11])[c:12]([H:14])[n:13][c:8]1[I:15])([H:16])([H:17])[H:18],18,6.5,C-O,O-C-O-C,COC(=O)Oc1cc(Br)cnc1I,13,6,0,neutral,1,ring_containing,1,0.3829787234042553,0.5936708513687209,whole_similarity_Q4,torsion_distance_Q4,heavy_atoms_Q1
confirmation,02923c8a687f5cd19c4343dc2418db51,[C:1]([C:2](=[O:3])[N:4]1[C:5]([H:21])([H:22])[C:6]([H:23])([H:24])[C:7]([N:8]([C:9](=[O:10])[c:11]2[o:12][c:13]([H:27])[c:14]([H:28])[c:15]2[Br:16])[H:26])([H:25])[C:17]1([H:29])[H:30])([H:18])([H:19])[H:20],24,18.375,C-N,C-C-N-C,CC(=O)N1CCC(NC(=O)c2occc2Br)C1,17,6,0,neutral,2,ring_containing,2,0.48214285714285715,0.24911407946570055,whole_similarity_Q4,torsion_distance_Q2,heavy_atoms_Q3
confirmation,02925ac392f2575181c745b995f77ed8,[C:1]1([H:12])([H:13])[C:2]([H:14])([H:15])[O:3][C:4]2([C:5]1([H:16])[H:17])[C:6]([H:18])([H:19])[N+:7]([H:20])([H:21])[C:8]([H:22])([H:23])[C:9]([H:24])([H:25])[O:10][C:11]2([H:26])[H:27],24,17.6875,C-C,C-C-C-O,C1COC2(C1)C[NH2+]CCOC2,11,3,1,positive,2,ring_containing,0,0.22727272727272727,0.2235121840447963,whole_similarity_Q1,torsion_distance_Q2,heavy_atoms_Q1
confirmation,02930369ec5f5412bc70e40a765ce78e,[C:1]([n:2]1[c:3]([H:20])[c:4]([C:5](=[O:6])[N:7]2[C:8]([H:21])([H:22])[C:9]([H:23])([H:24])[C:10]3([H:25])[C:11]([H:26])([H:27])[C:12]23[H:28])[c:13]([H:29])[c:14]([H:30])[c:15]1=[O:16])([H:17])([H:18])[H:19],24,4.34375,C-C,C-C-C-O,Cn1cc(C(=O)N2CCC3CC32)ccc1=O,16,4,0,neutral,3,ring_containing,1,0.3064516129032258,0.20045467942075035,whole_similarity_Q3,torsion_distance_Q2,heavy_atoms_Q2
confirmation,02934a20517751469ce06aa910ce868b,[C:1]([c:2]1[n:3][c:5](-[c:6]2[c:8]([H:10])[n:11][c:12]([H:13])[c:14]([H:15])[n:9]2)[c:7]2[c:16]([C:18]([H:28])([H:29])[H:30])[c:19]([C:20]#[N:22])[c:21]([C:23]([H:31])([H:32])[H:33])[n:24][c:17]2[n:4]1)([H:25])([H:26])[H:27],24,16.8125,C-C,C-C-C-C,Cc1nc(-c2cnccn2)c2c(C)c(C#N)c(C)nc2n1,21,6,0,neutral,3,ring_containing,1,0.30357142857142855,0.1867948690054105,whole_similarity_Q3,torsion_distance_Q1,heavy_atoms_Q4
confirmation,0294839c973d57ea9a39b0f9bf5962a7,[C:1]([N:2]([C:3]([H:15])([H:16])[H:17])[C:4](=[O:5])[C:6]([C:7]1([H:20])[C:8]([H:21])([H:22])[C:9]([H:23])([H:24])[S:10][C:11]1([H:25])[H:26])([H:18])[H:19])([H:12])([H:13])[H:14],24,15.5625,C-N,C-N-C-C,CN(C)C(=O)CC1CCSC1,11,3,0,neutral,1,ring_containing,2,0.3333333333333333,0.29673060653191086,whole_similarity_Q3,torsion_distance_Q3,heavy_atoms_Q1
confirmation,0295901f309957dc8a5eff2dd183829f,[C:1]([N:2]([C:3]([H:26])([H:27])[H:28])[C:4](=[O:5])[N:6]([C:7]([C:9](=[O:12])[H:13])([C:10]([C:14]([H:17])([H:18])[H:19])([C:15]([H:20])([H:21])[H:22])[H:16])[H:11])[H:8])([H:23])([H:24])[H:25],24,6.03125,C-C,C-C-C-C,CC(C)C(C=O)NC(=O)N(C)C,12,4,0,neutral,0,acyclic,3,0.2972972972972973,0.1596622084280856,whole_similarity_Q3,torsion_distance_Q1,heavy_atoms_Q1
confirmation,0296469fbe085696abdafad4271eb9a2,[O:1]=[S:2](=[O:3])([Cl:4])[C:5]([C:6]([N:9]1[C:12]([H:15])([H:16])[C:14]([H:18])([H:19])[C:17]([H:21])([H:22])[C:20]([H:23])([H:24])[C:13]1([H:25])[H:26])([H:10])[H:11])([H:7])[H:8],24,5.3125,C-C,S-C-C-N,O=S(=O)(Cl)CCN1CCCCC1,12,5,0,neutral,1,ring_containing,3,0.35294117647058826,0.6145612083058143,whole_similarity_Q4,torsion_distance_Q4,heavy_atoms_Q1
confirmation,0296dfbc06d35bfd9ad08ac196c27e60,[O:1]=[C:2]1[N:3]([H:5])[c:6]2[c:7]([H:9])[c:10]([H:11])[c:12]([C:13](=[O:15])[O:16][H:17])[c:14]([H:18])[c:8]2[C:4]1=[C:19]([C:20]([H:22])([H:23])[H:24])[C:21]([H:25])([H:26])[H:27],24,12.71875,C-O,O-C-O-H,CC(C)=C1C(=O)Nc2ccc(C(=O)O)cc21,16,4,0,neutral,2,ring_containing,1,0.4166666666666667,0.3699991880787453,whole_similarity_Q4,torsion_distance_Q4,heavy_atoms_Q2
confirmation,02978ed9988f58b2a1c8f8e1ad134f7b,[C:1]([O:2][C:3](=[O:4])[c:5]1[c:6]([C:8]([H:41])([H:42])[H:43])[c:9]([H:10])[c:11]2[c:12]([H:14])[c:15]3[c:16]([c:18]([C:20]([H:44])([H:45])[H:46])[c:13]2[c:7]1[C:21]([H:47])([H:48])[H:49])[C:19](=[O:22])[C:23]1([H:50])[C:24](=[O:26])[C:27]([H:28])=[C:29]([O:30][C:32]([H:51])([H:52])[H:53])[C:31]([O:33][C:34](=[O:35])[C:36]([H:54])([H:55])[H:56])=[C:25]1[C:17]3=[O:37])([H:38])([H:39])[H:40],24,12.875,C-O,C-O-C-O,COC(=O)c1c(C)cc2cc3c(c(C)c2c1C)C(=O)C1C(=O)C=C(OC)C(OC(C)=O)=C1C3=O,34,8,0,neutral,4,ring_containing,3,0.23076923076923078,0.4002797164731016,whole_similarity_Q1,torsion_distance_Q4,heavy_atoms_Q4
confirmation,02990d9c5bad593794e47bd3b8882875,[C:1]([c:2]1[c:3]([H:6])[c:5]2[n:7][c:9]([N:10]([C:12]([H:30])([H:31])[H:32])[C:13]([H:33])([H:34])[H:35])[c:11]([C:14]([N:16]([C:19]([H:36])([H:37])[H:38])[C:20](=[O:21])[C:22]([H:39])([H:40])[H:41])([H:17])[H:18])[c:15]([H:23])[c:8]2[c:24]([C:25]([H:42])([H:43])[H:44])[c:4]1[C:26]([H:45])([H:46])[H:47])([H:27])([H:28])[H:29],24,6.625,C-C,C-C-C-N,CC(=O)N(C)Cc1cc2c(C)c(C)c(C)cc2nc1N(C)C,22,4,0,neutral,2,ring_containing,3,0.26785714285714285,0.21675802657140744,whole_similarity_Q2,torsion_distance_Q2,heavy_atoms_Q4
confirmation,02996fab9d405954a96d3caa1657e62f,[C:1]([N:2]1[C:3](=[O:4])[N:5]2[C:6]([H:22])([H:23])[C:7]([H:24])([H:25])[C:8]([H:26])([H:27])[C:9]([H:28])([H:29])[C:10]([H:30])([H:31])[C:11]2([H:32])[c:12]2[c:13]1[n:14][c:15]([H:33])[n+:16]([H:34])[c:17]2[N:18]([H:35])[H:36])([H:19])([H:20])[H:21],22,14.375,C-C,C-C-C-C,CN1C(=O)N2CCCCCC2c2c1nc[nH+]c2N,18,6,1,positive,3,ring_containing,0,0.25806451612903225,0.12702495382292175,whole_similarity_Q2,torsion_distance_Q1,heavy_atoms_Q3
confirmation,0299d36caddc5111859e23decf6d6137,[C:1]([S:2][C:3]([c:4]1[c:7]([H:9])[c:10]([H:11])[c:12]([H:13])[c:14]([H:15])[c:8]1[H:16])([c:5]1[c:17]([H:19])[c:20]([H:21])[c:22]([H:23])[c:24]([H:25])[c:18]1[H:26])[c:6]1[c:27]([H:29])[c:30]([H:31])[c:32]([H:33])[s:28]1)([H:34])([H:35])[H:36],24,1.875,C-C,C-C-C-C,CSC(c1ccccc1)(c1ccccc1)c1cccs1,20,2,0,neutral,3,ring_containing,4,0.24390243902439024,0.3473645608904781,whole_similarity_Q1,torsion_distance_Q3,heavy_atoms_Q4
confirmation,029a90e4dd5d5a6d8fa40d71cdb8c618,[c:1]1([H:4])[n:2][c:5]([C:6]([N:8]2[C:11]([H:14])([H:15])[C:13]([H:17])([H:18])[O:16][C:19]3([H:21])[C:12]2([H:33])[C:28]([H:31])([H:32])[C:25]([H:29])([H:30])[C:22]([H:26])([H:27])[C:20]3([H:23])[H:24])([H:9])[H:10])[c:7]([H:34])[s:3]1,24,11.0,C-N,C-C-N-C,c1nc(CN2CCOC3CCCCC32)cs1,16,4,0,neutral,3,ring_containing,2,0.3125,0.16553664768124338,whole_similarity_Q3,torsion_distance_Q1,heavy_atoms_Q2
confirmation,029b57b92a9b57a2aaa143168035eaf9,[C:1]([C:2](=[O:3])[O:4][C:5]([C:6]1([H:18])[C:7]([H:19])([H:20])[N:8]([H:21])[C:9](=[O:10])[C:11]([H:22])([H:23])[O:12]1)([H:16])[H:17])([H:13])([H:14])[H:15],24,5.03125,C-C,O-C-C-O,CC(=O)OCC1CNC(=O)CO1,12,5,0,neutral,1,ring_containing,2,0.2653061224489796,0.2882898317308229,whole_similarity_Q2,torsion_distance_Q3,heavy_atoms_Q1
confirmation,029b5b6e5b9a5db5bbafcf9377012f09,[C:1]([N:2]([C:3](=[O:4])[N:5]([C:6]([c:7]1[c:8]([H:23])[c:9]([H:24])[c:10]([C:11]([H:25])([H:26])[H:27])[c:12]([C:13]([H:28])([H:29])[H:30])[c:14]1[F:15])([H:21])[H:22])[H:20])[H:19])([H:16])([H:17])[H:18],24,4.5,C-C,N-C-C-C,CNC(=O)NCc1ccc(C)c(C)c1F,15,4,0,neutral,1,ring_containing,2,0.3695652173913043,0.2213838755397738,whole_similarity_Q4,torsion_distance_Q2,heavy_atoms_Q2
confirmation,029c975cf5555a4aa10de82a98660666,[C:1]([O:2][C:3]1([c:4]2[n:5][c:6]([H:25])[c:7]([F:8])[c:9]([H:26])[c:10]2[C:11]([H:27])([H:28])[H:29])[C:12]([H:30])=[C:13]([C:14]#[N:15])[C:16](=[O:17])[C:18]2([C:19]([H:31])([H:32])[C:20]2([H:33])[H:34])[C:21]1([H:35])[H:36])([H:22])([H:23])[H:24],22,19.5625,C-N,C-C-N-C,COC1(c2ncc(F)cc2C)C=C(C#N)C(=O)C2(CC2)C1,21,5,0,neutral,3,ring_containing,2,0.234375,0.27358660354503733,whole_similarity_Q1,torsion_distance_Q3,heavy_atoms_Q4
confirmation,029cdb2c68535ff8ab17d13c6a68acce,[H:1][C:2]1([H:3])[C:4]([H:6])([H:7])[O:8][P:9](=[O:10])([C:11]([c:13]2[c:16]([H:18])[c:19]([H:20])[n:21][c:22]([H:23])[c:17]2[H:24])([P:14]2(=[O:25])[O:26][C:28]([H:29])([H:30])[C:31]([H:32])([H:33])[C:34]([H:35])([H:36])[O:27]2)[H:15])[O:12][C:5]1([H:37])[H:38],24,6.625,other_central_bonds,C-C-P-O,O=P1(C(c2ccncc2)P2(=O)OCCCO2)OCCCO1,21,9,0,neutral,3,ring_containing,3,0.2727272727272727,1.5161167932509152,whole_similarity_Q2,torsion_distance_Q4,heavy_atoms_Q4
confirmation,029eab7654fe509f8ce0ab274d7c8c2f,[C:1]([C:2]([C:3]([N:4]([C:5]([C:6]([C:7]([H:26])([H:27])[H:28])([H:24])[H:25])([H:22])[H:23])[C:8]([C:9]([Si:10]([H:31])([H:32])[H:33])([H:29])[H:30])([N:11]([C:12]([H:35])([H:36])[H:37])[H:34])[N:13]([C:14]([H:39])([H:40])[H:41])[H:38])([H:20])[H:21])([H:18])[H:19])([H:15])([H:16])[H:17],24,9.5,C-C,N-C-C-Si,CCCN(CCC)C(C[SiH3])(NC)NC,14,4,0,neutral,0,acyclic,8,0.15151515151515152,0.5526883626255102,whole_similarity_Q1,torsion_distance_Q4,heavy_atoms_Q2
confirmation,029ef4582d875eaa9b7654aad3d1ace1,[C:1]([O:2][C:3](=[O:4])[N-:5][C:6]([C:7]([N:8]([C:9]([C:10]([H:23])([H:24])[H:25])=[O:11])[H:22])([C:12](=[O:13])[O:14][C:15]([H:26])([H:27])[H:28])[H:21])([H:19])[H:20])([H:16])([H:17])[H:18],24,11.875,C-C,N-C-C-N,COC(=O)[N-]CC(NC(C)=O)C(=O)OC,15,7,-1,negative,0,acyclic,4,0.28205128205128205,0.3870878740162806,whole_similarity_Q2,torsion_distance_Q4,heavy_atoms_Q2
confirmation,029f3d8a331d51649378153ab6efa61a,[C:1]([O:2][c:3]1[c:4]([H:31])[c:5]2[c:6]([c:7]([C:8]([H:32])([H:33])[H:34])[c:9]1[C:10]([H:35])([H:36])[H:37])-[c:11]1[c:12]([C:13]([H:38])([H:39])[H:40])[c:14]([C:15]([H:41])([H:42])[H:43])[c:16]([H:44])[c:17]3[c:18]1[C:19]([H:45])([C:20]([H:46])([H:47])[C:21]2([H:48])[H:49])[N:22]([C:23]([C:24]([H:50])([H:51])[H:52])=[O:25])[C:26]([H:53])=[C:27]3[H:54])([H:28])([H:29])[H:30],14,19.6875,C-N,C-N-C-C,COc1cc2c(c(C)c1C)-c1c(C)c(C)cc3c1C(CC2)N(C(C)=O)C=C3,27,3,0,neutral,4,ring_containing,1,0.2647058823529412,0.1596622084280856,whole_similarity_Q2,torsion_distance_Q1,heavy_atoms_Q4
confirmation,02a06f39e398564e935209479d14f331,[C:1]([C:2]1=[C:3]([O:5][C:7]([H:35])([H:36])[H:37])[C:6]([H:33])([H:34])[C:8](=[O:9])[C:10](=[C:11]([O:12][H:14])[C:13](=[C:15]([c:17]2[c:19]([H:22])[c:21]([H:24])[c:23]([H:26])[c:25]([H:27])[c:20]2[H:28])[H:18])[H:16])[C:4]1=[O:29])([H:30])([H:31])[H:32],24,11.0,C-C,O-C-C-C,COC1=C(C)C(=O)C(=C(O)C=Cc2ccccc2)C(=O)C1,21,4,0,neutral,2,ring_containing,3,0.42857142857142855,0.3703391745067352,whole_similarity_Q4,torsion_distance_Q4,heavy_atoms_Q4
confirmation,02a1e694d6f150cb96e439f2997e97b5,[C:1]([c:2]1[n:3]([H:21])[n:4][c:5]2[c:6]([H:22])[c:7]([H:23])[n+:8]([H:24])[c:9](-[c:10]3[c:11]([H:25])[c:12]([H:26])[c:13]([H:27])[c:14]([Cl:15])[c:16]3[H:28])[c:17]12)([H:18])([H:19])[H:20],24,8.4375,C-C,C-C-C-C,Cc1[nH]nc2cc[nH+]c(-c3cccc(Cl)c3)c12,17,4,1,positive,3,ring_containing,1,0.23636363636363636,0.26120483756070434,whole_similarity_Q1,torsion_distance_Q3,heavy_atoms_Q3
confirmation,02a238cb40c85ddf82a51557efbc93de,[C:1]([N:2]([C:3](=[O:4])[C:5]([C:6]([H:21])([H:22])[H:23])([C:7]([H:24])([H:25])[H:26])[C:8]([c:9]1[c:10]([H:29])[c:11]([H:30])[c:12]([C:13]([H:31])([H:32])[H:33])[c:14]([C:15]([H:34])([H:35])[H:36])[c:16]1[H:37])([H:27])[H:28])[H:20])([H:17])([H:18])[H:19],24,5.90625,C-C,C-C-C-C,CNC(=O)C(C)(C)Cc1ccc(C)c(C)c1,16,2,0,neutral,1,ring_containing,3,0.3269230769230769,0.14050878202184333,whole_similarity_Q3,torsion_distance_Q1,heavy_atoms_Q2
confirmation,02a2f3973916513397a9f4d4bcee2a04,[O:1]=[C:2]1[C:3]([F:5])=[C:6]([N:7]2[C:9]([H:11])([H:12])[C:10]2([H:13])[H:14])[C:8](=[O:15])[C:16]([F:17])=[C:4]1[N:18]1[C:19]([H:21])([H:22])[C:20]1([H:23])[H:24],24,9.4375,C-N,C-C-N-C,O=C1C(F)=C(N2CC2)C(=O)C(F)=C1N1CC1,16,6,0,neutral,3,ring_containing,2,0.19047619047619047,0.45648489015903354,whole_similarity_Q1,torsion_distance_Q4,heavy_atoms_Q2
confirmation,02a36cf9e19a57bcae227a945b5149ab,[H:1][C:2]1([H:3])[C:4]([H:6])([H:7])[c:8]2[c:9]([C:11]#[N:13])[c:12]([C:14]([H:38])([H:39])[H:40])[n:15][c:16]([N:17]3[C:18]([H:20])([H:21])[C:22]([H:23])([H:24])[C:25]([H:26])([H:27])[N:28]([H:29])[C:30]([H:31])([H:32])[C:19]3([H:33])[H:34])[c:10]2[C:35]([H:36])([H:37])[O:5]1,24,9.25,C-N,N-C-N-C,Cc1nc(N2CCCNCC2)c2c(c1C#N)CCOC2,20,5,0,neutral,3,ring_containing,1,0.2833333333333333,0.24626347636715218,whole_similarity_Q2,torsion_distance_Q2,heavy_atoms_Q4
confirmation,02a4b75c58c956ecb929a69262066d92,[C:1]([O:2][c:3]1[c:4]([H:22])[c:5]([H:23])[c:6]([H:24])[c:7]([C:8]([H:25])([H:26])[H:27])[c:9]1[C:10](=[N:11][N:12]([C:13]([C:14]([H:29])([H:30])[H:31])=[O:15])[C:16]([C:17]([H:32])([H:33])[H:34])=[O:18])[H:28])([H:19])([H:20])[H:21],24,6.0625,C-O,C-O-C-C,COc1cccc(C)c1C=NN(C(C)=O)C(C)=O,18,5,0,neutral,1,ring_containing,3,0.3902439024390244,0.16976266445925756,whole_similarity_Q4,torsion_distance_Q1,heavy_atoms_Q3
confirmation,02a64bb7b52b5658bb246275b4d17c9d,[C:1]([O:2][C:3](=[O:4])[N:5]1[C:6]([H:9])([H:10])[C:8]([H:12])([H:13])[C:11]([H:15])([H:16])[C:14]([H:17])([H:18])[C:7]1([C:19](=[O:21])[C:22]([F:23])([F:24])[F:25])[H:20])([H:26])([H:27])[H:28],24,8.0,C-C,C-C-C-C,COC(=O)N1CCCCC1C(=O)C(F)(F)F,16,7,0,neutral,1,ring_containing,1,0.5,0.4361634393237577,whole_similarity_Q4,torsion_distance_Q4,heavy_atoms_Q2
confirmation,02a694468b6f5647b226529087443fa0,[O:1]=[S:2]1(=[O:3])[C:4]([H:19])([H:20])[C:5]([H:21])([H:22])[C:6]([H:23])([H:24])[C:7]1([C:8]([N:9]1[C:10]([H:28])([H:29])[C:11]2([H:30])[C:12]([H:31])([H:32])[C:13]([H:33])([H:34])[S:14](=[O:15])(=[O:16])[C:17]2([H:35])[C:18]1([H:36])[H:37])([H:26])[H:27])[H:25],24,8.0625,C-C,S-C-C-N,O=S1(=O)CCCC1CN1CC2CCS(=O)(=O)C2C1,18,7,0,neutral,3,ring_containing,2,0.3829787234042553,0.4017335581509945,whole_similarity_Q4,torsion_distance_Q4,heavy_atoms_Q3
confirmation,02a6d6fb8f2e5ffdad1c07f80d93e179,[C:1]([N:2]([C:3]([H:18])([H:19])[H:20])[N:4]1[C:5](=[O:6])[C:7]([H:21])([H:22])[C:8]([H:23])([H:24])[C:9]([H:25])([H:26])[C:10]1([C:11]#[N:12])[C:13]#[N:14])([H:15])([H:16])[H:17],21,19.0625,C-C,C-C-C-C,CN(C)N1C(=O)CCCC1(C#N)C#N,14,5,0,neutral,1,ring_containing,1,0.23404255319148937,0.16185675157821125,whole_similarity_Q1,torsion_distance_Q1,heavy_atoms_Q2
confirmation,02a79bcc7f755d2b9e3d262cbc73af8b,[O-:1][S+:2]1[C:3]([H:16])([H:17])[C:4]([H:18])([H:19])[N:5]([C:6]2([H:20])[C:7]([H:21])([H:22])[C:8]([H:23])([H:24])[O:9][C:10]2([H:25])[H:26])[C:11]([H:27])([H:28])[C:12]12[C:13]([H:29])([H:30])[C:14]([H:31])([H:32])[C:15]2([H:33])[H:34],24,6.25,C-N,C-N-C-C,[O-][S+]1CCN(C2CCOC2)CC12CCC2,15,4,0,neutral,3,ring_containing,1,0.2,0.27115838160324934,whole_similarity_Q1,torsion_distance_Q3,heavy_atoms_Q2
confirmation,02a8cb2f8e4e57cc905b9d839ab5a540,[C:1]([c:2]1[c:3]([H:6])[c:5]([O:7][C:9]([H:10])([H:11])[H:12])[c:8](-[c:13]2[n:15][n:17]([C:18]([H:27])([H:28])[H:29])[c:19]([H:20])[c:16]2[C:21]([H:30])([H:31])[H:32])[c:14]([H:22])[c:4]1[C:23]([H:33])([H:34])[H:35])([H:24])([H:25])[H:26],24,4.78125,C-O,C-C-O-C,COc1cc(C)c(C)cc1-c1nn(C)cc1C,17,3,0,neutral,2,ring_containing,2,0.2972972972972973,0.2156586721707838,whole_similarity_Q3,torsion_distance_Q2,heavy_atoms_Q3
confirmation,02a8f275a269511dabb6f69fb8b41d81,[H:1][C:2]([H:3])([C:4]([N:6]1[C:9](=[O:11])[C:12](=[C:13]([C:15](=[O:17])[N:18]([C:19]([H:29])([H:30])[H:31])[C:20]([H:32])([H:33])[H:34])[H:16])[c:14]2[c:10]1[c:27]([F:28])[c:25]([H:26])[c:23]([H:24])[c:21]2[H:22])([H:7])[H:8])[H:5],24,8.625,C-N,C-C-N-C,CCN1C(=O)C(=CC(=O)N(C)C)c2cccc(F)c21,19,5,0,neutral,2,ring_containing,2,0.2413793103448276,0.19162612949035648,whole_similarity_Q1,torsion_distance_Q2,heavy_atoms_Q3
confirmation,02a967879d0255e484c4cff2ac21b159,[C:1]([C:2](=[O:3])[N:4]1[C:5]([H:25])([H:26])[C:6]([H:27])([H:28])[C:7]([N:8]([C:9](=[O:10])[C:11]23[O:12][C:13]([H:31])([H:32])[C:14]([H:33])([H:34])[C:15]([H:35])([H:36])[C:16]2([H:37])[C:17]3([F:18])[F:19])[H:30])([H:29])[C:20]([H:38])([H:39])[C:21]1([H:40])[H:41])([H:22])([H:23])[H:24],24,18.75,C-N,C-C-N-C,CC(=O)N1CCC(NC(=O)C23OCCCC2C3(F)F)CC1,21,7,0,neutral,3,ring_containing,2,0.45614035087719296,0.20179507754360798,whole_similarity_Q4,torsion_distance_Q2,heavy_atoms_Q4
confirmation,02aa1412886c57978d5abeea1e91ce07,[C:1]([N-:2][C:3](=[O:4])[c:5]1[c:6]([H:20])[n:7][c:8]2[c:9]([c:10]1[H:21])[N:11]([H:22])[C:12](=[O:13])[C:14]([H:23])([H:24])[N:15]2[C:16]([H:25])([H:26])[H:27])([H:17])([H:18])[H:19],24,27.84375,C-N,C-N-C-O,C[N-]C(=O)c1cnc2c(c1)NC(=O)CN2C,16,6,-1,negative,2,ring_containing,1,0.3404255319148936,0.22885147808704354,whole_similarity_Q3,torsion_distance_Q2,heavy_atoms_Q2
confirmation,02aa591682e25092ac3d90f864c51317,[C:1]([c:2]1[c:3]([H:30])[c:4]([H:31])[c:5]([C:6](=[O:7])[N:8]([C:9]([H:32])([H:33])[H:34])[C:10]2([H:35])[C:11]([H:36])([H:37])[C:12]([H:38])([H:39])[N:13]([C:14](=[O:15])[C:16]3=[C:17]([Cl:18])[C:19]([H:40])([H:41])[C:20]3([H:42])[H:43])[C:21]([H:44])([H:45])[C:22]2([H:46])[H:47])[c:23]([H:48])[c:24]1[C:25]#[N:26])([H:27])([H:28])[H:29],23,15.3125,C-N,C-N-C-C,Cc1ccc(C(=O)N(C)C2CCN(C(=O)C3=C(Cl)CC3)CC2)cc1C#N,26,6,0,neutral,3,ring_containing,3,0.4225352112676056,0.3372847384392732,whole_similarity_Q4,torsion_distance_Q3,heavy_atoms_Q4
confirmation,02ab0df16bfb590ca3549fc44a46a3e6,[H:1][C:2]1([H:5])[C:3]([H:7])([H:8])[C:6]([N:9]([c:12]2[c:14]([H:17])[c:16]([H:19])[c:18]([F:20])[c:21]([H:22])[c:15]2-[c:23]2[n:24][n:26][n:27][n:25]2[H:28])[H:13])([H:11])[C:10]([H:30])([H:31])[C:29]([H:32])([H:33])[C:4]1([H:34])[H:35],24,12.5625,C-N,C-N-C-C,Fc1ccc(NC2CCCCC2)c(-c2nnn[nH]2)c1,19,6,0,neutral,3,ring_containing,3,0.24285714285714285,0.1879516255798404,whole_similarity_Q1,torsion_distance_Q1,heavy_atoms_Q3
confirmation,02ac64af8ffe5e248241cf791b539a12,[O:1]=[C:2]([N:3]([C:4]1([H:19])[C:5]([H:20])([H:21])[C:6]([H:22])([H:23])[C:7]([H:24])([H:25])[C:8]1([H:26])[H:27])[H:18])[c:9]1[c:10]([F:11])[c:12]([H:28])[c:13]([F:14])[c:15]([H:29])[c:16]1[Cl:17],24,16.9375,C-N,O-C-N-C,O=C(NC1CCCC1)c1c(F)cc(F)cc1Cl,17,5,0,neutral,2,ring_containing,2,0.3392857142857143,0.5827716880304961,whole_similarity_Q3,torsion_distance_Q4,heavy_atoms_Q3
confirmation,02ad45d0f4f15b04b5fbbd123ee759ca,[C:1]([c:2]1[c:3]([H:26])[c:4]2[c:5]([H:27])[c:6]([N:7]([C:8](=[O:9])[C:10]34[C:11]([H:29])([H:30])[C:12]([H:31])([H:32])[C:13]([F:14])([C:15]([H:33])([H:34])[N:16]([H:35])[C:17]3([H:36])[H:37])[C:18]4([H:38])[H:39])[H:28])[c:19]([H:40])[c:20]([H:41])[c:21]2[n:22]1[H:42])([H:23])([H:24])[H:25],24,14.0,C-N,C-N-C-O,Cc1cc2cc(NC(=O)C34CCC(F)(CNC3)C4)ccc2[nH]1,22,5,0,neutral,4,ring_containing,2,0.2571428571428571,0.25879777103759727,whole_similarity_Q2,torsion_distance_Q3,heavy_atoms_Q4
confirmation,02ad72c91c77555d9eacf2c210bf414f,[C:1]([C:2]1([H:16])[C:3]([H:17])([H:18])[N:4]2[C:5](=[O:6])[C:7]([Br:8])([H:19])[C:9]2([H:20])[S:10]1(=[O:11])=[O:12])([H:13])([H:14])[H:15],24,18.25,C-C,N-C-C-Br,CC1CN2C(=O)C(Br)C2S1(=O)=O,12,6,0,neutral,2,ring_containing,0,0.22448979591836735,0.9973472867820214,whole_similarity_Q1,torsion_distance_Q4,heavy_atoms_Q1
confirmation,02adf4df17d45bd1849c55c2c0a82db2,[C:1]([C:2]1=[C:3]([H:23])[C:4](=[O:5])[c:6]2[c:7]([o:8][c:9]3[c:10]([C:11]([H:24])([H:25])[H:26])[c:12]([O:13][H:27])[c:14]([C:15]([H:28])([H:29])[H:30])[c:16]([H:31])[c:17]23)[C:18]1=[O:19])([H:20])([H:21])[H:22],24,3.8125,C-O,C-C-O-H,CC1=CC(=O)c2c(oc3c(C)c(O)c(C)cc23)C1=O,19,4,0,neutral,3,ring_containing,0,0.3191489361702128,0.30795511034219897,whole_similarity_Q3,torsion_distance_Q3,heavy_atoms_Q3
confirmation,02b1677a14df53adb9de30f28ae46cce,[C:1]([C:2](=[O:3])[N:4]([c:5]1[n:6][c:7]2[c:8]([H:30])[c:9]([H:31])[c:10]([H:32])[c:11]([H:33])[c:12]2[n:13]1-[c:14]1[n:15][c:16]([C:17]([H:34])([H:35])[H:36])[c:18]2[c:19]([H:37])[c:20]([H:38])[c:21]([H:39])[c:22]([C:23]([H:40])([H:41])[H:42])[c:24]2[n:25]1)[H:29])([H:26])([H:27])[H:28],23,5.6875,C-N,N-C-N-C,CC(=O)Nc1nc2ccccc2n1-c1nc(C)c2cccc(C)c2n1,25,6,0,neutral,4,ring_containing,2,0.3275862068965517,0.1637030940484384,whole_similarity_Q3,torsion_distance_Q1,heavy_atoms_Q4
confirmation,02b18ddf1aa4552980a0c689d297375e,[C:1]([c:2]1[c:3]([H:5])[c:6]([H:7])[c:8]2[c:9]([c:4]1[H:12])[C:11]([H:13])=[C:14]([C:15](=[O:17])[N:18]1[C:19]([H:21])([H:22])[C:23]([H:24])([H:25])[C:26]([C:27]([c:30]3[c:33]([H:35])[c:36]([H:37])[c:38]([F:39])[c:40]([H:41])[c:34]3[H:42])([H:31])[H:32])([H:28])[C:29]([H:43])([H:44])[C:20]1([H:45])[H:46])[C:16]([H:50])([H:51])[O:10]2)([H:47])([H:48])[H:49],24,4.8125,C-C,C-C-C-C,Cc1ccc2c(c1)C=C(C(=O)N1CCC(Cc3ccc(F)cc3)CC1)CO2,27,4,0,neutral,4,ring_containing,3,0.273972602739726,0.21808466278701846,whole_similarity_Q2,torsion_distance_Q2,heavy_atoms_Q4
confirmation,02b200c52a5255af9e7be18194f5c14a,[C:1]([C:2](=[O:3])[N:4]1[C:5]([H:22])([H:23])[C:6]([H:24])([H:25])[C:7]([N:8]([C:9]([H:27])([H:28])[H:29])[c:10]2[c:11]([H:30])[c:12]([H:31])[c:13]([H:32])[c:14]([C:15]#[N:16])[c:17]2[H:33])([H:26])[C:18]1([H:34])[H:35])([H:19])([H:20])[H:21],24,6.59375,C-N,C-C-N-C,CC(=O)N1CCC(N(C)c2cccc(C#N)c2)C1,18,4,0,neutral,2,ring_containing,2,0.4166666666666667,0.15242190209721238,whole_similarity_Q4,torsion_distance_Q1,heavy_atoms_Q3
confirmation,02b27d18d53b5c958f8e6633295ea3c5,[C:1]([c:2]1[c:3]([H:29])[c:4]([H:30])[c:5]([H:31])[c:6]2[c:7]1[N:8]1[C:9]([H:32])([H:33])[C:10]([H:34])([H:35])[C:11]([H:36])([H:37])[C:12]3([H:38])[C:13]([H:39])([H:40])[C:14]45[C:15]([H:41])([H:42])[C:16]([H:43])([H:44])[O:17][C:18]4([H:45])[C:19]([H:46])([H:47])[C:20]([H:48])([H:49])[N:21]([C:22]([H:50])([H:51])[H:52])[C:23]5([H:53])[C:24]2([H:54])[C:25]13[H:55])([H:26])([H:27])[H:28],13,25.625,C-C,C-C-C-H,Cc1cccc2c1N1CCCC3CC45CCOC4CCN(C)C5C2C31,25,3,0,neutral,6,ring_containing,0,0.24358974358974358,0.5613548706451538,whole_similarity_Q1,torsion_distance_Q4,heavy_atoms_Q4
confirmation,02b2e8e9390e5c9c83b30834765d3be5,[C:1]([C:2](=[O:3])[N:4]1[C:5]([H:19])([H:20])[C:6]([H:21])([H:22])[C:7]([N:8]([C:9](=[O:10])[C:11]2([F:12])[C:13]([H:25])([H:26])[C:14]2([H:27])[H:28])[H:24])([H:23])[C:15]1([H:29])[H:30])([H:16])([H:17])[H:18],24,8.28125,C-C,N-C-C-F,CC(=O)N1CCC(NC(=O)C2(F)CC2)C1,15,5,0,neutral,2,ring_containing,2,0.41509433962264153,0.2683018777001042,whole_similarity_Q4,torsion_distance_Q3,heavy_atoms_Q2
confirmation,02b5047fdfee50d18c6ed77b31cacd29,[C:1]([c:2]1[c:3]([H:5])[c:6]([H:7])[c:8]2[c:9]([H:11])[c:12]([C:13]([N:15]([c:18]3[c:20]([H:22])[c:23]([H:24])[c:25]([C:26]([H:39])([H:40])[H:41])[c:27]([C:28]([H:42])([H:43])[H:44])[c:21]3[H:29])[S:19]([C:30]([H:45])([H:46])[H:47])(=[O:31])=[O:32])([H:16])[H:17])[c:14]([C:33]([H:48])([H:49])[H:50])[n:34][c:10]2[c:4]1[H:35])([H:36])([H:37])[H:38],23,9.375,C-N,C-C-N-S,Cc1ccc2cc(CN(c3ccc(C)c(C)c3)S(C)(=O)=O)c(C)nc2c1,26,5,0,neutral,3,ring_containing,4,0.2459016393442623,0.27257379392061404,whole_similarity_Q1,torsion_distance_Q3,heavy_atoms_Q4
confirmation,02b5565b1cd1551ba0ac77aa88cf43a4,[C:1]([c:2]1[c:3]([H:5])[c:6]([H:7])[c:8]2[c:9]([c:4]1[H:30])[c:12]([C:14](=[O:15])[N:16]1[C:17]([H:19])([H:20])[C:21]([H:22])([H:23])[O:24][C:25]([H:26])([H:27])[C:18]1([H:28])[H:29])[c:11]([C:13]([H:34])([H:35])[H:36])[o:10]2)([H:31])([H:32])[H:33],24,18.125,C-N,O-C-N-C,Cc1ccc2oc(C)c(C(=O)N3CCOCC3)c2c1,19,4,0,neutral,3,ring_containing,1,0.32653061224489793,0.25499981438685043,whole_similarity_Q3,torsion_distance_Q3,heavy_atoms_Q3
confirmation,02b5d5154d695a3798058b06cfc7cf76,[O:1]=[C:2]([C:3]1=[C:4]([Cl:5])[C:6]([H:16])([H:17])[C:7]1([H:18])[H:19])[N:8]1[C:9]([H:20])([H:21])[C:10]([H:22])([H:23])[O:11][C:12]([C:13]([O:14][H:27])([H:25])[H:26])([H:24])[C:15]1([H:28])[H:29],24,16.25,C-N,C-C-N-C,O=C(C1=C(Cl)CC1)N1CCOC(CO)C1,15,5,0,neutral,2,ring_containing,2,0.46511627906976744,0.3385408957808579,whole_similarity_Q4,torsion_distance_Q3,heavy_atoms_Q2
confirmation,02b6f51385525a8a8cfcc0b99886efaa,[H:1][C:2]1([H:3])[C:4]2([H:6])[C:7]([H:9])([H:10])[C:11]([H:12])([H:13])[C:5]1([C:14]([C:16]([S:19](=[O:22])(=[O:23])[C:24]([H:28])([H:29])[H:30])([H:20])[H:21])([H:17])[H:18])[C:15](=[O:25])[C:8]2([H:26])[H:27],24,10.1875,C-C,C-C-C-S,CS(=O)(=O)CCC12CCC(CC1=O)C2,14,4,0,neutral,2,ring_containing,3,0.29545454545454547,0.3892024653555376,whole_similarity_Q3,torsion_distance_Q4,heavy_atoms_Q2
confirmation,02b7ca146dd0501c980a664066795f6c,[C:1]([O:2][C:3](=[O:4])[N:5]1[C:6]([H:21])([H:22])[C:7]([H:23])([H:24])[C:8]([N:9]([C:10]2([H:27])[C:11]([H:28])([H:29])[S:12](=[O:13])(=[O:14])[C:15]2([H:30])[H:31])[H:26])([H:25])[C:16]([H:32])([H:33])[C:17]1([H:34])[H:35])([H:18])([H:19])[H:20],24,5.625,C-N,C-N-C-C,COC(=O)N1CCC(NC2CS(=O)(=O)C2)CC1,17,7,0,neutral,2,ring_containing,2,0.4523809523809524,0.17333056386272874,whole_similarity_Q4,torsion_distance_Q1,heavy_atoms_Q3
confirmation,02b8537ed3845215ac1c16e264f8d6e6,[C:1]([c:2]1[c:3]([H:6])[c:5]([H:8])[c:7]([O:9][C:11]([H:31])([H:32])[H:33])[c:10]([C:12]2([H:15])[S:13][C:16]([H:17])([H:19])[C:18]([H:20])([H:22])[C:21]([H:23])([H:24])[C:14]2([H:25])[H:26])[c:4]1[H:27])([H:28])([H:29])[H:30],24,9.125,C-C,C-C-C-S,COc1ccc(C)cc1C1CCCCS1,15,2,0,neutral,2,ring_containing,2,0.3469387755102041,0.3096816276246119,whole_similarity_Q4,torsion_distance_Q3,heavy_atoms_Q2
confirmation,02b8e5e1fc475df29580da22e11175cd,[C:1]([c:2]1[c:3]([H:16])[c:4]([H:17])[n:5]([C:6]2([H:18])[C:7]([H:19])([H:20])[C:8]([H:21])([H:22])[N:9]([C:10]([H:23])([H:24])[H:25])[C:11]2([H:26])[H:27])[n:12]1)([H:13])([H:14])[H:15],24,3.34375,C-N,C-N-C-C,Cc1ccn(C2CCN(C)C2)n1,12,3,0,neutral,2,ring_containing,1,0.3181818181818182,0.12414993901319125,whole_similarity_Q3,torsion_distance_Q1,heavy_atoms_Q1
confirmation,02bbc9e4f9535ac690f8fa61186fc05c,[C:1]([c:2]1[c:3]([H:21])[c:4]([H:22])[c:5]([N:6]([C:7](=[O:8])[C:9]2([H:24])[C:10]3([H:25])[C:11]([H:26])([H:27])[C:12]([H:28])([H:29])[C:13]([H:30])([H:31])[C:14]([H:32])([H:33])[C:15]23[H:34])[H:23])[c:16]([H:35])[c:17]1[H:36])([H:18])([H:19])[H:20],13,17.71875,C-C,C-C-C-C,Cc1ccc(NC(=O)C2C3CCCCC32)cc1,17,2,0,neutral,3,ring_containing,2,0.4666666666666667,0.0916519605057713,whole_similarity_Q4,torsion_distance_Q1,heavy_atoms_Q3
confirmation,02bc129ff48254cdbdb0e6f0df715782,[C:1]([Si:2]([C:3]([H:18])([H:19])[H:20])([C:4]([H:21])([H:22])[H:23])[O:5][C:6](=[O:7])[C:8]([S:9](=[O:10])(=[O:11])[F:12])([Cl:13])[Cl:14])([H:15])([H:16])[H:17],24,2.0,other_central_bonds,C-Si-O-C,C[Si](C)(C)OC(=O)C(Cl)(Cl)S(=O)(=O)F,14,9,0,neutral,0,acyclic,3,0.30303030303030304,1.5591917448270882,whole_similarity_Q3,torsion_distance_Q4,heavy_atoms_Q2
confirmation,02bd9391625559b784b10d6fa0a9d550,[C:1]([c:2]1[c:3]([H:26])[c:4]([H:27])[c:5]([N:6]([C:7](=[O:8])[C:9]2([H:29])[C:10]([H:30])([H:31])[C:11](=[O:12])[c:13]3[c:14]([F:15])[c:16]([H:32])[c:17]([H:33])[c:18]([H:34])[c:19]32)[H:28])[c:20]([H:35])[c:21]1[C:22]([H:36])([H:37])[H:38])([H:23])([H:24])[H:25],24,14.375,C-N,C-N-C-C,Cc1ccc(NC(=O)C2CC(=O)c3c(F)cccc32)cc1C,22,4,0,neutral,3,ring_containing,2,0.42105263157894735,0.2618851195251002,whole_similarity_Q4,torsion_distance_Q3,heavy_atoms_Q4
confirmation,02be1ae9ecab547c803e4f7969046b51,[O:1]=[C:2]([N:3]([C:4]1([H:19])[C:5]([H:20])([H:21])[C:6]([H:22])([H:23])[C:7]([H:24])([H:25])[O:8][C:9]1([H:26])[H:27])[H:18])[C:10]1([H:28])[C:11]2([H:29])[C:12]([H:30])([H:31])[C:13]([H:32])([H:33])[C:14]([H:34])([H:35])[C:15]([H:36])([H:37])[N:16]([H:38])[C:17]12[H:39],24,18.0,C-N,O-C-N-C,O=C(NC1CCCOC1)C1C2CCCCNC21,17,4,0,neutral,3,ring_containing,2,0.5111111111111111,0.16156031434556484,whole_similarity_Q4,torsion_distance_Q1,heavy_atoms_Q3
confirmation,02bf63ef42075eae957e1a0bcc351ac7,[C:1]([C:2]([C:3]([C:4]([C:5]([C:6]#[C:7][C:8]([C:9]([H:26])([H:27])[H:28])([O:10][H:29])[Si:11]([C:12]([H:30])([H:31])[H:32])([C:13]([H:33])([H:34])[H:35])[C:14]([H:36])([H:37])[H:38])([H:24])[H:25])([H:22])[H:23])([H:20])[H:21])([H:18])[H:19])([H:15])([H:16])[H:17],24,3.375,other_central_bonds,C-C-Si-C,CCCCCC#CC(C)(O)[Si](C)(C)C,14,2,0,neutral,0,acyclic,4,0.19047619047619047,0.2703235748700771,whole_similarity_Q1,torsion_distance_Q3,heavy_atoms_Q2
confirmation,02bfd5ce36c95a42bdbacbbec1b82e5e,[C:1]([c:2]1[c:3]([H:23])[c:4]([H:24])[c:5]([N:6]([C:7](=[O:8])[C:9]2([H:26])[C:10]([H:27])([H:28])[O:11][C:12]([H:29])([H:30])[C:13](=[O:14])[N:15]2[C:16]([H:31])([H:32])[H:33])[H:25])[c:17]([H:34])[c:18]1[C:19]([H:35])([H:36])[H:37])([H:20])([H:21])[H:22],24,3.625,C-N,C-C-N-C,Cc1ccc(NC(=O)C2COCC(=O)N2C)cc1C,19,5,0,neutral,2,ring_containing,2,0.4444444444444444,0.1902422351962254,whole_similarity_Q4,torsion_distance_Q2,heavy_atoms_Q3
confirmation,02c1395c8b615f3694d506ece016009d,[F:1][c:2]1[c:3]([H:6])[c:5]([H:8])[c:7]([O:9][c:11]2[c:12]([H:15])[c:14]([H:17])[c:16]([Cl:18])[n:19][n:13]2)[c:10]([F:20])[c:4]1[H:21],24,7.8125,C-O,C-O-C-C,Fc1ccc(Oc2ccc(Cl)nn2)c(F)c1,16,6,0,neutral,2,ring_containing,2,0.2857142857142857,0.6882547079258148,whole_similarity_Q2,torsion_distance_Q4,heavy_atoms_Q2
confirmation,02c1e62f4d025b93bff3e5ea07354257,[C:1]([P:2](=[O:3])([C:4]([H:29])([H:30])[H:31])[C:5]([C:6](=[C:9]([c:11]1[c:13]([H:16])[c:15]([H:18])[c:17]([I:19])[c:20]([H:21])[c:14]1[H:22])[H:12])[C:10](=[O:23])[O:24][H:25])([H:7])[H:8])([H:26])([H:27])[H:28],24,12.0,C-C,P-C-C-C,CP(C)(=O)CC(=Cc1ccc(I)cc1)C(=O)O,17,5,0,neutral,1,ring_containing,4,0.21153846153846154,2.072019123657029,whole_similarity_Q1,torsion_distance_Q4,heavy_atoms_Q3
confirmation,02c2d4744e925b52bb2733b3d3c72920,[C:1]([c:2]1[c:3]([H:22])[c:4]([F:5])[c:6]([C:7](=[O:8])[N:9]2[C:10]([H:23])([H:24])[C:11]([H:25])([H:26])[O:12][C:13](=[O:14])[C:15]2([H:27])[H:28])[c:16]([H:29])[c:17]1[F:18])([H:19])([H:20])[H:21],24,9.0625,C-C,C-C-C-O,Cc1cc(F)c(C(=O)N2CCOC(=O)C2)cc1F,18,6,0,neutral,2,ring_containing,1,0.34615384615384615,0.32564373102974004,whole_similarity_Q4,torsion_distance_Q3,heavy_atoms_Q3
confirmation,02c43935e8a45d0f8651f77af7e64d04,[C:1]([S:2]([C:3]([H:21])([H:22])[H:23])(=[O:4])=[N:5][C:6](=[O:7])[C:8]1([H:24])[C:9]([H:25])([H:26])[C:10]([H:27])=[C:11]([H:28])[c:12]2[c:13]([H:29])[c:14]([H:30])[c:15]([H:31])[c:16]([H:32])[c:17]21)([H:18])([H:19])[H:20],24,4.75,C-C,O-C-C-C,CS(C)(=O)=NC(=O)C1CC=Cc2ccccc21,17,4,0,neutral,2,ring_containing,1,0.32142857142857145,0.20810117330556677,whole_similarity_Q3,torsion_distance_Q2,heavy_atoms_Q3
confirmation,02c49ddc4c895b6c9013f0571fbab993,[C:1]([S:2](=[O:3])(=[O:4])[C:5]([C:6]([C:7]#[N:8])([C:9]1([H:21])[C:10]([H:22])([H:23])[C:11]([H:24])([H:25])[O:12][C:13]([H:26])([H:27])[C:14]1([H:28])[H:29])[H:20])([H:18])[H:19])([H:15])([H:16])[H:17],24,8.4375,C-C,C-C-C-C,CS(=O)(=O)CC(C#N)C1CCOCC1,14,5,0,neutral,1,ring_containing,3,0.3181818181818182,0.13813312171250305,whole_similarity_Q3,torsion_distance_Q1,heavy_atoms_Q2
confirmation,02c49fcbd9c952a7b98d7817a7d24b17,[C:1]([C:2]1=[N:3][C:4]([C:5]([H:20])([H:21])[H:22])([H:19])[C:6](=[O:7])[N-:8][c:9]2[c:10]([C:11]([H:23])([H:24])[H:25])[c:12]([H:26])[c:13]([H:27])[c:14]([H:28])[c:15]21)([H:16])([H:17])[H:18],24,18.375,C-C,C-C-C-O,CC1=NC(C)C(=O)[N-]c2c(C)cccc21,15,3,-1,negative,2,ring_containing,0,0.27450980392156865,0.19996278315786525,whole_similarity_Q2,torsion_distance_Q2,heavy_atoms_Q2
confirmation,02c4f09ca7b85141b815325620b70a21,[H:1][C:2]1([H:3])[C:4]([H:6])([H:7])[C:8]([H:9])([H:10])[C:11]([H:12])([H:13])[C:14]([C:15]([N+:17]([C:20]([H:23])([H:24])[H:25])([C:21]([H:26])([H:27])[H:28])[C:22]([H:29])([H:30])[H:31])([H:18])[H:19])([H:16])[C:5]1=[N:32][O:33][H:34],24,2.0,C-N,C-C-N-C,C[N+](C)(C)CC1CCCCC1=NO,13,3,1,positive,1,ring_containing,2,0.21621621621621623,0.24115170899035812,whole_similarity_Q1,torsion_distance_Q2,heavy_atoms_Q1
confirmation,02c61c18c17e54a8b90c63ae1f1e6b29,[C:1]([c:2]1[o:3][c:5]([C:6]([H:23])([H:24])[H:25])[c:7]([C:8]([H:26])([H:27])[H:28])[c:4]1[C:9]([C:10]([H:13])([H:14])[H:15])([O:11][C:16]([H:17])([H:18])[H:19])[H:12])([H:20])([H:21])[H:22],24,7.375,C-O,C-C-O-C,COC(C)c1c(C)oc(C)c1C,12,2,0,neutral,1,ring_containing,2,0.21621621621621623,0.2972119354316716,whole_similarity_Q1,torsion_distance_Q3,heavy_atoms_Q1
confirmation,02c6717f674c5ca1a0ff653b118fc050,[C:1]([C:2](=[N:6][N:8]([c:9]1[c:11]([H:14])[c:13]([H:16])[c:15]([H:18])[c:17]([H:19])[c:12]1[C:20]([H:36])([H:37])[H:38])[H:10])[c:7]1[c:21]([C:23]([H:39])([H:40])[H:41])[c:24]([H:26])[c:25]([H:28])[c:27]2[c:22]1[o:35][c:32](=[O:34])[c:31]([H:33])[c:29]2[C:30]([H:42])([H:43])[H:44])([H:3])([H:4])[H:5],24,8.5,other_central_bonds,C-N-N-C,CC(=NNc1ccccc1C)c1c(C)ccc2c(C)cc(=O)oc12,24,4,0,neutral,3,ring_containing,3,0.26666666666666666,0.19644066577039898,whole_similarity_Q2,torsion_distance_Q2,heavy_atoms_Q4
confirmation,02c6a6b200e152f6a15f77afd5037a5d,[C:1]([c:2]1[c:3]([C:5]([H:27])([H:28])[H:29])[s:6][c:7](-[c:8]2[c:9]([H:11])[c:12]([H:13])[c:14]3[c:15]([c:10]2[H:22])[n:19]([H:21])[c:17]([H:20])[c:16]3[H:18])[c:4]1[Br:23])([H:24])([H:25])[H:26],24,3.25,C-C,S-C-C-C,Cc1sc(-c2ccc3cc[nH]c3c2)c(Br)c1C,17,3,0,neutral,3,ring_containing,1,0.25396825396825395,0.4092123065256123,whole_similarity_Q1,torsion_distance_Q4,heavy_atoms_Q3
confirmation,02c7471359a75960b6782edd6a41cff3,[C:1]([c:2]1[c:3]([H:5])[c:6]([Cl:7])[c:8]([H:9])[c:10]2[c:4]1[S:12](=[O:13])(=[O:14])[N:15]([H:16])[C:17]([C:18](=[O:20])[c:21]1[c:22]([H:24])[c:25]([H:26])[c:27]([Cl:28])[c:29]([H:30])[c:23]1[H:31])([H:19])[S:11]2)([H:32])([H:33])[H:34],24,18.75,C-C,C-C-C-S,Cc1cc(Cl)cc2c1S(=O)(=O)NC(C(=O)c1ccc(Cl)cc1)S2,23,8,0,neutral,3,ring_containing,2,0.2727272727272727,0.910559598668762,whole_similarity_Q2,torsion_distance_Q4,heavy_atoms_Q4
confirmation,02c802d2c5e2501d9fb84c2d98ac5051,[C:1]([Si:2]([C:3]([H:17])([H:18])[H:19])([C:4]([H:20])([H:21])[H:22])[C:5]([C:6]([C:7]([C:8]([C:9]([F:10])([F:11])[F:12])([Cl:13])[H:29])([H:27])[H:28])([H:25])[H:26])([H:23])[H:24])([H:14])([H:15])[H:16],24,1.75,other_central_bonds,C-Si-C-C,C[Si](C)(C)CCCC(Cl)C(F)(F)F,13,5,0,neutral,0,acyclic,4,0.20512820512820512,1.086751174022093,whole_similarity_Q1,torsion_distance_Q4,heavy_atoms_Q1
confirmation,02c88217ef8c55938f7da36e4714664d,[C:1]([N:2]1[C:3]([H:6])([H:7])[C:5]([H:8])([H:9])[O:10][C:11](=[O:12])[C:4]1([C:13]([C:15](=[O:18])[O:19][H:20])([H:16])[H:17])[H:14])([H:21])([H:22])[H:23],24,6.59375,C-C,C-C-C-C,CN1CCOC(=O)C1CC(=O)O,12,5,0,neutral,1,ring_containing,2,0.24528301886792453,0.2544453449324562,whole_similarity_Q1,torsion_distance_Q3,heavy_atoms_Q1
confirmation,02c8ce6e51615d569be313bfeac77191,[O:1]=[c:2]1[n:3]([H:5])[c:6](=[C:7]([c:9]2[n:11][c:13]([H:14])[c:15]([H:16])[n:12]2[H:17])[H:10])[c:8](=[O:18])[n:19]([H:20])[c:4]1=[C:21]([C:22]([H:24])([H:25])[H:26])[H:23],24,16.3125,C-C,C-C-C-N,CC=c1[nH]c(=O)c(=Cc2ncc[nH]2)[nH]c1=O,16,6,0,neutral,2,ring_containing,1,0.1836734693877551,0.2025183105133656,whole_similarity_Q1,torsion_distance_Q2,heavy_atoms_Q2
confirmation,02c9888711d45512830ed5e10d6e88f5,[C:1]([c:2]1[c:3]2[n:7]([n:5][c:4]1[C:6]([H:25])([H:26])[H:27])[c:8](-[c:9]1[c:11]([H:13])[c:14]([H:15])[c:16]([H:17])[o:12]1)[c:10]([H:18])[c:19]([C:20]([H:28])([H:29])[H:30])[n:21]2)([H:22])([H:23])[H:24],23,19.4375,C-N,C-N-C-C,Cc1cc(-c2ccco2)n2nc(C)c(C)c2n1,17,4,0,neutral,3,ring_containing,1,0.3617021276595745,0.10137799214323909,whole_similarity_Q4,torsion_distance_Q1,heavy_atoms_Q3
confirmation,02ca1282be4d583e9676a9435726d18e,[C:1]([O:2][C:3]([C:4]([H:17])([H:18])[H:19])([C:5](=[O:6])[N:7]1[C:8]([H:20])([H:21])[C:9](=[C:10]([Br:11])[H:22])[C:12]1([H:23])[H:24])[H:16])([H:13])([H:14])[H:15],24,7.125,C-C,O-C-C-N,COC(C)C(=O)N1CC(=CBr)C1,12,4,0,neutral,1,ring_containing,2,0.3695652173913043,0.382206677110848,whole_similarity_Q4,torsion_distance_Q4,heavy_atoms_Q1
confirmation,02ca24bbc98051d38392fd16dfa916bd,[C:1]([c:2]1[c:3]([H:20])[c:4]([H:21])[c:5]([Br:6])[c:7]([F:8])[c:9]1[N:10]([S:11](=[O:12])(=[O:13])[C:14]1([H:23])[C:15]([H:24])([H:25])[C:16]1([H:26])[H:27])[H:22])([H:17])([H:18])[H:19],24,3.75,other_central_bonds,N-S-C-C,Cc1ccc(Br)c(F)c1NS(=O)(=O)C1CC1,16,6,0,neutral,2,ring_containing,3,0.46,0.444552085240977,whole_similarity_Q4,torsion_distance_Q4,heavy_atoms_Q2
confirmation,02ca294a539658f8a53289c96c53141e,[O:1]=[C:2]1[O:3][C:4]([H:15])([H:16])[C:5]([H:17])([H:18])[C:6]1([N:7]([C:8]([C:9]12[C:10]([H:23])([H:24])[C:11]([H:25])([C:12]([H:26])([H:27])[O:13]1)[C:14]2([H:28])[H:29])([H:21])[H:22])[H:20])[H:19],24,8.625,C-N,C-C-N-C,O=C1OCCC1NCC12CC(CO1)C2,14,4,0,neutral,4,ring_containing,3,0.23636363636363636,0.21981794860656298,whole_similarity_Q1,torsion_distance_Q2,heavy_atoms_Q2
confirmation,02cbeaf8d1d7554c9c7680254f00275c,[C:1]([O:2][C:3](=[O:4])[c:5]1[c:6]([H:20])[c:7]([C:8]#[N:9])[c:10]([C:11]([H:21])([H:22])[H:23])[n:12][c:13]1[N:14]([C:15]([H:24])([H:25])[H:26])[C:16]([H:27])([H:28])[H:29])([H:17])([H:18])[H:19],24,10.75,C-N,C-C-N-C,COC(=O)c1cc(C#N)c(C)nc1N(C)C,16,5,0,neutral,1,ring_containing,2,0.5121951219512195,0.17799935650394,whole_similarity_Q4,torsion_distance_Q1,heavy_atoms_Q2
confirmation,02cd0a61fdb85c39bf8ff1230b9d8529,[C:1]([C:2]([C:6]([H:9])([H:10])[H:11])([C:7](=[O:12])[N:13]([C:14]([H:39])([H:40])[H:41])[H:15])[C:8]([c:16]1[c:19]([H:22])[c:21]([H:24])[c:23]([H:26])[c:25]([H:27])[c:20]1[H:28])([c:17]1[c:29]([H:32])[c:31]([H:34])[c:33]([C:35]([H:42])([H:43])[H:44])[c:36]([H:37])[c:30]1[F:38])[H:18])([H:3])([H:4])[H:5],24,6.625,C-C,C-C-C-C,CNC(=O)C(C)(C)C(c1ccccc1)c1ccc(C)cc1F,22,3,0,neutral,2,ring_containing,4,0.3125,0.27119521626819243,whole_similarity_Q3,torsion_distance_Q3,heavy_atoms_Q4
confirmation,02ce5e9a40855e00aded7ab210fb78a4,[O:1]=[C:2]1[O:3][N+:4]([H:16])([H:17])[C:5]([H:18])([H:19])[C:6]1([N:7]=[N:8][c:9]1[c:10]([H:21])[c:11]([H:22])[c:12]([H:23])[c:13]([H:24])[c:14]1[Cl:15])[H:20],14,19.75,other_central_bonds,C-O-N-C,O=C1O[NH2+]CC1N=Nc1ccccc1Cl,15,6,1,positive,2,ring_containing,2,0.2222222222222222,0.3826806432777268,whole_similarity_Q1,torsion_distance_Q4,heavy_atoms_Q2
confirmation,02ced27debd3503182c8ad299172a3b2,[C:1]([c:2]1[c:3]([C:5]([H:33])([H:34])[H:35])[n:6][c:7]2[n:4]1[c:22]1[c:10]([n:8]2-[c:9]2[c:11]([C:13]([H:36])([H:37])[H:38])[c:14]([H:15])[c:16]([C:17]([H:39])([H:40])[H:41])[c:18]([H:19])[c:12]2[C:20]([H:42])([H:43])[H:44])[c:21]([H:23])[c:24]([H:25])[c:26]([F:27])[c:28]1[H:29])([H:30])([H:31])[H:32],24,17.9375,C-N,C-N-C-C,Cc1cc(C)c(-n2c3ccc(F)cc3n3c(C)c(C)nc23)c(C)c1,24,4,0,neutral,4,ring_containing,1,0.24242424242424243,0.1496383231842889,whole_similarity_Q1,torsion_distance_Q1,heavy_atoms_Q4
confirmation,02d0b315eeec5ef083c166f1c0014be2,[N:1]([C:2](=[O:5])[N:6]=[N:7][C:8]([N:9]([H:11])[H:12])=[O:10])([H:3])[H:4],24,16.3125,C-N,H-N-C-O,NC(=O)N=NC(N)=O,8,6,0,neutral,0,acyclic,0,0.2,1.213961949582054,whole_similarity_Q1,torsion_distance_Q4,heavy_atoms_Q1
confirmation,02d166bfa8555c7daea9d47d0a99eaa9,[O:1]=[C:2]([C:3]([H:5])([H:6])[H:7])[N:4]1[C:8]([H:10])([H:11])[C:12]([H:13])([H:14])[C:15]([H:16])([H:17])[n:18]2[c:19]([H:21])[n:22][c:23]([H:24])[c:20]2[C:9]1([H:25])[H:26],24,19.6875,C-N,C-C-N-C,CC(=O)N1CCCn2cncc2C1,13,4,0,neutral,2,ring_containing,0,0.3877551020408163,0.1232473645034795,whole_similarity_Q4,torsion_distance_Q1,heavy_atoms_Q1
confirmation,02d2afac41c7568388e0df50ade9a8be,[C:1]([c:2]1[c:3]([H:22])[n:4][n:5]([C:6]([H:23])([H:24])[H:25])[c:7]1[C:8](=[O:9])[N:10]([C:11]12[C:12]([H:27])([H:28])[C:13]([H:29])([C:14]1([H:30])[H:31])[S:15](=[O:16])(=[O:17])[C:18]2([H:32])[H:33])[H:26])([H:19])([H:20])[H:21],24,2.5625,C-N,C-N-C-C,Cc1cnn(C)c1C(=O)NC12CC(C1)S(=O)(=O)C2,18,7,0,neutral,4,ring_containing,2,0.509090909090909,0.13564843584852407,whole_similarity_Q4,torsion_distance_Q1,heavy_atoms_Q3
confirmation,02d46ecee6d058228f4ed609d3814e7a,[C:1]([c:2]1[n:3][n:5][c:6]2[n:4]1[n:13][c:10]([H:12])[c:8]1[c:7]2[n:9](-[c:15]2[c:16]([H:18])[c:19]([H:20])[c:21]([Cl:22])[c:23]([H:24])[c:17]2[H:25])[n:14][n:11]1)([H:26])([H:27])[H:28],24,4.125,C-N,C-N-C-C,Cc1nnc2c3c(cnn12)nnn3-c1ccc(Cl)cc1,20,8,0,neutral,4,ring_containing,1,0.2777777777777778,0.6715461080859447,whole_similarity_Q2,torsion_distance_Q4,heavy_atoms_Q4
confirmation,02d4d12c0ec550589df4bc7a4ebcd627,[C:1]([O:2][C:3]1=[C:4]([H:30])[C:5]23[C:6]([H:31])([H:32])[C:7]([H:33])([H:34])[C:8]([H:35])([H:36])[N:9]2[C:10]([H:37])([H:38])[C:11]([H:39])([H:40])[c:12]2[c:13]([H:41])[c:14]4[c:15]([c:16]([H:42])[c:17]2[C:18]3([H:43])[C:19]1([O:20][C:21]([C:22]([H:45])([H:46])[H:47])=[O:23])[H:44])[O:24][C:25]([H:48])([H:49])[O:26]4)([H:27])([H:28])[H:29],19,17.5,C-C,C-C-C-C,COC1=CC23CCCN2CCc2cc4c(cc2C3C1OC(C)=O)OCO4,26,6,0,neutral,5,ring_containing,2,0.2602739726027397,0.1438491734461058,whole_similarity_Q2,torsion_distance_Q1,heavy_atoms_Q4
confirmation,02d51b71710e5423bc4501118b239694,[O:1]=[C:2]([C:3]1([H:19])[C:4]([H:20])([H:21])[C:5]([H:22])([H:23])[S:6](=[O:7])(=[O:8])[C:9]([H:24])([H:25])[C:10]1([H:26])[H:27])[N:11]1[C:12]([H:28])([H:29])[C:13]([H:30])([H:31])[S:14][C:15]12[C:16]([H:32])([H:33])[N:17]([H:34])[C:18]2([H:35])[H:36],24,9.0625,C-C,N-C-C-C,O=C(C1CCS(=O)(=O)CC1)N1CCSC12CNC2,18,7,0,neutral,3,ring_containing,1,0.2631578947368421,0.3556425777628946,whole_similarity_Q2,torsion_distance_Q3,heavy_atoms_Q3
confirmation,02d758e503fb57e29f2048a63a111427,[Cl:1][c:2]1[c:3]([H:5])[c:6]([H:7])[c:8]([C:9]2([H:11])[C:12]([H:14])([H:15])[c:16]3[c:17]([c:21]4[c:19]([n:18]3[H:20])[c:22]([H:23])[c:24]([H:25])[c:26]([Cl:27])[c:28]4[H:29])[S:13]2)[c:10]([H:30])[c:4]1[H:31],24,18.25,C-N,C-C-N-C,Clc1ccc(C2Cc3[nH]c4ccc(Cl)cc4c3S2)cc1,20,4,0,neutral,4,ring_containing,1,0.3333333333333333,0.5775569827418675,whole_similarity_Q3,torsion_distance_Q4,heavy_atoms_Q4
confirmation,02d93fb74fbb5ce9be9f606b8eadf828,[C:1]([C:2]([N:6]([C:9]([H:24])([H:25])[H:26])[H:10])([c:7]1[n:11][n:13]2[c:14]([C:16]([H:27])([H:28])[H:29])[c:17]([H:18])[c:19]([H:20])[c:15]2[c:21](=[O:22])[n:12]1[C:23]([H:30])([H:31])[H:32])[H:8])([H:3])([H:4])[H:5],24,14.78125,C-C,C-C-C-N,CNC(C)c1nn2c(C)ccc2c(=O)n1C,16,5,0,neutral,2,ring_containing,2,0.25,0.12831897048848764,whole_similarity_Q1,torsion_distance_Q1,heavy_atoms_Q2
confirmation,02d9d2863682561b99d27bd21bc45015,[C:1]([O:2][c:3]1[c:4]([H:19])[c:5]([H:20])[c:6]2[c:7]([c:8]([H:21])[c:9]([H:22])[n:10]2[C:11]([H:23])([H:24])[H:25])[c:12]1[N+:13](=[O:14])[O-:15])([H:16])([H:17])[H:18],24,3.875,C-O,C-C-O-C,COc1ccc2c(ccn2C)c1[N+](=O)[O-],15,5,0,neutral,2,ring_containing,2,0.2765957446808511,0.3570403886723243,whole_similarity_Q2,torsion_distance_Q3,heavy_atoms_Q2
confirmation,02d9decb047d555696a6dd376bc00486,[C:1]([C:2]([C:6]([H:9])([H:10])[H:11])([c:7]1[c:12]([H:15])[c:14]([C:16]([H:24])([H:25])[H:26])[c:17]([C:19]([H:27])([H:28])[H:29])[c:18]([O:20][C:23]([H:30])([H:31])[H:32])[c:13]1[O:21][H:22])[H:8])([H:3])([H:4])[H:5],24,6.3125,C-C,C-C-C-C,COc1c(C)c(C)cc(C(C)C)c1O,14,2,0,neutral,1,ring_containing,2,0.3181818181818182,0.2158419905407327,whole_similarity_Q3,torsion_distance_Q2,heavy_atoms_Q2
confirmation,02da87c9b7395743951c970331fad14e,[C:1]([c:2]1[c:3]([H:6])[c:5]([H:8])[c:7]([C:9]([H:39])([H:40])[H:41])[c:10]([C:11]([O:12][C:15]2([H:18])[C:16]3([H:21])[C:19]([H:23])([H:24])[C:22]([H:26])([H:27])[N:25]([C:17]2([H:33])[H:34])[C:28]([H:29])([H:30])[C:20]3([H:31])[H:32])([H:13])[H:14])[c:4]1[H:35])([H:36])([H:37])[H:38],23,4.84375,C-O,C-C-O-C,Cc1ccc(C)c(COC2CN3CCC2CC3)c1,18,2,0,neutral,4,ring_containing,3,0.27586206896551724,0.24349254515083155,whole_similarity_Q2,torsion_distance_Q2,heavy_atoms_Q3
confirmation,02db03f5a9e458f8a774a910bf2c34c9,[C:1]([c:2]1[c:3]([H:23])[c:10]2[n:7]([c:5]([H:8])[c:4]1[H:6])[c:9]([C:12](=[O:13])[c:14]1[c:15]([H:17])[n:18][c:19]([C:20]([H:27])([H:28])[H:29])[s:16]1)[c:11]([H:22])[n:21]2)([H:24])([H:25])[H:26],24,4.3125,C-C,C-C-C-S,Cc1ccn2c(C(=O)c3cnc(C)s3)cnc2c1,18,5,0,neutral,3,ring_containing,2,0.3076923076923077,0.30935868330066807,whole_similarity_Q3,torsion_distance_Q3,heavy_atoms_Q3
confirmation,02db27602b8d5624a0dbb79d1a6e8e1b,[O:1]=[C:2]1[C:3]([H:5])([H:6])[O:7][c:8]2[c:9]([H:11])[c:12]([H:13])[c:14]([H:15])[c:16]([H:17])[c:10]2[C:18]([H:19])([H:20])[N:4]1[C:21]1([H:22])[C:23]([H:25])([H:26])[C:27]([H:28])([H:29])[C:30]([H:31])([H:32])[C:33]([H:34])([H:35])[C:36]([H:37])([H:38])[C:24]1([H:39])[H:40],24,15.46875,C-C,C-C-C-C,O=C1COc2ccccc2CN1C1CCCCCC1,19,3,0,neutral,3,ring_containing,1,0.3023255813953488,0.17106724054058137,whole_similarity_Q3,torsion_distance_Q1,heavy_atoms_Q3
confirmation,02dc8880e22a578a82673d5cef50e334,[H:1][C:2]1([H:3])[C:4]([H:6])([H:7])[C:5]1([c:8]1[c:10]([H:12])[c:13]([H:14])[c:15]([H:16])[c:17]2[c:11]1[O:19][C:20]([H:21])([H:22])[C:23]([H:24])([H:25])[O:18]2)[H:9],24,3.125,C-C,C-C-C-C,c1cc2c(c(C3CC3)c1)OCCO2,13,2,0,neutral,3,ring_containing,1,0.3902439024390244,0.20892162026811062,whole_similarity_Q4,torsion_distance_Q2,heavy_atoms_Q1
confirmation,02dca321e84454488a3a96e94d5e3bdc,[H:1][C:2]([H:3])([N:4]([C:6](=[S:8])[c:9]1[c:10]([H:12])[n:13]([C:14]([H:24])([H:25])[H:26])[c:15]2[c:11]1[c:22]([H:23])[c:20]([H:21])[c:18]([H:19])[c:16]2[H:17])[H:7])[H:5],24,14.5,C-N,C-N-C-C,CNC(=S)c1cn(C)c2ccccc12,14,3,0,neutral,2,ring_containing,1,0.2765957446808511,0.23841801464428436,whole_similarity_Q2,torsion_distance_Q2,heavy_atoms_Q2
confirmation,02dd664424485e9980bb145f54249531,[C:1]([N:2]([C:3](=[O:4])[C:5]1([H:17])[C:6]([H:18])([H:19])[C:7]([H:20])([H:21])[C:8]([H:22])([H:23])[C:9]1([C:10]([F:11])([F:12])[H:25])[H:24])[H:16])([H:13])([H:14])[H:15],24,6.03125,C-C,O-C-C-C,CNC(=O)C1CCCC1C(F)F,12,4,0,neutral,1,ring_containing,2,0.2926829268292683,0.4257844295850866,whole_similarity_Q2,torsion_distance_Q4,heavy_atoms_Q1
confirmation,02dd8404673b54329ccdb206025d8f8f,[C:1]([C:2](=[O:3])[N:4]([C:5]([H:20])([H:21])[H:22])[C:6]([c:7]1[c:8]([H:24])[c:9]([H:25])[c:10]([F:11])[c:12]([H:26])[c:13]1[H:27])([C:14]([C:15]([H:29])([H:30])[H:31])([C:16]([H:32])([H:33])[H:34])[H:28])[H:23])([H:17])([H:18])[H:19],24,2.34375,C-C,N-C-C-C,CC(=O)N(C)C(c1ccc(F)cc1)C(C)C,16,3,0,neutral,1,ring_containing,3,0.30434782608695654,0.2362404616413895,whole_similarity_Q3,torsion_distance_Q2,heavy_atoms_Q2
confirmation,02e0257b421b5444a2665fee9faeb31f,[C:1]([C:2]([C:6]([H:9])([H:10])[H:11])([C:7]([H:12])([H:13])[H:14])[N:8]1[O:15][C:17]2([H:18])[C:19]([H:21])([H:22])[C:16]1([H:23])[c:24]1[n:25][c:27]3[c:28]([H:30])[c:31]([H:32])[c:33]([H:34])[c:35]([H:36])[c:29]3[n:26]1[C:20]2([H:37])[H:38])([H:3])([H:4])[H:5],24,6.1875,C-N,C-C-N-C,CC(C)(C)N1OC2CC1c1nc3ccccc3n1C2,19,4,0,neutral,4,ring_containing,0,0.29508196721311475,0.18853784103268645,whole_similarity_Q2,torsion_distance_Q1,heavy_atoms_Q3
confirmation,02e119e0dc485fee8ea4e2bb22ba8bfc,[O:1]=[C:2]([O:3][H:5])[c:4]1[c:6]([H:8])[n:9][c:10]2[c:11]([c:7]1[H:14])[c:13]1[c:15]([H:17])[c:18]([H:19])[c:20]([H:21])[c:22]([H:23])[c:16]1[n:12]2[C:24]([H:25])([H:26])[H:27],24,12.53125,C-O,O-C-O-H,Cn1c2ccccc2c2cc(C(=O)O)cnc21,17,4,0,neutral,3,ring_containing,1,0.2962962962962963,0.22822757380120934,whole_similarity_Q3,torsion_distance_Q2,heavy_atoms_Q3
confirmation,02e1752fad205cf7860860f0855b419c,[C:1]([c:2]1[c:3]([C:17]([H:21])([H:22])[H:23])[c:6]([I:16])[c:5]([C:7]([N:8]([C:11]([H:13])([H:14])[H:15])[H:12])([H:9])[H:10])[s:4]1)([H:18])([H:19])[H:20],16,20.0,C-C,C-C-C-S,CNCc1sc(C)c(C)c1I,11,3,0,neutral,1,ring_containing,2,0.17647058823529413,1.280600024501546,whole_similarity_Q1,torsion_distance_Q4,heavy_atoms_Q1
confirmation,02e194faac3c5c1da332986b505207f4,[H:1][C:2]([H:3])([H:4])[C:5]([C:6]([H:9])([H:10])[H:11])([C:7]([H:12])([H:13])[H:14])[c:8]1[c:15]([H:17])[c:18]([H:19])[c:20]([C:21]([H:25])([H:26])[H:27])[c:22]([H:23])[c:16]1[F:24],24,3.0,C-C,C-C-C-C,Cc1ccc(C(C)(C)C)c(F)c1,12,1,0,neutral,1,ring_containing,0,0.5,0.25104077595199004,whole_similarity_Q4,torsion_distance_Q2,heavy_atoms_Q1
confirmation,02e1e0467ded506b802b38199985cb3f,[C:1]([C:2](=[O:3])[N:4]1[C:5]([H:23])([H:24])[C:6]2([H:25])[C:7]([H:26])([H:27])[C:8]1([H:28])[C:9]([N:10]([C:11]([H:30])([H:31])[H:32])[C:12](=[O:13])[c:14]1[c:15]([H:33])[n:16][s:17][c:18]1[H:34])([H:29])[C:19]2([H:35])[H:36])([H:20])([H:21])[H:22],24,20.875,C-N,C-N-C-C,CC(=O)N1CC2CC(N(C)C(=O)c3cnsc3)C1C2,19,6,0,neutral,3,ring_containing,2,0.2777777777777778,0.19185951964633097,whole_similarity_Q2,torsion_distance_Q2,heavy_atoms_Q3
confirmation,02e2ab1ecec1506eabf5c7bd2f95f3d9,[N:1]#[C:2][c:3]1[c:4]([H:19])[c:5]([H:20])[c:6]([C:7]([O:8][H:22])([C:9](=[O:10])[N:11]2[C:12]([H:23])([H:24])[C:13]([H:25])([H:26])[O:14][C:15]([H:27])([H:28])[C:16]2([H:29])[H:30])[H:21])[c:17]([H:31])[c:18]1[H:32],24,21.25,C-N,O-C-N-C,N#Cc1ccc(C(O)C(=O)N2CCOCC2)cc1,18,5,0,neutral,2,ring_containing,2,0.3191489361702128,0.26075330427279086,whole_similarity_Q3,torsion_distance_Q3,heavy_atoms_Q3
confirmation,02e3901dc981563ca5d96126cc92fde2,[C:1]([c:2]1[c:3]([H:30])[c:4]([H:31])[c:5]2[c:6]([c:7]([H:32])[c:8]([H:33])[n:9]2[C:10]([C:11](=[O:12])[N:13]2[C:14]([H:36])([H:37])[c:15]3[c:16]([H:38])[c:17]([H:39])[c:18]([H:40])[c:19]([H:41])[c:20]3[O:21][C:22]([F:23])([F:24])[C:25]2([H:42])[H:43])([H:34])[H:35])[c:26]1[H:44])([H:27])([H:28])[H:29],24,3.625,C-N,C-N-C-C,Cc1ccc2c(ccn2CC(=O)N2Cc3ccccc3OC(F)(F)C2)c1,26,6,0,neutral,4,ring_containing,2,0.6885245901639344,0.34762656622325905,whole_similarity_Q4,torsion_distance_Q3,heavy_atoms_Q4
confirmation,02e56787a10b5f748e6f064226a81cff,[O:1]=[C:2]1[C:3]([H:19])([H:20])[C:4]([H:21])([H:22])[C:5]([H:23])([H:24])[C:6]2([H:25])[C:7]1=[C:8]([H:26])[C:9]([H:27])([H:28])[C:10]1([H:29])[C:11]3=[C:12]([H:30])[C:13]([H:31])([H:32])[C:14]([H:33])([H:34])[C:15]3([H:35])[C:16]([H:36])([H:37])[C:17]([H:38])([H:39])[C:18]21[H:40],21,26.40625,C-C,C-C-C-C,O=C1CCCC2C1=CCC1C3=CCCC3CCC21,18,1,0,neutral,4,ring_containing,0,0.17543859649122806,0.13758208807866168,whole_similarity_Q1,torsion_distance_Q1,heavy_atoms_Q3
confirmation,02e62ce4e42d5c3d86ba00013b4a9cc0,[C:1]([c:2]1[n:3][c:5]([H:7])[n:6][c:8]2[c:4]1[c:13]([H:28])[c:10](-[c:12]1[c:14]([H:17])[c:16]([H:19])[c:18]([H:21])[c:20]([H:22])[c:15]1[O:23][C:24]([F:25])([F:26])[F:27])[n:9]2[H:11])([H:29])([H:30])[H:31],23,8.625,C-O,C-C-O-C,Cc1ncnc2[nH]c(-c3ccccc3OC(F)(F)F)cc12,21,7,0,neutral,3,ring_containing,2,0.3050847457627119,0.47475719206413813,whole_similarity_Q3,torsion_distance_Q4,heavy_atoms_Q4
confirmation,02e6673d1f3f5a29942f98e9801491b1,[C:1]([N:2]1[C:3]([H:24])([H:25])[C:4]2([H:26])[C:5]([H:27])([H:28])[C:6]1([H:29])[C:7]([H:30])([H:31])[N:8]2[S:9](=[O:10])(=[O:11])[C:12]([C:13]12[C:14]([H:34])([H:35])[C:15]([H:36])([H:37])[C:16]([H:38])([H:39])[C:17]([H:40])([C:18]([H:41])([H:42])[O:19]1)[C:20]2([H:43])[H:44])([H:32])[H:33])([H:21])([H:22])[H:23],24,5.1875,other_central_bonds,N-S-C-C,CN1CC2CC1CN2S(=O)(=O)CC12CCCC(CO1)C2,20,6,0,neutral,4,ring_containing,3,0.2545454545454545,0.41761227470430573,whole_similarity_Q2,torsion_distance_Q4,heavy_atoms_Q4
confirmation,02e734e7941c58528f75f38727886a84,[C:1]([C:2]([N:3]([C:4]([H:15])([H:16])[H:17])[P:5]1[O:6][C:7]([H:18])([H:19])[C:8]([H:20])([H:21])[O:9]1)([H:13])[H:14])([H:10])([H:11])[H:12],24,7.125,C-N,C-C-N-P,CCN(C)P1OCCO1,9,4,0,neutral,1,ring_containing,2,0.19444444444444445,0.6809340567920583,whole_similarity_Q1,torsion_distance_Q4,heavy_atoms_Q1
confirmation,02e76e25c957594e91e8e48e6132a1c9,[C:1]([O:2][c:3]1[c:4]([H:7])[c:6]([H:9])[c:8]([H:11])[c:10]([H:12])[c:5]1-[n:13]1[n:14][c:16]([H:18])[c:17]2[c:15]1[C:20]([H:21])([H:22])[C:23]([H:25])([H:26])[C:24]([H:28])([H:29])[N:27]([C:30]([H:35])([H:36])[H:37])[C:19]2=[O:31])([H:32])([H:33])[H:34],23,12.8125,C-N,C-C-N-N,COc1ccccc1-n1ncc2c1CCCN(C)C2=O,20,5,0,neutral,3,ring_containing,2,0.30434782608695654,0.20289746447062765,whole_similarity_Q3,torsion_distance_Q2,heavy_atoms_Q4
confirmation,02e81d3ff0d652f88b6bc10805ad0a28,[O:1]=[S:2]1(=[O:3])[C:4]([H:20])([H:21])[C:5]2([C:6]([H:22])([H:23])[C:7]([H:24])([H:25])[N:8]2[C:9]([c:10]2[c:11]([H:28])[c:12]3[c:13]([H:29])[c:14]([H:30])[c:15]([H:31])[c:16]([H:32])[n:17]3[n:18]2)([H:26])[H:27])[C:19]1([H:33])[H:34],24,2.4375,C-C,N-C-C-N,O=S1(=O)CC2(CCN2Cc2cc3ccccn3n2)C1,19,6,0,neutral,4,ring_containing,2,0.4032258064516129,0.21637109051548523,whole_similarity_Q4,torsion_distance_Q2,heavy_atoms_Q3
confirmation,02e8d1ea737b5ed792273a768f3df693,[C:1]([C:2](=[O:3])[N:4]=[c:5]1[c:6]([H:18])[c:7]2[c:8]([H:19])[c:9]([H:20])[c:10]([Br:11])[c:12]([H:21])[n:13]2[n:14]1[H:22])([H:15])([H:16])[H:17],24,17.5,C-N,C-N-C-N,CC(=O)N=c1cc2ccc(Br)cn2[nH]1,14,5,0,neutral,2,ring_containing,0,0.25925925925925924,0.4085359681484119,whole_similarity_Q2,torsion_distance_Q4,heavy_atoms_Q2
confirmation,02ea3a5177b954868d5d0aa83114560c,[C:1]([N:2]1[C:3]([H:5])([H:6])[N:7]([C:8]([c:10]2[c:13]([H:15])[c:16]([H:17])[c:18]([H:19])[c:20]([Cl:21])[c:14]2[H:22])([c:11]2[c:23]([H:25])[c:26]([H:27])[c:28]([H:29])[c:30]([Cl:31])[c:24]2[H:32])[H:12])[n:9]2[c:33]([H:35])[c:36]([H:37])[c:38](=[O:39])[c:40]([C:41]([H:46])([H:47])[H:48])[c:34]2[C:4]1=[O:42])([H:43])([H:44])[H:45],24,16.75,other_central_bonds,C-N-N-C,Cc1c2n(ccc1=O)N(C(c1cccc(Cl)c1)c1cccc(Cl)c1)CN(C)C2=O,29,7,0,neutral,4,ring_containing,3,0.3,0.30024804786734655,whole_similarity_Q3,torsion_distance_Q3,heavy_atoms_Q4
confirmation,02ea447a2c8e596b8ad9b192509672b5,[C:1]([Si:2]([C:3]([H:23])([H:24])[H:25])([C:4]([H:26])([H:27])[H:28])[c:5]1[c:6]2[c:7]([c:8]([H:29])[c:9]([O:11][C:12]([F:13])([F:14])[F:15])[c:10]1[H:30])[s:16][c:17]([N:19]([H:31])[H:32])[n:18]2)([H:20])([H:21])[H:22],24,3.5625,other_central_bonds,C-Si-C-C,C[Si](C)(C)c1cc(OC(F)(F)F)cc2sc(N)nc12,19,8,0,neutral,2,ring_containing,2,0.19298245614035087,0.9857940606496315,whole_similarity_Q1,torsion_distance_Q4,heavy_atoms_Q3
confirmation,02ea6fa988805723b88392d349afb18f,[Cl:1][C:2]([c:3]1[c:6]([H:9])[c:8]([H:11])[c:10]([Cl:12])[c:13]([I:14])[c:7]1[H:15])([H:4])[H:5],24,2.0,C-C,Cl-C-C-C,ClCc1ccc(Cl)c(I)c1,10,3,0,neutral,1,ring_containing,1,0.25,2.862274206221346,whole_similarity_Q1,torsion_distance_Q4,heavy_atoms_Q1
confirmation,02ebafed789252ebb3c936a13dea69f9,[H:1][C:2]1([H:3])[C:4]([H:6])([H:7])[C:8]([H:9])=[C:10]([H:11])[C:12]2([H:13])[C:5]1([H:15])[C:16](=[O:17])[N:18]([C:19]([H:32])([H:33])[H:34])[C:14]2([c:20]1[c:22]([H:24])[c:25]([H:26])[c:27]([Br:28])[c:29]([H:30])[c:23]1[F:31])[H:21],24,12.75,C-C,N-C-C-C,CN1C(=O)C2CCC=CC2C1c1ccc(Br)cc1F,19,4,0,neutral,3,ring_containing,1,0.2698412698412698,0.3816410311577862,whole_similarity_Q2,torsion_distance_Q4,heavy_atoms_Q3
confirmation,02ebfa77892359ec994b04adeff0656b,[C:1]([O:2][C:3](=[O:4])[C:5](=[C:6]([N:8]([c:10]1[c:12]([H:15])[c:14]([H:17])[c:16]([F:18])[c:19]([F:20])[c:13]1[H:21])[H:11])[H:9])[S:7](=[O:22])(=[O:23])[C:24]([H:28])([H:29])[H:30])([H:25])([H:26])[H:27],24,19.5,C-N,C-C-N-C,COC(=O)C(=CNc1ccc(F)c(F)c1)S(C)(=O)=O,19,8,0,neutral,1,ring_containing,4,0.2727272727272727,0.4017824901253746,whole_similarity_Q2,torsion_distance_Q4,heavy_atoms_Q3
confirmation,02ec72b00ca8546c92eb1a4b21079cef,[C:1]([O:2][C:3](=[O:4])[C:5]([C:6]([H:9])([H:10])[H:11])([C:7]([Br:12])([H:13])[H:14])[O:8][C:15]([H:16])([H:17])[H:18])([H:19])([H:20])[H:21],24,5.5,C-C,O-C-C-C,COC(=O)C(C)(CBr)OC,10,4,0,neutral,0,acyclic,3,0.2631578947368421,0.7049809259230242,whole_similarity_Q2,torsion_distance_Q4,heavy_atoms_Q1
confirmation,02ee8349db71572f98b6727b10b4cf5e,[C:1]([c:2]1[n:3][c:5]([C:6]([H:28])([H:29])[H:30])[c:7]([H:8])[c:9]([O:10][C:11]([c:12]2[c:15]([H:17])[c:18]([H:19])[c:20]([H:21])[c:22]([Cl:23])[c:16]2[H:24])([H:13])[H:14])[n:4]1)([H:25])([H:26])[H:27],24,8.125,C-O,C-O-C-C,Cc1cc(OCc2cccc(Cl)c2)nc(C)n1,17,4,0,neutral,2,ring_containing,3,0.5,0.2635759538816737,whole_similarity_Q4,torsion_distance_Q3,heavy_atoms_Q3
confirmation,02ef1b4ef58d5a36b638b9a595600fe8,[C:1]([c:2]1[c:3]([H:14])[c:4]([H:15])[c:5]([C:6](=[O:7])[S-:8])[c:9]([H:16])[c:10]1[H:17])([H:11])([H:12])[H:13],24,4.0625,C-C,C-C-C-S,Cc1ccc(C(=O)[S-])cc1,10,2,-1,negative,1,ring_containing,1,0.39285714285714285,0.3746532474150174,whole_similarity_Q4,torsion_distance_Q4,heavy_atoms_Q1
confirmation,02ef2b1a46c7582680aa4dbc9aa09de3,[C:1]([N:2]=[C:3]([C:4]([H:21])([H:22])[H:23])[N:5]1[C:6]([H:24])([H:25])[C:7]([N:8]([C:9](=[O:10])[C:11]2([H:28])[C:12]([H:29])([H:30])[C:13]([H:31])([H:32])[C:14]([H:33])([H:34])[C:15]([H:35])([H:36])[O:16]2)[H:27])([H:26])[C:17]1([H:37])[H:38])([H:18])([H:19])[H:20],24,4.75,C-N,C-C-N-C,CN=C(C)N1CC(NC(=O)C2CCCCO2)C1,17,5,0,neutral,2,ring_containing,2,0.5111111111111111,0.19705688512963745,whole_similarity_Q4,torsion_distance_Q2,heavy_atoms_Q3
confirmation,02ef67c9a7f55643bf3160a283aa1e6d,[C:1]([c:2]1[c:3]([H:6])[c:5]([H:8])[c:7]2[c:9]([C:11]([C:13]#[N:15])=[C:14]([c:16]3[c:18]([H:21])[c:20]([H:23])[c:22]([H:25])[n:24][c:19]3[H:26])[H:17])[c:12]([H:28])[n:27]([H:29])[c:10]2[c:4]1[H:30])([H:31])([H:32])[H:33],24,5.25,C-C,C-C-C-C,Cc1ccc2c(C(C#N)=Cc3cccnc3)c[nH]c2c1,20,3,0,neutral,3,ring_containing,2,0.2857142857142857,0.2334821423524715,whole_similarity_Q2,torsion_distance_Q2,heavy_atoms_Q4
confirmation,02f062d8026c5a7a90ac9b5f5ffc5bac,[C:1]([O:2][c:6]1[c:7]([H:9])[c:10]([H:11])[c:12]2[n:13][c:15]([H:16])[c:17]([C:18]([H:21])([H:22])[H:23])[n:19][c:14]2[c:8]1[Cl:20])([H:3])([H:4])[H:5],24,3.75,C-O,C-O-C-C,COc1ccc2ncc(C)nc2c1Cl,14,4,0,neutral,2,ring_containing,1,0.27450980392156865,0.23768232534420125,whole_similarity_Q2,torsion_distance_Q2,heavy_atoms_Q2
confirmation,02f14242388d5fbe8a6c2cdd5dc4703c,[C:1]([S:2][C:3]1([C:4](=[O:5])[N:6]2[C:7]([H:20])([H:21])[C:8]3([H:22])[C:9]([H:23])([H:24])[C:10]([H:25])([H:26])[O:11][C:12]3([H:27])[C:13]2([H:28])[H:29])[C:14]([H:30])([H:31])[C:15]([H:32])([H:33])[C:16]1([H:34])[H:35])([H:17])([H:18])[H:19],24,10.75,C-C,S-C-C-O,CSC1(C(=O)N2CC3CCOC3C2)CCC1,16,4,0,neutral,3,ring_containing,2,0.4772727272727273,0.2410464030954895,whole_similarity_Q4,torsion_distance_Q2,heavy_atoms_Q2
confirmation,02f24f6097ca530a8c5b8c56b809c0dd,[C:1]([c:2]1[n:3][n:7]([C:9]2([H:10])[C:11]([H:13])([H:14])[C:15](=[O:16])[N:17]([C:18]([H:26])([H:27])[H:28])[C:12]2=[O:19])[c:5]([C:8]([H:23])([H:24])[H:25])[c:4]1[H:6])([H:20])([H:21])[H:22],14,14.75,C-C,N-C-C-C,Cc1cc(C)n(C2CC(=O)N(C)C2=O)n1,15,5,0,neutral,2,ring_containing,1,0.2857142857142857,0.14602886019799938,whole_similarity_Q2,torsion_distance_Q1,heavy_atoms_Q2
confirmation,02f321304c8255e1b3afaf9e1983731d,[O:1]=[C:2]([C:3]1([H:14])[C:4]([H:15])([H:16])[C:5]1([H:17])[H:18])[N:6]1[C:7]([H:19])([H:20])[C:8]([H:21])([H:22])[N:9]([H:23])[C:10]2([H:24])[C:11]([H:25])([H:26])[C:12]([H:27])([H:28])[C:13]12[H:29],24,16.15625,C-N,C-C-N-C,O=C(C1CC1)N1CCNC2CCC21,13,3,0,neutral,3,ring_containing,1,0.3137254901960784,0.11431533455529835,whole_similarity_Q3,torsion_distance_Q1,heavy_atoms_Q1
confirmation,02f7f86b338c5983a9312dcb38db3f52,[C:1]([c:2]1[c:3]([H:5])[c:6]([H:7])[c:8]([C:9]([C:10](=[O:13])[N:14]([C:15]([H:31])([H:32])[H:33])[H:16])([N:11]([C:17]([H:19])([H:20])[H:21])[C:18](=[O:22])[C:23](=[O:24])[N:25]([C:26]([H:34])([H:35])[H:36])[H:27])[H:12])[o:4]1)([H:28])([H:29])[H:30],23,8.0625,C-N,C-C-N-C,CNC(=O)C(=O)N(C)C(C(=O)NC)c1ccc(C)o1,19,7,0,neutral,1,ring_containing,3,0.22916666666666666,0.16062009941810584,whole_similarity_Q1,torsion_distance_Q1,heavy_atoms_Q3
confirmation,02f83b758b9f5239bb90f630af7345b4,[C:1]([c:2]1[c:3]([N:4]([H:19])[H:20])[n+:5]([H:21])[n:6]2[c:7]1[c:8]([H:22])[c:9]1[c:10]([H:23])[c:11]([H:24])[c:12]([H:25])[c:13]([H:26])[c:14]([H:27])[c:15]21)([H:16])([H:17])[H:18],24,19.53125,C-N,N-N-C-C,Cc1c(N)[nH+]n2c1cc1cccccc12,15,3,1,positive,3,ring_containing,0,0.2830188679245283,0.1596622084280856,whole_similarity_Q2,torsion_distance_Q1,heavy_atoms_Q2
confirmation,02f8a13fe5145fc5bca38ab6844caf5e,[C:1]([C:2]12[C:3]([H:33])([H:34])[C:4]([H:35])([H:36])[C:5]34[O:6][C:7]([H:37])([H:38])[C:8]([H:39])([O:9]3)[C:10](=[O:11])[C:12]([H:40])=[C:13]4[C:14]1([O:15][H:41])[C:16]([H:42])([H:43])[C:17]([H:44])([H:45])[C:18]1([H:46])[C:19]([H:47])([H:48])[c:20]3[c:21]([n:22]([H:49])[c:23]4[c:24]([H:50])[c:25]([H:51])[c:26]([H:52])[c:27]([H:53])[c:28]34)[C:29]21[H:54])([H:30])([H:31])[H:32],14,17.0,C-C,C-C-C-C,CC12CCC34OCC(O3)C(=O)C=C4C1(O)CCC1Cc3c([nH]c4ccccc34)C12,29,5,0,neutral,7,ring_containing,0,0.2,0.23458945130639536,whole_similarity_Q1,torsion_distance_Q2,heavy_atoms_Q4
confirmation,02f8a26c9027547498f795b6af98ef66,[B:1]1([C:10]2([H:30])[C:11]([H:31])([H:32])[C:12]2([c:13]2[c:14]([H:34])[o:15][c:16]([H:35])[c:17]2[H:36])[H:33])[O:2][C:3]([C:8]([H:24])([H:25])[H:26])([C:9]([H:27])([H:28])[H:29])[C:4]([C:6]([H:18])([H:19])[H:20])([C:7]([H:21])([H:22])[H:23])[O:5]1,24,3.6875,other_central_bonds,O-B-C-C,CC1(C)OB(C2CC2c2ccoc2)OC1(C)C,17,4,0,neutral,3,ring_containing,2,0.24,0.22245565817807295,whole_similarity_Q1,torsion_distance_Q2,heavy_atoms_Q3
confirmation,02f90315cf02541ebc6f638f2d8c9372,[C:1]([O:2][C:3](=[O:4])[C:5]([F:6])([F:7])[c:8]1[c:9]([F:10])[c:11]([H:19])[c:12]([H:20])[c:13]([H:21])[c:14]1[F:15])([H:16])([H:17])[H:18],24,0.625,C-C,C-C-C-C,COC(=O)C(F)(F)c1c(F)cccc1F,15,6,0,neutral,1,ring_containing,2,0.39473684210526316,0.3165804167395987,whole_similarity_Q4,torsion_distance_Q3,heavy_atoms_Q2
confirmation,02fc8f49d1de5897962e542ae78f9dac,[C:1]([O:2][c:6]1[c:7]([H:10])[c:9]([H:12])[s:11][c:8]1[C:13](=[C:14]([C:16]([H:18])([H:19])[H:20])[H:17])[H:15])([H:3])([H:4])[H:5],24,3.75,C-O,C-O-C-C,CC=Cc1sccc1OC,10,2,0,neutral,1,ring_containing,2,0.3611111111111111,0.3035591358862385,whole_similarity_Q4,torsion_distance_Q3,heavy_atoms_Q1
confirmation,02fd0203b3f55567bfa4e039318b1617,[C:1]([C:2](=[C:3]1[C:5](=[O:7])[N:8]([c:9]2[c:11]([H:14])[c:13]([H:16])[c:15]([H:18])[c:17]([H:19])[c:12]2[H:20])[c:10]2[c:6]1[c:26]([H:28])[c:25]([H:27])[c:22]([Cl:24])[c:21]2[H:23])[N:4]([C:29]([H:34])([H:35])[H:36])[C:30]([H:37])([H:38])[H:39])([H:31])([H:32])[H:33],24,4.75,C-N,C-N-C-C,CC(=C1C(=O)N(c2ccccc2)c2cc(Cl)ccc21)N(C)C,22,4,0,neutral,3,ring_containing,2,0.3018867924528302,0.29394514108341674,whole_similarity_Q3,torsion_distance_Q3,heavy_atoms_Q4
confirmation,02fd3c02132d50c7a1ca8cd26d0f8425,[C:1]([Si:2]([C:3]([H:14])([H:15])[H:16])([C:4]([H:17])([H:18])[H:19])[O:5][C:6]1=[C:7]([H:20])[C:8]([H:21])([H:22])[C:9]([H:23])([H:24])[C:10]1([H:25])[H:26])([H:11])([H:12])[H:13],24,1.34375,other_central_bonds,C-Si-O-C,C[Si](C)(C)OC1=CCCC1,10,2,0,neutral,1,ring_containing,2,0.18421052631578946,0.4418641952023549,whole_similarity_Q1,torsion_distance_Q4,heavy_atoms_Q1
confirmation,02fd56a81be95dd0b2e0514fc0f38ddd,[C:1]([C:2]([N:3]([H:23])[H:24])=[N+:4]([N:5]([C:6]1=[N:7][S:8](=[O:9])(=[O:10])[c:11]2[c:12]([H:27])[c:13]([C:14]([H:28])([H:29])[H:30])[c:15]([Cl:16])[c:17]([H:31])[c:18]2[S:19]1)[H:26])[H:25])([H:20])([H:21])[H:22],17,17.5,C-N,S-N-C-S,CC(N)=[NH+]NC1=NS(=O)(=O)c2cc(C)c(Cl)cc2S1,19,9,1,positive,2,ring_containing,1,0.2153846153846154,1.056399904776128,whole_similarity_Q1,torsion_distance_Q4,heavy_atoms_Q3
confirmation,02fd64186df153aa91d858053862401c,[O:1]=[C:2]([N:3]([C:5]([H:19])([H:20])[H:21])[H:6])[c:4]1[c:7]([H:9])[n:10]2[c:11]([H:13])[c:14]([H:15])[n:16][c:12]2[c:17]([H:18])[n:8]1,24,13.09375,C-C,O-C-C-N,CNC(=O)c1cn2ccnc2cn1,13,5,0,neutral,2,ring_containing,1,0.3018867924528302,0.13468911293163624,whole_similarity_Q3,torsion_distance_Q1,heavy_atoms_Q1
confirmation,02fda1ab7b435fdcb2b2fede7f544e53,[H:1][C:2]([C:3]([C:6]1([C:9]2=[C:12]([H:14])[C:15]([H:16])([H:17])[c:18]3[c:13]2[c:25]([H:26])[c:23]([H:24])[c:21]([H:22])[c:19]3[H:20])[C:10]([H:27])([H:28])[c:29]2[c:30]([H:32])[c:33]([H:34])[c:35]([H:36])[c:37]([H:38])[c:31]2[C:11]1=[O:39])([H:7])[H:8])([H:4])[H:5],19,18.8125,C-C,C-C-C-O,CCC1(C2=CCc3ccccc32)Cc2ccccc2C1=O,21,1,0,neutral,4,ring_containing,2,0.2641509433962264,0.2578204571501235,whole_similarity_Q2,torsion_distance_Q3,heavy_atoms_Q4
confirmation,02ff87e548f157e1b6027ec415a28a6d,[N:1]#[C:2][c:3]1[c:4]([N:6]2[C:8]([H:10])([H:11])[C:12]([H:13])=[C:14]([H:15])[C:9]2([H:16])[H:17])[n:7]([H:18])[c:19]2[c:5]1[n:26][c:24]([H:25])[c:22]([H:23])[c:20]2[H:21],24,19.3125,C-C,C-C-C-N,N#Cc1c(N2CC=CC2)[nH]c2cccnc12,16,4,0,neutral,3,ring_containing,1,0.21818181818181817,0.1795946724837534,whole_similarity_Q1,torsion_distance_Q1,heavy_atoms_Q2
confirmation,02ffacb703c154618a2a101399a9ae74,[C:1]([C:2](=[C:6]([C:8]1([H:12])[O:10][C:13]([H:14])([H:16])[C:15]2([H:26])[C:11]1([H:25])[C:22]([H:23])([H:24])[C:20](=[O:21])[C:18]2([H:17])[H:19])[H:9])[C:7](=[O:27])[O:28][H:29])([H:3])([H:4])[H:5],24,8.65625,C-C,C-C-C-O,CC(=CC1OCC2CC(=O)CC21)C(=O)O,15,4,0,neutral,2,ring_containing,2,0.2692307692307692,0.095212838769938,whole_similarity_Q2,torsion_distance_Q1,heavy_atoms_Q2
confirmation,03001ead94bf5184b5515bdda08a2d23,[C:1]([N-:2][S:3](=[O:4])(=[O:5])[c:6]1[c:7]([H:17])[c:8]([H:18])[c:9]([Br:10])[c:11]([H:19])[c:12]1[F:13])([H:14])([H:15])[H:16],24,4.75,other_central_bonds,N-S-C-C,C[N-]S(=O)(=O)c1ccc(Br)cc1F,13,6,-1,negative,1,ring_containing,2,0.2857142857142857,0.9132958344697533,whole_similarity_Q2,torsion_distance_Q4,heavy_atoms_Q1
confirmation,03004f05d16550a0b9d29e29bbcf2d4d,[C:1]([C:2]1=[C:3]([N:5]([C:7](=[O:9])[c:10]2[c:11]([H:13])[c:14]([H:15])[c:16]([H:17])[c:18]([H:19])[c:12]2[Cl:20])[H:8])[C:6](=[O:21])[N:22]([H:23])[C:24]([H:30])([H:31])[C:4]1([H:28])[H:29])([H:25])([H:26])[H:27],13,15.5,C-C,C-C-C-C,CC1=C(NC(=O)c2ccccc2Cl)C(=O)NCC1,18,5,0,neutral,2,ring_containing,2,0.2631578947368421,0.1625672302234466,whole_similarity_Q2,torsion_distance_Q1,heavy_atoms_Q3
confirmation,030195e8cedc53ccaaa00e70dbe68387,[C:1]([c:2]1[c:3]([H:18])[c:4]([Br:5])[c:6]([O:7][H:19])[c:8]2[c:9]1[C:10]([H:20])([H:21])[C:11]([H:22])([H:23])[O:12][C:13]2=[O:14])([H:15])([H:16])[H:17],24,15.75,C-O,C-C-O-H,Cc1cc(Br)c(O)c2c1CCOC2=O,14,4,0,neutral,2,ring_containing,0,0.2549019607843137,0.622222042257625,whole_similarity_Q2,torsion_distance_Q4,heavy_atoms_Q2
confirmation,03022fdc766b5dfbb5c2769c56719abb,[C:1]([N+:2]([C:3]([H:15])([H:16])[H:17])([C:4]([c:5]1[n:6][n:7][s:8][c:9]1[Cl:10])([H:18])[H:19])[H:14])([H:11])([H:12])[H:13],24,6.5,C-N,C-N-C-C,C[NH+](C)Cc1nnsc1Cl,10,5,1,positive,1,ring_containing,2,0.16666666666666666,0.7750381035114613,whole_similarity_Q1,torsion_distance_Q4,heavy_atoms_Q1
confirmation,03066a7bbee75e9eab18ff12a0ed236a,[C:1]([O:2][C:3](=[O:4])[N:5]1[C:6]([H:21])([H:22])[C:7]([H:23])([H:24])[C:8]([C:9]([N:10]([C:11]2([H:29])[C:12]([H:30])([H:31])[C:13]3([H:32])[C:14]([H:33])([H:34])[C:15]23[H:35])[H:28])([H:26])[H:27])([H:25])[C:16]([H:36])([H:37])[C:17]1([H:38])[H:39])([H:18])([H:19])[H:20],24,13.71875,C-O,C-O-C-N,COC(=O)N1CCC(CNC2CC3CC32)CC1,17,4,0,neutral,3,ring_containing,3,0.425531914893617,0.22533296725610585,whole_similarity_Q4,torsion_distance_Q2,heavy_atoms_Q3
confirmation,0306d32d688f55c4ac46159ea1e7b744,[C:1]([c:2]1[c:3]([H:15])[c:4]([H:16])[n+:5]([H:17])[c:6]([C:7]2([H:18])[C:8]([H:19])([H:20])[C:9]2([H:21])[H:22])[c:10]1[Cl:11])([H:12])([H:13])[H:14],21,17.75,C-C,C-C-C-N,Cc1cc[nH+]c(C2CC2)c1Cl,11,2,1,positive,2,ring_containing,1,0.275,0.3647481753717517,whole_similarity_Q2,torsion_distance_Q3,heavy_atoms_Q1
confirmation,0307a03b973f57fba219e7e2256e6c80,[C:1]([O:2][C:3](=[O:4])[c:5]1[c:6]([H:9])[c:8]2[n:10][c:12]([H:14])[c:13]([H:16])[c:15]([H:17])[n:11]2[n:7]1)([H:18])([H:19])[H:20],24,5.28125,C-C,O-C-C-N,COC(=O)c1cc2ncccn2n1,13,5,0,neutral,2,ring_containing,1,0.2978723404255319,0.2092598403580028,whole_similarity_Q3,torsion_distance_Q2,heavy_atoms_Q1
confirmation,030978338c4d5843ab66ae12ef33389d,[C:1]([c:2]1[c:6]([S:8][c:10]2[c:11]([H:14])[c:13]([H:16])[c:15]([H:18])[c:17]([H:19])[c:12]2[C:20]([H:27])([H:28])[H:29])[s:9][c:21](=[N:22][C:23](=[O:24])[C:25]([H:30])([H:31])[H:32])[n:7]1[C:26]([H:33])([H:34])[H:35])([H:3])([H:4])[H:5],24,6.75,other_central_bonds,C-C-S-C,CC(=O)N=c1sc(Sc2ccccc2C)c(C)n1C,19,5,0,neutral,2,ring_containing,2,0.32,0.42256902128525825,whole_similarity_Q3,torsion_distance_Q4,heavy_atoms_Q3
confirmation,0309e3a91cde50a68e197e4411c1ddfb,[C:1]([N:2]1[C:3]([H:20])([H:21])[N:4]([C:5](=[O:6])[C:7]23[C:8]([H:22])([H:23])[C:9]([H:24])([C:10]([H:25])([H:26])[C:11]([H:27])([H:28])[O:12]2)[C:13]3([H:29])[H:30])[C:14]([H:31])([H:32])[C:15]1=[O:16])([H:17])([H:18])[H:19],24,9.75,C-C,N-C-C-O,CN1CN(C(=O)C23CC(CCO2)C3)CC1=O,16,5,0,neutral,4,ring_containing,1,0.3684210526315789,0.24341428813962002,whole_similarity_Q4,torsion_distance_Q2,heavy_atoms_Q2
confirmation,030bdd512b555e4b8d64ad50bbaed139,[C:1]([c:2]1[c:3]([H:6])[c:5]2[n:7][c:9]([H:11])[c:10]([C:12](=[O:14])[H:15])[c:13]([H:16])[n:8]2[n:4]1)([H:17])([H:18])[H:19],24,10.46875,C-C,C-C-C-O,Cc1cc2ncc(C=O)cn2n1,12,4,0,neutral,2,ring_containing,1,0.2391304347826087,0.36387759551666504,whole_similarity_Q1,torsion_distance_Q3,heavy_atoms_Q1
confirmation,030e05cd71e7570c87ad41f58dbda8c3,[N:1]#[C:2][c:3]1[c:4]([H:22])[n:5][n:6]([H:23])[c:7]1[C:8](=[O:9])[N:10]1[C:11]([H:24])([H:25])[C:12]([H:26])([H:27])[C:13]([H:28])([H:29])[C:14]12[C:15]([H:30])([H:31])[C:16]([H:32])([H:33])[C:17]([H:34])([H:35])[S:18](=[O:19])(=[O:20])[C:21]2([H:36])[H:37],24,8.6875,C-C,C-C-C-O,N#Cc1cn[nH]c1C(=O)N1CCCC12CCCS(=O)(=O)C2,21,8,0,neutral,3,ring_containing,1,0.45901639344262296,0.2566482348040516,whole_similarity_Q4,torsion_distance_Q3,heavy_atoms_Q4
confirmation,030e3f04822750439016a0492dd5f850,[C:1]([c:2]1[c:3]([Cl:29])[c:7]2[c:5]([n:4]1[H:6])[n:8][c:9]([S:10][c:12]1[c:13]([H:15])[c:16]([H:17])[c:18]3[c:19]([H:21])[n:22][c:23]([H:24])[n:25][c:20]3[c:14]1[H:26])[n:11][c:27]2[C:28]([H:33])([H:34])[H:35])([H:30])([H:31])[H:32],24,2.125,other_central_bonds,C-S-C-C,Cc1[nH]c2nc(Sc3ccc4cncnc4c3)nc(C)c2c1Cl,23,7,0,neutral,4,ring_containing,2,0.21212121212121213,0.547808941814597,whole_similarity_Q1,torsion_distance_Q4,heavy_atoms_Q4
confirmation,030e55eca9e1559a8dd3e238f43064b9,[C:1]([O:2][C:3](=[O:4])[N:5]1[C:6]([H:22])([H:23])[C:7]([H:24])([H:25])[N:8]([C:9]([H:26])([H:27])[H:28])[C:10]([C:11](=[O:12])[N:13]=[S:14]([C:15]([H:30])([H:31])[H:32])([C:16]([H:33])([H:34])[H:35])=[O:17])([H:29])[C:18]1([H:36])[H:37])([H:19])([H:20])[H:21],24,1.75,C-C,C-C-C-O,COC(=O)N1CCN(C)C(C(=O)N=S(C)(C)=O)C1,18,8,0,neutral,1,ring_containing,1,0.3673469387755102,0.24389226325044838,whole_similarity_Q4,torsion_distance_Q2,heavy_atoms_Q3
confirmation,030f1faea53858c0a8b8268326690191,[C:1]([N:2]1[C:3]([H:6])([H:7])[C:5]([H:9])([H:10])[C:8]([H:12])([H:13])[C:11]([N:14]([C:16](=[O:18])[C:19]2([H:22])[C:20]([H:24])([H:25])[C:23]([H:26])([H:28])[C:27]([H:29])([H:30])[N:21]2[C:31]([H:37])([H:38])[H:39])[H:17])([H:15])[C:4]1([H:32])[H:33])([H:34])([H:35])[H:36],24,16.46875,C-N,C-N-C-O,CN1CCCC(NC(=O)C2CCCN2C)C1,16,4,0,neutral,2,ring_containing,2,0.35185185185185186,0.26455234259225024,whole_similarity_Q4,torsion_distance_Q3,heavy_atoms_Q2
confirmation,03102fae2f6d51408e2cf768ee6fac4c,[O:1]=[C:2]([N:3]([C:4]1([H:20])[C:5]([H:21])([H:22])[C:6]([H:23])([H:24])[S:7][C:8]1([H:25])[H:26])[H:19])[C:9]1([H:27])[C:10]([H:28])([H:29])[C:11]2([H:30])[C:12]([H:31])([H:32])[C:13]([H:33])([H:34])[C:14]([H:35])([H:36])[N:15]2[S:16]1(=[O:17])=[O:18],24,4.1875,C-N,C-N-C-C,O=C(NC1CCSC1)C1CC2CCCN2S1(=O)=O,18,7,0,neutral,3,ring_containing,2,0.3225806451612903,0.3487448541474627,whole_similarity_Q3,torsion_distance_Q3,heavy_atoms_Q3
confirmation,0310ae10dace5637a02d42ff61446616,[C:1]([C:2]1([H:19])[C:3]([H:20])([H:21])[O:4][c:5]2[c:6]([H:22])[c:7]([H:23])[c:8]([H:24])[c:9]([F:10])[c:11]2[S:12](=[O:13])(=[O:14])[N-:15]1)([H:16])([H:17])[H:18],24,19.875,other_central_bonds,C-C-S-N,CC1COc2cccc(F)c2S(=O)(=O)[N-]1,15,6,-1,negative,2,ring_containing,0,0.23214285714285715,0.5145815259013986,whole_similarity_Q1,torsion_distance_Q4,heavy_atoms_Q2
confirmation,031117cbfc52534091fc25f5aac401fc,[C:1]([O:2][C:3]([N-:4][H:9])=[O:5])([H:6])([H:7])[H:8],24,6.046875,C-O,C-O-C-O,COC([NH-])=O,5,3,-1,negative,0,acyclic,0,0.2857142857142857,0.5786774544280407,whole_similarity_Q2,torsion_distance_Q4,heavy_atoms_Q1
confirmation,03115aecd1c757e3bb36519f57995ec4,[C:1]([c:2]1[c:3]([O:4][H:21])[c:5]([C:6]#[N:7])[c:8](=[O:9])[n:10]2[c:11]1[C:12](=[O:13])[N:14]([C:15]([H:22])([H:23])[H:24])[C:16]([H:25])([H:26])[C:17]2([H:27])[H:28])([H:18])([H:19])[H:20],24,9.3125,C-O,C-C-O-H,Cc1c(O)c(C#N)c(=O)n2c1C(=O)N(C)CC2,17,6,0,neutral,2,ring_containing,0,0.2413793103448276,0.4042052296435007,whole_similarity_Q1,torsion_distance_Q4,heavy_atoms_Q3
confirmation,0312f40b1810524d936dea0beb433636,[C:1]([O:2][C:3]([C:4](=[O:5])[N:6]1[C:7]([H:24])([H:25])[C:8]([H:26])([H:27])[C:9]([H:28])([H:29])[C:10]([H:30])([H:31])[C:11]([H:32])([H:33])[C:12]1([H:34])[H:35])([c:13]1[c:14]([H:36])[c:15]([H:37])[c:16]([C:17]([H:38])([H:39])[H:40])[c:18]([H:41])[c:19]1[H:42])[H:23])([H:20])([H:21])[H:22],24,7.34375,C-C,O-C-C-N,COC(C(=O)N1CCCCCC1)c1ccc(C)cc1,19,3,0,neutral,2,ring_containing,3,0.5714285714285714,0.26026144988104943,whole_similarity_Q4,torsion_distance_Q3,heavy_atoms_Q3
confirmation,03138f523d4e551580151e464be2d2cb,[C:1]([N:2]([C:3]1([H:17])[C:4]([H:18])([H:19])[C:5]([H:20])([H:21])[C:6]([H:22])([H:23])[C:7]([H:24])([H:25])[C:8]([H:26])([H:27])[C:9]([H:28])([H:29])[C:10]1([F:11])[F:12])[H:16])([H:13])([H:14])[H:15],24,10.5,C-N,C-N-C-C,CNC1CCCCCCC1(F)F,12,3,0,neutral,1,ring_containing,1,0.38636363636363635,0.3104552317756182,whole_similarity_Q4,torsion_distance_Q3,heavy_atoms_Q1
confirmation,03149f26111454d0a54fcb4fc8095e6a,[C:1]([S:2](=[O:3])(=[O:4])[N:5]([C:6]([c:8]1[c:11]([H:13])[c:14]([H:15])[c:16]([F:17])[c:18]([H:19])[c:12]1[H:20])([H:9])[H:10])[C:7]([H:21])([H:22])[H:23])([H:24])([H:25])[H:26],24,6.1875,C-N,S-N-C-C,CN(Cc1ccc(F)cc1)S(C)(=O)=O,14,5,0,neutral,1,ring_containing,3,0.29545454545454547,0.4804654425161894,whole_similarity_Q3,torsion_distance_Q4,heavy_atoms_Q2
confirmation,031548b5d4905ebfba3f254301549e83,[C:1]([c:2]1[c:3]([H:5])[c:6]([H:7])[c:8]2[n:9][c:11]([H:12])[n:13][c:14]([C:15]([H:31])([H:32])[H:33])[c:10]2[c:4]1-[c:16]1[c:17]([H:19])[c:20]([H:21])[c:22]2[c:23]([c:18]1[H:26])[O:25][C:27]([H:34])([H:35])[O:24]2)([H:28])([H:29])[H:30],24,18.8125,C-C,C-C-C-C,Cc1ccc2ncnc(C)c2c1-c1ccc2c(c1)OCO2,21,4,0,neutral,4,ring_containing,1,0.25396825396825395,0.14553288443413695,whole_similarity_Q1,torsion_distance_Q1,heavy_atoms_Q4
confirmation,03163ffa4ebf5a9c8ec4873d88fdf7a8,[B:1]1([c:10]2[c:11]([C:18]#[N:19])[c:12]([C:16]([C:17]([H:37])([H:38])[H:39])([H:35])[H:36])[c:13]([H:32])[c:14]([H:33])[c:15]2[H:34])[O:2][C:3]([C:8]([H:26])([H:27])[H:28])([C:9]([H:29])([H:30])[H:31])[C:4]([C:6]([H:20])([H:21])[H:22])([C:7]([H:23])([H:24])[H:25])[O:5]1,24,2.0625,other_central_bonds,O-B-C-C,CCc1cccc(B2OC(C)(C)C(C)(C)O2)c1C#N,19,4,0,neutral,2,ring_containing,2,0.3673469387755102,0.13627885824087263,whole_similarity_Q4,torsion_distance_Q1,heavy_atoms_Q3
confirmation,03169e817df052bdac151c848dffbb21,[C:1]([c:2]1[n:3][n:5](-[c:6]2[c:8]([H:10])[c:11]([H:12])[c:13]([H:14])[c:15]([H:16])[c:9]2[H:17])[c:7](=[O:18])[c:19]([H:20])[c:4]1[Cl:21])([H:22])([H:23])[H:24],24,1.75,C-N,C-N-C-C,Cc1nn(-c2ccccc2)c(=O)cc1Cl,15,4,0,neutral,2,ring_containing,1,0.4418604651162791,0.2332093491547863,whole_similarity_Q4,torsion_distance_Q2,heavy_atoms_Q2
confirmation,0318b57fc62a53bcb9dc5d67212be388,[C:1]([N-:2][C:3](=[O:4])[C:5]([c:6]1[o:7][n:8][c:9]2[c:10]1[c:11](=[O:12])[n:13]([C:14]([H:24])([H:25])[H:26])[c:15](=[O:16])[n:17]2[C:18]([H:27])([H:28])[H:29])([H:22])[H:23])([H:19])([H:20])[H:21],24,11.3125,C-C,C-C-C-O,C[N-]C(=O)Cc1onc2c1c(=O)n(C)c(=O)n2C,18,8,-1,negative,2,ring_containing,2,0.25,0.285523402493931,whole_similarity_Q1,torsion_distance_Q3,heavy_atoms_Q3
confirmation,0318e1569a395b5c9698dbcd3bb47e32,[C:1]([C:2](=[O:3])[O:4][C:5]([C:6]1([O-:7])[C:8]([H:25])([H:26])[C:9]([H:27])([H:28])[C:10]([H:29])([H:30])[C:11]2([H:31])[C:12]([H:32])([H:33])[C:13]([H:34])([H:35])[C:14]([H:36])([H:37])[C:15]([H:38])([H:39])[C:16]([H:40])([H:41])[C:17](=[O:18])[C:19]12[H:42])([H:23])[H:24])([H:20])([H:21])[H:22],20,16.5,C-C,C-C-C-O,CC(=O)OCC1([O-])CCCC2CCCCCC(=O)C21,19,4,-1,negative,2,ring_containing,2,0.27586206896551724,0.3224493723615493,whole_similarity_Q2,torsion_distance_Q3,heavy_atoms_Q3
confirmation,03199171f3a950a5bae532a655ed866c,[C:1](=[C:2]1[c:5]2[c:7]([H:10])[c:9]([H:12])[c:11]([H:14])[c:13]([H:15])[c:8]2[N:16]=[C:17]([S:18][C:19]([C:20]([H:23])([H:24])[H:25])([C:21](=[O:26])[N:27]([C:28]([H:31])([H:32])[H:33])[H:29])[H:22])[N:6]1[C:30]([H:34])([H:35])[H:36])([H:3])[H:4],24,11.25,other_central_bonds,C-S-C-C,C=C1c2ccccc2N=C(SC(C)C(=O)NC)N1C,19,5,0,neutral,2,ring_containing,2,0.2236842105263158,0.2031273444901781,whole_similarity_Q1,torsion_distance_Q2,heavy_atoms_Q3
confirmation,031a9d08a2345e2c98b4b1027852815f,[N:1]([c:2]1[n:3][c:4]2[c:5]3[c:6]([n:7][c:8]([H:17])[n:9]3[C:10]([H:18])([H:19])[C:11]([H:20])([H:21])[C:12]([H:22])([H:23])[O:13]2)[n:14]1)([H:15])[H:16],24,19.375,C-C,C-C-C-O,Nc1nc2c3c(ncn3CCCO2)n1,14,6,0,neutral,3,ring_containing,0,0.22727272727272727,0.22138425344816526,whole_similarity_Q1,torsion_distance_Q2,heavy_atoms_Q2
confirmation,031ae4d41d26580b8ad2e3e3876c93f4,[C:1]([c:2]1[n:3][c:4]([C:5](=[O:6])[N:7]2[C:8]([H:22])([H:23])[C:9]([H:24])([H:25])[O:10][C:11]([H:26])([H:27])[C:12]2([H:28])[H:29])[c:13]2[c:14]([H:30])[c:15]([H:31])[n:16]([H:32])[c:17]2[n:18]1)([H:19])([H:20])[H:21],23,13.25,C-C,N-C-C-O,Cc1nc(C(=O)N2CCOCC2)c2cc[nH]c2n1,18,6,0,neutral,3,ring_containing,1,0.3333333333333333,0.14602886019799938,whole_similarity_Q3,torsion_distance_Q1,heavy_atoms_Q3
confirmation,031cd56b9abd505681ebcb5e23a7bffa,[Br:1][C:2]([C:3]1([C:6]([Br:9])([H:10])[H:11])[C:7]([H:13])([H:14])[C:12]([H:15])([H:16])[C:8]1([H:17])[H:18])([H:4])[H:5],23,9.25,C-C,Br-C-C-C,BrCC1(CBr)CCC1,8,2,0,neutral,1,ring_containing,2,0.16666666666666666,3.3863389603401655,whole_similarity_Q1,torsion_distance_Q4,heavy_atoms_Q1
confirmation,0320ee1863455a409a66afc89358abab,[C:1]([c:2]1[n:3][c:5]([H:6])[c:7]([C:8]([C:10]([H:13])([H:14])[H:15])([C:11]2([H:16])[C:17]([H:19])([H:20])[C:21]([H:22])([H:23])[C:24]([F:25])([F:26])[C:27]([H:28])([H:29])[C:18]2([H:30])[H:31])[H:12])[c:9]([H:32])[n:4]1)([H:33])([H:34])[H:35],24,7.84375,C-C,C-C-C-C,Cc1ncc(C(C)C2CCC(F)(F)CC2)cn1,17,4,0,neutral,2,ring_containing,2,0.3,0.3354580080790026,whole_similarity_Q3,torsion_distance_Q3,heavy_atoms_Q3
confirmation,032126aaae81569cb4b265d4509fe215,[C:1]([C:2](=[O:3])[N:4]1[C:5]([H:24])([H:25])[C:6]([H:26])([H:27])[C:7]([H:28])([H:29])[N:8]([C:9](=[O:10])[c:11]2[n:12][c:13]([C:14]([H:30])([H:31])[H:32])[c:15]([H:33])[c:16]([H:34])[c:17]2[Cl:18])[C:19]([H:35])([H:36])[C:20]1([H:37])[H:38])([H:21])([H:22])[H:23],24,24.25,C-N,C-C-N-C,CC(=O)N1CCCN(C(=O)c2nc(C)ccc2Cl)CC1,20,6,0,neutral,2,ring_containing,1,0.4897959183673469,0.16673968646130877,whole_similarity_Q4,torsion_distance_Q1,heavy_atoms_Q4
confirmation,03214b97b16e584c9d1712432760f3e3,[O:1]=[C:2]([N:3]1[C:4]([H:16])([H:17])[C:5]([H:18])([H:19])[C:6]([H:20])([H:21])[O:7][C:8]([H:22])([H:23])[C:9]1([H:24])[H:25])[N:10]1[C:11]([H:26])([H:27])[C:12]([H:28])([H:29])[S:13][C:14]([H:30])([H:31])[C:15]1([H:32])[H:33],24,10.1875,C-N,N-C-N-C,O=C(N1CCCOCC1)N1CCSCC1,15,5,0,neutral,2,ring_containing,0,0.30612244897959184,0.13813312171250305,whole_similarity_Q3,torsion_distance_Q1,heavy_atoms_Q2
confirmation,0322e6a4dd06506d988b3dc205db7bf5,[C:1]([S:2][c:3]1[n:4][c:5](=[O:6])[c:7]([C:8]([H:22])([H:23])[H:24])[c:9]([C:10]([H:25])([H:26])[H:27])[n:11]1-[c:12]1[c:13]([H:28])[c:14]([H:29])[c:15]([C:16]([H:30])([H:31])[H:32])[c:17]([H:33])[c:18]1[H:34])([H:19])([H:20])[H:21],24,10.375,other_central_bonds,N-C-S-C,CSc1nc(=O)c(C)c(C)n1-c1ccc(C)cc1,18,4,0,neutral,2,ring_containing,2,0.3333333333333333,0.2944941299674534,whole_similarity_Q3,torsion_distance_Q3,heavy_atoms_Q3
confirmation,0322e95ed65e569e8d893f55a9b4eb8a,[C:1]([C:2]#[C:3][C:4]1([C:5]([H:21])([H:22])[H:23])[C:6]([H:24])([H:25])[C:7]([H:26])([H:27])[C:8]2([H:28])[C:9]([H:29])([O:10][C:11](=[O:12])[N:13]2[C:14]([C:15]([H:30])([H:31])[H:32])=[O:16])[O:17]1)([H:18])([H:19])[H:20],19,26.1875,C-O,C-C-O-C,CC#CC1(C)CCC2C(OC(=O)N2C(C)=O)O1,17,5,0,neutral,2,ring_containing,0,0.25925925925925924,0.1334600914301899,whole_similarity_Q2,torsion_distance_Q1,heavy_atoms_Q3
confirmation,0323348e2db65344907d9304473d961f,[C:1]([C:2]1=[C:3]([H:5])[C:6]2=[N:7][C:9](=[O:10])[C:11](=[C:12]([N:14]([c:16]3[c:18]([H:20])[c:21]([H:22])[c:23]([F:24])[c:25]([H:26])[c:19]3[H:27])[H:17])[H:15])[C:13](=[O:28])[N:8]2[C:29]([H:30])=[C:4]1[H:31])([H:32])([H:33])[H:34],24,3.5,C-N,C-N-C-C,CC1=CC2=NC(=O)C(=CNc3ccc(F)cc3)C(=O)N2C=C1,22,6,0,neutral,3,ring_containing,2,0.2727272727272727,0.2050417830687349,whole_similarity_Q2,torsion_distance_Q2,heavy_atoms_Q4
confirmation,03238be9bd1352a488272e3044a4bddc,[C:1]([N:2]([C:3](=[O:5])[N:6]1[C:7](=[O:9])[C:10]([C:11]([C:13]([C:16]2([H:19])[C:20]([H:22])([H:23])[C:24]([H:25])([H:26])[N:27]([H:28])[C:29]([H:30])([H:31])[C:21]2([H:32])[H:33])([H:17])[H:18])([H:14])[H:15])([H:12])[C:8]1([H:34])[H:35])[C:4]([H:39])([H:40])[H:41])([H:36])([H:37])[H:38],24,18.46875,C-C,N-C-C-C,CN(C)C(=O)N1CC(CCC2CCNCC2)C1=O,18,5,0,neutral,2,ring_containing,3,0.2909090909090909,0.2407463880223781,whole_similarity_Q2,torsion_distance_Q2,heavy_atoms_Q3
confirmation,0323a4d0a15e5ad08a28599342200f16,[O:1]([C:2]([c:4]1[c:7]([H:10])[c:9]([H:12])[n:11][c:13]([Br:14])[c:8]1[F:15])([H:5])[H:6])[H:3],24,3.875,C-C,O-C-C-C,OCc1ccnc(Br)c1F,10,4,0,neutral,1,ring_containing,1,0.2,0.8876368404783522,whole_similarity_Q1,torsion_distance_Q4,heavy_atoms_Q1
confirmation,0324add32fb35f3398f466e1ee494f95,[C:1]([N+:2]1([H:20])[C:3]([H:21])([H:22])[C:4]([H:23])([H:24])[C:5]2=[C:6]([C:7]1([H:25])[H:26])[S:8][C:9]1=[N:10][S:11](=[O:12])(=[O:13])[C:14]([H:27])([H:28])[C:15]([H:29])([H:30])[N:16]21)([H:17])([H:18])[H:19],14,19.625,C-C,C-C-C-N,C[NH+]1CCC2=C(C1)SC1=NS(=O)(=O)CCN12,16,7,1,positive,3,ring_containing,0,0.1774193548387097,0.418539940855787,whole_similarity_Q1,torsion_distance_Q4,heavy_atoms_Q2
confirmation,0324cd8cf5305a43b7b83deae497d39d,[C:1]([c:2]1[n:3]([H:14])[n:4][c:5]([H:15])[c:6]2[n:7][c:8]([H:16])[n:9][c:10]1-2)([H:11])([H:12])[H:13],24,19.65625,C-N,C-C-N-N,Cc1[nH]ncc2ncnc1-2,10,4,0,neutral,2,ring_containing,0,0.22,0.3397834897047716,whole_similarity_Q1,torsion_distance_Q3,heavy_atoms_Q1
confirmation,03260cc3307b5489bda3f07251805867,[C:1]([O:2][C:3](=[O:4])[C:5](=[O:6])[C:7](=[C:8]1[C:10]([H:12])=[C:13]([O:14][C:16]([H:17])([H:18])[H:19])[C:15]([H:20])=[C:21]([O:22][H:23])[O:11]1)[H:9])([H:24])([H:25])[H:26],13,19.625,C-C,C-C-C-O,COC(=O)C(=O)C=C1C=C(OC)C=C(O)O1,16,6,0,neutral,1,ring_containing,3,0.22,0.43658979219918015,whole_similarity_Q1,torsion_distance_Q4,heavy_atoms_Q2
confirmation,0327a6e9f20e5a60bcc95b4670acad52,[C:1]([c:2]1[c:3]([H:5])[c:6]([C:7]([C:9]([H:12])([H:13])[H:14])([C:10]#[C:15][c:16]2[c:17]([H:19])[n:20][c:21]([C:22]([H:32])([H:33])[H:34])[n:23][c:18]2[C:24]([H:35])([H:36])[H:37])[H:11])[c:8]([H:25])[c:26]([C:27]([H:38])([H:39])[H:40])[c:4]1[C:28]([H:41])([H:42])[H:43])([H:29])([H:30])[H:31],24,1.6875,C-C,C-C-C-C,Cc1ncc(C#CC(C)c2cc(C)c(C)c(C)c2)c(C)n1,21,2,0,neutral,2,ring_containing,1,0.2631578947368421,0.1456765219779728,whole_similarity_Q2,torsion_distance_Q1,heavy_atoms_Q4
confirmation,0327d57c9afd5fd0a15e2aee3feff739,[O:1]=[C:2]([N:3]1[C:4]([H:18])([H:19])[C:5]([H:20])([H:21])[S+:6]([O-:7])[C:8]([H:22])([H:23])[C:9]1([H:24])[H:25])[N:10]1[C:11]([H:26])([H:27])[C:12]2([H:28])[C:13]([H:29])([H:30])[C:14]([H:31])([H:32])[C:15]([H:33])([C:16]1([H:34])[H:35])[O:17]2,24,10.1875,C-N,N-C-N-C,O=C(N1CC[S+]([O-])CC1)N1CC2CCC(C1)O2,17,6,0,neutral,3,ring_containing,0,0.27906976744186046,0.22231538515258076,whole_similarity_Q2,torsion_distance_Q2,heavy_atoms_Q3
confirmation,032832fb55385223a55d7b1beab5e859,[O:1]=[C:2]([c:3]1[c:4]([H:16])[n:5]([H:17])[c:6]([H:18])[c:7]1[Br:8])[N:9]1[C:10]([H:19])([H:20])[C:11]([H:21])([H:22])[C:12]([H:23])([H:24])[C:13]([H:25])([H:26])[C:14]([H:27])([H:28])[C:15]1([H:29])[H:30],23,21.625,C-N,O-C-N-C,O=C(c1c[nH]cc1Br)N1CCCCCC1,15,4,0,neutral,2,ring_containing,1,0.46153846153846156,0.37625296896684385,whole_similarity_Q4,torsion_distance_Q4,heavy_atoms_Q2
confirmation,032a48e93bcb5682925a7b88835fbb4d,[O:1]=[C:2]1[C:3]([H:16])([H:17])[C:4]([H:18])([H:19])[C:5]2([C:6](=[O:7])[N:8]3[C:9]([H:20])([H:21])[C:10]([H:22])([H:23])[C:11]3([H:24])[H:25])[S:12][C:13]([H:26])([H:27])[C:14]([H:28])([H:29])[N:15]12,24,21.125,C-N,O-C-N-C,O=C1CCC2(C(=O)N3CCC3)SCCN12,15,5,0,neutral,3,ring_containing,1,0.34782608695652173,0.18357280422824027,whole_similarity_Q4,torsion_distance_Q1,heavy_atoms_Q2
confirmation,032aa868d76550b88bbe57f6580d1177,[C:1]([c:2]1[c:3]([H:23])[c:4]([C:5]([H:24])([H:25])[H:26])[c:6]2[c:7]([c:8]1[H:27])[C:9]([N:10]([S:11](=[O:12])(=[O:13])[C:14]1([H:30])[C:15]([H:31])([H:32])[C:16]1([H:33])[H:34])[H:29])([H:28])[C:17](=[O:18])[N:19]2[H:35])([H:20])([H:21])[H:22],24,10.25,other_central_bonds,C-N-S-C,Cc1cc(C)c2c(c1)C(NS(=O)(=O)C1CC1)C(=O)N2,19,6,0,neutral,3,ring_containing,3,0.3018867924528302,0.17299426179051675,whole_similarity_Q3,torsion_distance_Q1,heavy_atoms_Q3
confirmation,032bed483b2d5a4e93114afd80802341,[C:1]([c:2]1[c:3]([H:27])[c:4]([C:5](=[O:6])[N:7]2[C:8]([H:28])([H:29])[C:9]([H:30])([H:31])[C:10]([H:32])([H:33])[c:11]3[c:12]([Br:13])[c:14]([H:34])[n:15][n:16]32)[c:17]2[c:18]([C:19]([H:35])([H:36])[H:37])[n:20][o:21][c:22]2[n:23]1)([H:24])([H:25])[H:26],24,20.75,C-N,O-C-N-N,Cc1cc(C(=O)N2CCCc3c(Br)cnn32)c2c(C)noc2n1,23,8,0,neutral,4,ring_containing,1,0.25,0.4618644673147083,whole_similarity_Q1,torsion_distance_Q4,heavy_atoms_Q4
confirmation,032c1c750b67565cbd53ac1e173acda6,[I:1][c:2]1[n:3][n:5]([H:7])[c:6]2[c:4]1[c:27]([H:29])[c:25]([H:28])[c:10]([H:26])[c:8]2[O:9][C:11]([c:12]1[c:15]([H:18])[c:17]([H:20])[c:19]([H:22])[c:21]([H:23])[c:16]1[H:24])([H:13])[H:14],24,4.5,C-O,C-O-C-C,Ic1n[nH]c2c(OCc3ccccc3)cccc12,18,4,0,neutral,3,ring_containing,3,0.24561403508771928,0.4736727385041562,whole_similarity_Q1,torsion_distance_Q4,heavy_atoms_Q3
confirmation,032d9c3d2dc65fa79e06061f301e8506,[C:1]([O:2][C:3]1([C:4]([C:5]([H:24])([H:25])[H:26])=[O:6])[C:7]([O:8][H:28])([H:27])[C:9]2([O:10][C:11]([C:12]([H:29])([H:30])[H:31])=[C:13]([C:14]([H:32])([H:33])[H:34])[C:15]2=[O:16])[C:17](=[O:18])[N:19]1[C:20]([H:35])([H:36])[H:37])([H:21])([H:22])[H:23],13,17.0625,C-C,C-C-C-C,COC1(C(C)=O)C(O)C2(OC(C)=C(C)C2=O)C(=O)N1C,20,7,0,neutral,2,ring_containing,2,0.22448979591836735,0.29857210461881795,whole_similarity_Q1,torsion_distance_Q3,heavy_atoms_Q4
confirmation,032e40237cc555e1a01e1d107267e826,[B:1]([c:2]1[c:3]([H:14])[c:4]([C:10]#[N:11])[c:5]([F:9])[c:6]([H:15])[c:7]1[F:8])([O:12][H:16])[O:13][H:17],24,5.78125,other_central_bonds,O-B-C-C,N#Cc1cc(B(O)O)c(F)cc1F,13,6,0,neutral,1,ring_containing,1,0.32432432432432434,0.9107279903489285,whole_similarity_Q3,torsion_distance_Q4,heavy_atoms_Q1
confirmation,032ef0312e1f591da9305c615200f02e,[C:1]([c:2]1[n:6][n:8]([C:9]([H:36])([H:37])[H:38])[c:10](-[c:11]2[c:12]([H:15])[c:14]([H:17])[c:16]([H:19])[c:18]([H:20])[c:13]2[H:21])[c:7]1[C:22]([c:23]1[c:26]([H:29])[c:28]([Cl:30])[c:31]([H:33])[c:32]([Cl:34])[c:27]1[H:35])([H:24])[H:25])([H:3])([H:4])[H:5],24,2.0,C-C,C-C-C-C,Cc1nn(C)c(-c2ccccc2)c1Cc1cc(Cl)cc(Cl)c1,22,4,0,neutral,3,ring_containing,3,0.3125,0.2201021217508843,whole_similarity_Q3,torsion_distance_Q2,heavy_atoms_Q4
confirmation,03315bca744451b09b78df87767c731c,[O:1]=[C:2]1[C:3]([H:13])([H:14])[C:4]([C:5]([N:6]([C:7]2([H:19])[C:8]([H:20])([H:21])[C:9]2([H:22])[H:23])[H:18])([H:16])[H:17])([H:15])[C:10]([H:24])([H:25])[C:11]([H:26])([H:27])[N:12]1[H:28],24,5.5625,C-C,C-C-C-N,O=C1CC(CNC2CC2)CCN1,12,3,0,neutral,2,ring_containing,3,0.22448979591836735,0.1525481863930862,whole_similarity_Q1,torsion_distance_Q1,heavy_atoms_Q1
confirmation,0331e479408859018c2dd9d8e223bf39,[C:1]([C:2]([C:3]1([H:23])[O:4][C:5]([H:24])([H:25])[C:6](=[O:7])[c:8]2[c:9]1[n:10]([H:26])[c:11]1[c:12]([C:13]([H:27])([H:28])[H:29])[c:14]([H:30])[c:15]([H:31])[c:16]([H:32])[c:17]21)([H:21])[H:22])([H:18])([H:19])[H:20],20,18.125,C-C,O-C-C-O,CCC1OCC(=O)c2c1[nH]c1c(C)cccc21,17,3,0,neutral,3,ring_containing,1,0.29310344827586204,0.23442899233333064,whole_similarity_Q2,torsion_distance_Q2,heavy_atoms_Q3
confirmation,03335fa50a6f569aaed45911fd509035,[C:1]([C:2](=[O:3])[N:4]1[C:5]([H:18])([H:19])[C:6]2([F:7])[C:8]([H:20])([H:21])[C:9]([H:22])([H:23])[C:10]([H:24])([H:25])[C:11]2([C:12]([O:13][H:28])([H:26])[H:27])[C:14]1([H:29])[H:30])([H:15])([H:16])[H:17],24,17.0625,C-N,C-C-N-C,CC(=O)N1CC2(F)CCCC2(CO)C1,14,4,0,neutral,2,ring_containing,1,0.3404255319148936,0.3125737412421588,whole_similarity_Q3,torsion_distance_Q3,heavy_atoms_Q2
confirmation,033438274c475e9aa500a0f52f274362,[C:1]([N+:2]([S:3][N:4]([C:5]([H:17])([H:18])[H:19])[C:6](=[O:7])[N:8]([C:9]([C:10]([H:21])([H:22])[H:23])=[O:11])[H:20])([H:15])[H:16])([H:12])([H:13])[H:14],20,25.375,other_central_bonds,N-S-N-C,C[NH2+]SN(C)C(=O)NC(C)=O,11,6,1,positive,0,acyclic,2,0.21428571428571427,0.6527559906020015,whole_similarity_Q1,torsion_distance_Q4,heavy_atoms_Q1
confirmation,033547682a1c5c0482b62325fcb04e0b,[O:1]=[S:2](=[O:3])([C:4]([C:5]1([H:20])[C:6]([H:21])([H:22])[C:7]([H:23])([H:24])[O:8][C:9]([H:25])([H:26])[C:10]1([H:27])[H:28])([H:18])[H:19])[N:11]1[C:12]([H:29])([H:30])[C:13]([H:31])([H:32])[C:14]([H:33])([H:34])[C:15]([F:16])([H:35])[C:17]1([H:36])[H:37],24,9.1875,C-C,S-C-C-C,O=S(=O)(CC1CCOCC1)N1CCCC(F)C1,17,6,0,neutral,2,ring_containing,3,0.25925925925925924,0.38389674121163675,whole_similarity_Q2,torsion_distance_Q4,heavy_atoms_Q3
confirmation,03360785959c54b99ee2fc3577550d52,[H:1][C:2]1([H:3])[N:4]=[C:6]([N:7]([H:9])[H:10])[N:8]([C:11]([C:12](=[O:15])[O:16][H:17])([H:13])[H:14])[C:5]1=[O:18],24,4.21875,C-C,N-C-C-O,NC1=NCC(=O)N1CC(=O)O,11,6,0,neutral,1,ring_containing,2,0.27906976744186046,0.309337246734398,whole_similarity_Q2,torsion_distance_Q3,heavy_atoms_Q1
confirmation,03362598750f5e40af36ee900899fc55,[C:1]([C:2](=[O:3])[N:4]([C:5]1([H:19])[C:6]([H:20])([H:21])[C:7]([H:22])([H:23])[O:8][C:9]1([c:10]1[n:11][c:12]([H:25])[n:13][n:14]1[H:26])[H:24])[H:18])([H:15])([H:16])[H:17],24,17.5625,C-N,C-N-C-C,CC(=O)NC1CCOC1c1ncn[nH]1,14,6,0,neutral,2,ring_containing,2,0.25862068965517243,0.2388221582379281,whole_similarity_Q2,torsion_distance_Q2,heavy_atoms_Q2
confirmation,0336bf3772365b9d8f78821dd4c71ed1,[N:1]([C:2](=[O:5])[c:6]1[c:7]([H:9])[c:10]2[c:11]([H:13])[c:14]([H:15])[c:16]([Cl:17])[c:18]([H:19])[c:12]2[n:8]1[C:20]([H:21])([H:22])[H:23])([H:3])[H:4],24,5.75,C-C,O-C-C-C,Cn1c(C(N)=O)cc2ccc(Cl)cc21,14,4,0,neutral,2,ring_containing,1,0.3018867924528302,0.22245953290128098,whole_similarity_Q3,torsion_distance_Q2,heavy_atoms_Q2
confirmation,0338a5bb00aa5821bd644525aec50f68,[C:1]([Si:2]([C:3]([H:19])([H:20])[H:21])([C:4]1([H:22])[C:5]([H:23])([H:24])[C:6]([H:25])([H:26])[C:7]([H:27])([H:28])[C:8]([H:29])([H:30])[C:9]1([H:31])[H:32])[c:10]1[c:11]([H:33])[c:12]([H:34])[c:13]([H:35])[c:14]([H:36])[c:15]1[H:37])([H:16])([H:17])[H:18],24,1.6875,other_central_bonds,C-Si-C-C,C[Si](C)(c1ccccc1)C1CCCCC1,15,1,0,neutral,2,ring_containing,2,0.3076923076923077,0.48309846716524607,whole_similarity_Q3,torsion_distance_Q4,heavy_atoms_Q2
confirmation,0339083ff910514e85163d6b139222f9,[C:1]([N:2]1[C:3]([H:5])([H:6])[C:7](=[O:8])[C:9](=[C:10]([O:11][H:13])[c:12]2[c:14]([H:16])[c:17]([H:18])[c:19]([Cl:20])[c:21]([H:22])[c:15]2[H:23])[C:4]1=[O:24])([H:25])([H:26])[H:27],24,21.0,C-O,C-C-O-H,CN1CC(=O)C(=C(O)c2ccc(Cl)cc2)C1=O,17,5,0,neutral,2,ring_containing,1,0.29545454545454547,0.4978351862884891,whole_similarity_Q3,torsion_distance_Q4,heavy_atoms_Q3
confirmation,033a344b36dc5e97861990e4e7151c47,[O:1]=[C:2]([c:3]1[n:4][n:5][n:6]2[c:7]([H:21])[c:8]([H:22])[c:9]([H:23])[c:10]([H:24])[c:11]12)[N:12]1[C:13]([H:25])([H:26])[C:14]([H:27])([H:28])[C:15]([H:29])([H:30])[O:16][C:17]([H:31])([H:32])[C:18]12[C:19]([H:33])([H:34])[C:20]2([H:35])[H:36],24,16.5625,C-N,O-C-N-C,O=C(c1nnn2ccccc12)N1CCCOCC12CC2,20,6,0,neutral,4,ring_containing,1,0.25806451612903225,0.1494355737634718,whole_similarity_Q2,torsion_distance_Q1,heavy_atoms_Q4
confirmation,033a42a93920569cb00229a403e1a71b,[C:1]([N:2]1[C:3]2([H:21])[C:4]([H:22])([H:23])[C:5]([H:24])([H:25])[C:6]1([H:26])[C:7]([H:27])([H:28])[N:8]([c:9]1[c:10]([H:29])[c:11]([H:30])[c:12]([Cl:13])[n:14][n:15]1)[C:16]([H:31])([H:32])[C:17]2([H:33])[H:34])([H:18])([H:19])[H:20],24,11.6875,C-N,C-N-C-N,CN1C2CCC1CN(c1ccc(Cl)nn1)CC2,17,5,0,neutral,3,ring_containing,1,0.265625,0.2518688455883568,whole_similarity_Q2,torsion_distance_Q3,heavy_atoms_Q3
confirmation,033bf3e9cc5550fb97c7885524999f4a,[O:1]=[C:2]([C:3]([n:5]1[n:8][n:10][c:11]2[c:12]([c:9]1=[O:18])[c:14]([H:15])[n:16][n:13]2[C:17]([H:33])([H:34])[H:35])([H:6])[H:7])[N:4]1[C:19]([H:21])([H:22])[C:23]([H:24])([H:25])[N:26]([C:27]([H:36])([H:37])[H:38])[C:28]([H:29])([H:30])[C:20]1([H:31])[H:32],24,4.9375,C-C,O-C-C-N,CN1CCN(C(=O)Cn2nnc3c(cnn3C)c2=O)CC1,21,9,0,neutral,3,ring_containing,2,0.2638888888888889,0.37924878849700444,whole_similarity_Q2,torsion_distance_Q4,heavy_atoms_Q4
confirmation,033d4b09c2a95d2dab15c592c93c7944,[C:1]([c:2]1[c:3]([H:6])[c:5]([F:7])[c:8]([H:10])[c:9]([H:11])[c:4]1[C:12]1=[C:13]([H:16])[N:15]=[C:17]([N:18]([C:20]([c:22]2[c:25]([F:27])[c:28]([H:30])[c:29]([H:32])[c:31]3[c:26]2[C:34]([H:36])([H:37])[C:35]([H:38])([H:39])[O:33]3)([H:23])[H:24])[H:21])[N:19]2[C:14]1([H:47])[C:43]([H:48])([H:49])[N:41]=[C:40]2[H:42])([H:44])([H:45])[H:46],23,7.9375,C-N,C-N-C-C,Cc1cc(F)ccc1C1=CN=C(NCc2c(F)ccc3c2CCO3)N2C=NCC12,29,7,0,neutral,5,ring_containing,3,0.24096385542168675,0.4259161186061661,whole_similarity_Q1,torsion_distance_Q4,heavy_atoms_Q4
confirmation,033db3e75e13565ca3b72b0fb2cd0078,[C:1]([N+:2]([C:3]([C:4]1=[N:5][N:6]([C:7]([H:17])([H:18])[H:19])[C:8]([H:20])([H:21])[C:9]1([H:22])[H:23])([H:15])[H:16])([H:13])[H:14])([H:10])([H:11])[H:12],24,11.0,C-C,N-C-C-C,C[NH2+]CC1=NN(C)CC1,9,3,1,positive,1,ring_containing,2,0.2631578947368421,0.35724045197944754,whole_similarity_Q2,torsion_distance_Q3,heavy_atoms_Q1
confirmation,033e42f3b2125a24bc95c8171742a2d1,[C:1]([c:2]1[n:3][c:5]([H:7])[n:6]([C:8]([c:9]2[c:12]([H:15])[c:14]([H:17])[c:16]([H:19])[c:18]([H:20])[c:13]2[Br:21])([H:10])[H:11])[n:4]1)([H:22])([H:23])[H:24],24,5.0,C-N,C-N-C-C,Cc1ncn(Cc2ccccc2Br)n1,14,4,0,neutral,2,ring_containing,2,0.2553191489361702,0.3240560232413401,whole_similarity_Q2,torsion_distance_Q3,heavy_atoms_Q2
confirmation,033f244c9d5b572685ed24b395327dbc,[C:1]([C:2]([C:6]([H:9])([H:10])[H:11])([S:7][c:12]1[c:13]2[c:22]([H:23])[n:21][n:20][c:19]-2[n:17][c:15]([H:18])[n:14]1[H:16])[H:8])([H:3])([H:4])[H:5],24,18.8125,C-C,S-C-C-C,CC(C)Sc1[nH]cnc2nncc1-2,13,5,0,neutral,2,ring_containing,2,0.225,0.5827816953812466,whole_similarity_Q1,torsion_distance_Q4,heavy_atoms_Q1
confirmation,033f7ff0170c514d92e03da9f77229f0,[C:1]([c:2]1[c:3]([H:26])[c:4]([H:27])[c:5]2[c:6]([c:7]1[H:28])[N:8]([H:29])[C:9](=[O:10])[C:11]2([c:12]1[c:13]([O-:14])[c:15]([H:31])[c:16]([H:32])[c:17]2[c:18]([H:33])[c:19]([H:34])[c:20]([H:35])[c:21]([H:36])[c:22]12)[H:30])([H:23])([H:24])[H:25],24,19.0625,C-C,C-C-C-C,Cc1ccc2c(c1)NC(=O)C2c1c([O-])ccc2ccccc12,22,3,-1,negative,4,ring_containing,1,0.26229508196721313,0.21163462538783168,whole_similarity_Q2,torsion_distance_Q2,heavy_atoms_Q4
confirmation,033fd9b228c95050b2e99e65becb81b8,[C:1]([c:2]1[s:3][c:5]2[c:6]([H:9])[c:8]([H:11])[c:10]([H:13])[c:12]([H:14])[c:7]2[c:4]1[C:15](=[N:16][O:18][H:19])[H:17])([H:20])([H:21])[H:22],24,5.4375,C-C,C-C-C-N,Cc1sc2ccccc2c1C=NO,13,3,0,neutral,2,ring_containing,1,0.23404255319148937,0.30756603587578846,whole_similarity_Q1,torsion_distance_Q3,heavy_atoms_Q1
confirmation,0341439a0b625041a3cae2e5cf3e58b4,[C:1]([c:2]1[c:3]([H:5])[c:6]([C:7]([H:36])([H:37])[H:38])[c:8]2[c:9]([c:4]1[C:12]([H:39])([H:40])[H:41])[C:11]([H:13])([H:14])[C:15]([C:16]([C:19]([H:22])([H:23])[H:24])([C:20](=[O:25])[N:26]([C:27]([H:42])([H:43])[H:44])[H:28])[H:21])([H:17])[C:18]([H:29])([H:30])[C:10]2([H:31])[H:32])([H:33])([H:34])[H:35],24,6.53125,C-C,C-C-C-C,CNC(=O)C(C)C1CCc2c(C)cc(C)c(C)c2C1,19,2,0,neutral,2,ring_containing,2,0.27586206896551724,0.16515626850122717,whole_similarity_Q2,torsion_distance_Q1,heavy_atoms_Q3
confirmation,034167386109512e9027ab8c9a433956,[H:1][C:2]1([H:3])[C:4]([H:6])([H:7])[C:5]1([C:8]([N:10]([H:13])[H:14])([C:11]([H:15])([H:16])[H:17])[C:12](=[O:18])[O:19][C:20]([H:21])([H:22])[H:23])[H:9],24,3.84375,C-N,C-C-N-H,COC(=O)C(C)(N)C1CC1,10,3,0,neutral,1,ring_containing,2,0.275,0.456752212978757,whole_similarity_Q2,torsion_distance_Q4,heavy_atoms_Q1
confirmation,03424177e66d5c1ab110382d2894d901,[C:1]([N:2]1[C:3]([H:21])([H:22])[C:4]([H:23])([H:24])[N:5]([H:25])[c:6]2[c:7]([H:26])[c:8]([C:9](=[O:10])[N:11]([C:12]3([H:28])[C:13]([H:29])([H:30])[C:14]3([H:31])[H:32])[H:27])[c:15]([H:33])[c:16]([H:34])[c:17]21)([H:18])([H:19])[H:20],24,5.3125,C-C,C-C-C-O,CN1CCNc2cc(C(=O)NC3CC3)ccc21,17,4,0,neutral,3,ring_containing,2,0.3728813559322034,0.14602886019799938,whole_similarity_Q4,torsion_distance_Q1,heavy_atoms_Q3
confirmation,034242c1b1f0516b8caa4f5f22390d4b,[C:1]([S:2]([C:3]([H:24])([H:25])[H:26])(=[O:4])=[N:5][C:6](=[O:7])[C:8]1([H:27])[N:9]([H:28])[C:10]([H:29])([H:30])[C:11](=[O:12])[N:13]([H:31])[C:14]1([c:15]1[c:16]([H:33])[c:17]([H:34])[c:18]([H:35])[c:19]([H:36])[c:20]1[H:37])[H:32])([H:21])([H:22])[H:23],24,7.8125,C-C,C-C-C-C,CS(C)(=O)=NC(=O)C1NCC(=O)NC1c1ccccc1,20,7,0,neutral,2,ring_containing,2,0.3684210526315789,0.15844280997412022,whole_similarity_Q4,torsion_distance_Q1,heavy_atoms_Q4
confirmation,03424a238d2052689b16e74be3abbd62,[H:1][C:2]([N:3]([P:6]1(=[O:8])[C:9]([H:11])([H:12])[O:13][C:14]([H:15])([H:16])[C:17]([H:18])([H:19])[O:10]1)[H:7])([H:4])[H:5],20,18.09375,other_central_bonds,O-P-C-O,CNP1(=O)COCCO1,9,5,0,neutral,1,ring_containing,1,0.2,0.8624143722931505,whole_similarity_Q1,torsion_distance_Q4,heavy_atoms_Q1
confirmation,0343110c637250fd8c856ff32690ed7a,[S:1]=[C:2]([c:3]1[c:5]([H:7])[c:8]([H:9])[c:10]([H:11])[c:12]([H:13])[c:6]1[H:14])[N:4]1[C:15]([H:17])([H:18])[C:19]([H:20])([H:21])[C:22]([H:23])([H:24])[C:25]([H:26])([H:27])[C:16]1([H:28])[H:29],24,7.5625,C-C,N-C-C-C,S=C(c1ccccc1)N1CCCCC1,14,2,0,neutral,2,ring_containing,1,0.40540540540540543,0.2187749072814884,whole_similarity_Q4,torsion_distance_Q2,heavy_atoms_Q2
confirmation,034530b0b8945a4ba76fcc0b8f932d60,[C:1]([c:2]1[n:3][c:4]2[c:5](-[c:6]3[c:7]([H:21])[c:8]([C:9]([H:22])([H:23])[H:24])[c:10]([Br:11])[n-:12]3)[n:13][c:14]([H:25])[c:15]([H:26])[c:16]2[n:17]1[H:27])([H:18])([H:19])[H:20],24,13.125,C-C,C-C-C-N,Cc1nc2c(-c3cc(C)c(Br)[n-]3)nccc2[nH]1,17,5,-1,negative,3,ring_containing,1,0.25,0.47513660862138807,whole_similarity_Q1,torsion_distance_Q4,heavy_atoms_Q3
confirmation,03455297250052b296d1deb62e3c1939,[C:1]([C:2](=[O:3])[N:4]1[C:5]([H:23])([H:24])[C:6]([H:25])([H:26])[N:7]([S:8](=[O:9])(=[O:10])[c:11]2[c:12]([H:27])[n:13]([C:14]([H:28])([H:29])[H:30])[c:15]([C:16]([H:31])([H:32])[H:33])[n:17]2)[C:18]([H:34])([H:35])[C:19]1([H:36])[H:37])([H:20])([H:21])[H:22],24,18.1875,C-N,C-C-N-C,CC(=O)N1CCN(S(=O)(=O)c2cn(C)c(C)n2)CC1,19,8,0,neutral,2,ring_containing,2,0.40425531914893614,0.24489446164672488,whole_similarity_Q4,torsion_distance_Q2,heavy_atoms_Q3
confirmation,03462cb7d09155bd92502c302f0898b4,[C:1]([C:2](=[O:3])[N:4]1[C:5]([H:7])([H:8])[C:9]([H:10])([H:11])[N:12]([c:13]2[n:15][n:18]3[c:17]([n:16]2)[n:19][c:20]([H:21])[c:22]([H:23])[c:24]3[C:25]([H:33])([H:34])[H:35])[C:14]([H:26])([H:27])[C:6]1([H:28])[H:29])([H:30])([H:31])[H:32],24,10.125,C-N,C-N-C-N,CC(=O)N1CCN(c2nc3nccc(C)n3n2)CC1,19,7,0,neutral,3,ring_containing,1,0.3157894736842105,0.18576181442487802,whole_similarity_Q3,torsion_distance_Q1,heavy_atoms_Q3
confirmation,0347a06205225d82b552a7d417959130,[O:1]=[C:2]([C:3]1=[C:4]([Cl:5])[C:6]([H:14])([H:15])[C:7]1([H:16])[H:17])[N:8]1[C:9]([H:18])([H:19])[C:10]([H:20])([H:21])[C:11]1([C:12]([O:13][H:25])([H:23])[H:24])[H:22],24,9.3125,C-C,N-C-C-O,O=C(C1=C(Cl)CC1)N1CCC1CO,13,4,0,neutral,2,ring_containing,2,0.4146341463414634,0.10814858005011727,whole_similarity_Q4,torsion_distance_Q1,heavy_atoms_Q1
confirmation,0347e2f82ed25a5cb0a3f7f499a731e9,[C:1]([c:2]1[c:3]([H:29])[c:4]([H:30])[c:5]([H:31])[c:6]([H:32])[c:7]1[C:8]([C:9](=[O:10])[N:11]1[C:12]([H:34])([H:35])[C:13]([H:36])([H:37])[C:14]([H:38])([H:39])[c:15]2[c:16]([H:40])[c:17]([H:41])[n:18][n:19]21)([c:20]1[c:21]([H:42])[c:22]([H:43])[c:23]([H:44])[c:24]([H:45])[c:25]1[H:46])[H:33])([H:26])([H:27])[H:28],24,9.8125,C-C,C-C-C-C,Cc1ccccc1C(C(=O)N1CCCc2ccnn21)c1ccccc1,25,4,0,neutral,4,ring_containing,3,0.4142857142857143,0.13617582668346803,whole_similarity_Q4,torsion_distance_Q1,heavy_atoms_Q4
confirmation,03483c4d38c05d33bf86ab46e5210f2a,[C:1]([O:2][C:3]([C:4]([H:23])([H:24])[H:25])=[C:5]([C:6]([H:26])([H:27])[H:28])[C:7](=[O:8])[N:9]([C:10]([H:29])([H:30])[H:31])[C:11]1([H:32])[C:12]([H:33])([H:34])[N:13]([C:14]([C:15]([H:35])([H:36])[H:37])=[O:16])[C:17]([H:38])([H:39])[C:18]1([O:19][H:41])[H:40])([H:20])([H:21])[H:22],24,26.25,C-N,C-C-N-C,COC(C)=C(C)C(=O)N(C)C1CN(C(C)=O)CC1O,19,6,0,neutral,1,ring_containing,3,0.40476190476190477,0.23735657846712915,whole_similarity_Q4,torsion_distance_Q2,heavy_atoms_Q3
confirmation,0348e03b49c75e2aaad33ab081082e70,[C:1]([C:2]1=[C:3]([C:5](=[O:7])[O:8][H:9])[C:6]([c:10]2[c:13]([H:16])[c:15]([H:18])[c:17]([H:20])[c:19]([Cl:21])[c:14]2[H:22])([H:12])[C:11]([C:23](=[O:25])[N:26]([C:27]([H:34])([H:35])[H:36])[H:28])=[C:24]([C:29]([H:37])([H:38])[H:39])[N:4]1[H:30])([H:31])([H:32])[H:33],24,4.75,C-C,C-C-C-C,CNC(=O)C1=C(C)NC(C)=C(C(=O)O)C1c1cccc(Cl)c1,22,6,0,neutral,2,ring_containing,3,0.3220338983050847,0.29074374528438773,whole_similarity_Q3,torsion_distance_Q3,heavy_atoms_Q4
confirmation,034969230cd65fb7add79b813296d351,[C:1]([C:2]1([C:3]([H:15])([H:16])[H:17])[C:4]([H:18])([H:19])[c:5]2[c:6]([H:20])[c:7]([H:21])[c:8]([H:22])[c:9]([H:23])[c:10]2[N+:11]1([H:24])[H:25])([H:12])([H:13])[H:14],14,13.40625,C-C,C-C-C-C,CC1(C)Cc2ccccc2[NH2+]1,11,1,1,positive,2,ring_containing,0,0.23076923076923078,0.1790113084459554,whole_similarity_Q1,torsion_distance_Q1,heavy_atoms_Q1
confirmation,0349757c14af5a3ea3b70093278d89d7,[C:1]([c:2]1[n:3][c:4](-[n:5]2[c:6]([C:7](=[C:8]([C:9]#[N:10])[H:30])[H:29])[c:11]([H:31])[c:12]3[c:13]([H:32])[c:14]([H:33])[c:15]([H:34])[c:16]([H:35])[c:17]23)[n:18][c:19]2[c:20]([C:21]([H:36])([H:37])[H:38])[c:22]([H:39])[c:23]([H:40])[c:24]([H:41])[c:25]12)([H:26])([H:27])[H:28],24,8.4375,C-C,C-C-C-C,Cc1nc(-n2c(C=CC#N)cc3ccccc32)nc2c(C)cccc12,25,4,0,neutral,4,ring_containing,2,0.3050847457627119,0.27511305763538996,whole_similarity_Q3,torsion_distance_Q3,heavy_atoms_Q4
confirmation,0349972697895acead4df79cdcbfbb9f,[C:1]([O:2][C:3](=[O:4])[N:5]1[C:6]([H:23])([H:24])[C:7]([H:25])([H:26])[C:8]([H:27])([H:28])[C:9]2([H:29])[C:10]([H:30])([H:31])[C:11]2([C:12](=[O:13])[N:14]2[C:15]([H:32])([H:33])[C:16]([H:34])([H:35])[C:17]2([H:36])[H:37])[C:18]([H:38])([H:39])[C:19]1([H:40])[H:41])([H:20])([H:21])[H:22],24,16.8125,C-O,C-O-C-N,COC(=O)N1CCCC2CC2(C(=O)N2CCC2)CC1,19,5,0,neutral,3,ring_containing,1,0.43478260869565216,0.24092219003518586,whole_similarity_Q4,torsion_distance_Q2,heavy_atoms_Q3
confirmation,0349ab1aaa1653cc8af14ea55faeb98a,[C:1]([c:2]1[n:3][n:5]([C:6]([H:29])([H:30])[H:31])[c:7]2[n:4]1[c:23](=[O:25])[c:11]([C:22]#[N:24])[c:9](-[c:10]1[c:12]([H:14])[c:15]([H:16])[c:17]([Cl:18])[c:19]([H:20])[c:13]1[H:21])[n:8]2)([H:26])([H:27])[H:28],24,3.4375,C-C,N-C-C-C,Cc1nn(C)c2nc(-c3ccc(Cl)cc3)c(C#N)c(=O)n12,21,7,0,neutral,3,ring_containing,1,0.3076923076923077,0.3820260988551154,whole_similarity_Q3,torsion_distance_Q4,heavy_atoms_Q4
confirmation,034a376d779d55709078c84a260dd2f7,[H:1][C:2]([C:3]([C:6]([C:9]1=[N:12][C:14]([H:15])([H:16])[C:17]([H:18])([H:19])[C:13]1([H:20])[H:21])([H:10])[H:11])([H:7])[H:8])([H:4])[H:5],24,4.515625,C-C,C-C-C-C,CCCC1=NCCC1,8,1,0,neutral,1,ring_containing,2,0.24242424242424243,0.30671066403541963,whole_similarity_Q1,torsion_distance_Q3,heavy_atoms_Q1
confirmation,034b32daad91546990dbb6d19cf52e8e,[C:1]([C:2](=[O:3])[N:4]1[C:5]([H:23])([H:24])[C:6]2([H:25])[C:7]([H:26])([H:27])[C:8]([H:28])([H:29])[C:9]1([H:30])[C:10]2([N:11]([C:12](=[O:13])[c:14]1[c:15]([H:33])[s:16][c:17]([Cl:18])[n:19]1)[H:32])[H:31])([H:20])([H:21])[H:22],24,20.5,C-N,C-C-N-C,CC(=O)N1CC2CCC1C2NC(=O)c1csc(Cl)n1,19,7,0,neutral,3,ring_containing,2,0.3387096774193548,0.24498780085024216,whole_similarity_Q3,torsion_distance_Q2,heavy_atoms_Q3
confirmation,034ba2f3c20f5de3a656fcfd7b168106,[O:1]=[C:2]([N:3]([C:4]1([H:18])[C:5]([H:19])([H:20])[C:6]([H:21])([H:22])[C:7]([H:23])([H:24])[N:8]([H:25])[C:9]([H:26])([H:27])[C:10]([H:28])([H:29])[C:11]1([F:12])[F:13])[H:17])[C:14]([F:15])([F:16])[H:30],23,4.6875,C-C,N-C-C-F,O=C(NC1CCCNCCC1(F)F)C(F)F,16,7,0,neutral,1,ring_containing,2,0.48148148148148145,0.4415794477638161,whole_similarity_Q4,torsion_distance_Q4,heavy_atoms_Q2
confirmation,034bb04cc65d5ee0898cf9180c99d2d7,[H:1][C:2]([C:3]([C:6](=[O:9])[N:10]([C:11]([H:22])([H:23])[H:24])[H:12])([c:7]1[c:13]([H:15])[n:16][c:17]([H:18])[c:19]([C:20]([H:25])([H:26])[H:27])[c:14]1[H:21])[H:8])([H:4])[H:5],24,3.96875,C-C,C-C-C-O,CNC(=O)C(C)c1cncc(C)c1,13,3,0,neutral,1,ring_containing,2,0.2962962962962963,0.19001329019737628,whole_similarity_Q3,torsion_distance_Q2,heavy_atoms_Q1
confirmation,034cfd62c0c6568ea4cf1dbd39e23982,[C:1]([c:2]1[c:3]([H:17])[c:4]([H:18])[c:5]([S:6][c:7]2[c:8]([H:19])[n:9][n:10][n-:11]2)[n:12][c:13]1[H:20])([H:14])([H:15])[H:16],24,7.75,other_central_bonds,C-S-C-C,Cc1ccc(Sc2cnn[n-]2)nc1,13,5,-1,negative,2,ring_containing,2,0.30952380952380953,0.6293961944829167,whole_similarity_Q3,torsion_distance_Q4,heavy_atoms_Q1
confirmation,034faef9957b55d48e0f1943a3e1ebc6,[C:1]([c:2]1[c:3]([H:6])[c:5]([C:7]([H:25])([H:26])[H:27])[n:8][c:9]([N:10]([C:11](=[C:13]2[C:15](=[O:17])[O:18][C:19]([H:28])([H:29])[O:20][C:16]2=[O:21])[H:14])[H:12])[n:4]1)([H:22])([H:23])[H:24],24,11.25,C-N,N-C-N-C,Cc1cc(C)nc(NC=C2C(=O)OCOC2=O)n1,18,7,0,neutral,2,ring_containing,2,0.2631578947368421,0.31165746007756623,whole_similarity_Q2,torsion_distance_Q3,heavy_atoms_Q3
confirmation,03527ba13a13505e9278306464dcfe30,[c:1]1([H:18])[c:2]([H:19])[c:3]([H:20])[c:4](-[c:5]2[n:6][n:7]([H:21])[c:8]([H:22])[c:9]2[N:10]2[C:11]([H:23])([H:24])[C:12]([H:25])([H:26])[N:13]([H:27])[C:14]([H:28])([H:29])[C:15]2([H:30])[H:31])[c:16]([H:32])[c:17]1[H:33],24,6.78125,C-N,C-C-N-C,c1ccc(-c2n[nH]cc2N2CCNCC2)cc1,17,4,0,neutral,3,ring_containing,2,0.3269230769230769,0.136794704792354,whole_similarity_Q3,torsion_distance_Q1,heavy_atoms_Q3
confirmation,0352993deec05a76886dc3dcdc2a4292,[C:1]([N:2]([C:3]([H:24])([H:25])[H:26])[C:4](=[O:5])[N:6]1[C:7]([H:27])([H:28])[C:8]([H:29])([H:30])[C:9]([N:10]([S:11](=[O:12])(=[O:13])[C:14]2([H:33])[C:15]([H:34])([H:35])[S:16](=[O:17])(=[O:18])[C:19]2([H:36])[H:37])[H:32])([H:31])[C:20]1([H:38])[H:39])([H:21])([H:22])[H:23],24,12.375,C-N,C-N-C-N,CN(C)C(=O)N1CCC(NS(=O)(=O)C2CS(=O)(=O)C2)C1,20,10,0,neutral,2,ring_containing,3,0.5434782608695652,0.3951318868584961,whole_similarity_Q4,torsion_distance_Q4,heavy_atoms_Q4
confirmation,03532dc7b90c5e97aa7b9c5db24de3d1,[Cl:1][c:2]1[c:3]([H:5])[c:6]([H:7])[n:8][c:9]([N:10]2[C:11]([H:13])([H:14])[C:15]([H:16])([H:17])[N:18]([H:24])[C:20]([H:19])([H:21])[C:12]2([H:22])[H:23])[n:4]1,24,15.125,C-N,N-C-N-C,Clc1ccnc(N2CCNCC2)n1,13,5,0,neutral,2,ring_containing,1,0.22033898305084745,0.39912482506095326,whole_similarity_Q1,torsion_distance_Q4,heavy_atoms_Q1
confirmation,03551639db305f37b2fbbc69a87057e8,[C:1]([N+:2]([C:3]([C:4]1([H:19])[C:5]([H:20])([H:21])[C:6]([H:22])([H:23])[S:7](=[O:8])(=[O:9])[C:10]([H:24])([H:25])[C:11]1([H:26])[H:27])([H:17])[H:18])([H:15])[H:16])([H:12])([H:13])[H:14],24,5.9375,C-C,N-C-C-C,C[NH2+]CC1CCS(=O)(=O)CC1,11,4,1,positive,1,ring_containing,2,0.3548387096774194,0.19758392775155503,whole_similarity_Q4,torsion_distance_Q2,heavy_atoms_Q1
confirmation,035666a14c6e52b1b77f0fb7f4d7a118,[H:1][C:2]([O:3][C:6]1([H:7])[N:8]=[C:10]([N:11]([H:13])[H:14])[N:12]([H:15])[c:16]2[c:9]1[n:20][c:18]([H:21])[n:17]2[H:19])([H:4])[H:5],16,18.0625,C-C,O-C-C-C,COC1N=C(N)Nc2[nH]cnc21,12,6,0,neutral,2,ring_containing,1,0.19672131147540983,0.34536869774475687,whole_similarity_Q1,torsion_distance_Q3,heavy_atoms_Q1
confirmation,03566ba29cc95b318ddaaa8091dfc550,[C:1]([c:2]1[n:3][c:5]([H:7])[c:6]2[c:8]([H:11])[c:10]([N+:12](=[O:14])[O-:15])[c:13]([H:17])[c:16]([H:18])[c:9]2[n:4]1)([H:19])([H:20])[H:21],24,6.59375,C-N,C-C-N-O,Cc1ncc2cc([N+](=O)[O-])ccc2n1,14,5,0,neutral,2,ring_containing,1,0.2978723404255319,0.3287212457709954,whole_similarity_Q3,torsion_distance_Q3,heavy_atoms_Q2
confirmation,035851639fc854ccba5c0a96ff41e6f0,[H:1][C:2]1([H:3])[C:4]([H:7])([H:8])[C:6]([H:9])([H:10])[N:5]1[C:11](=[O:12])[N:13]([c:14]1[n:16][n:18][c:19]([H:20])[s:17]1)[H:15],24,8.125,C-N,N-C-N-C,O=C(Nc1nncs1)N1CCC1,12,6,0,neutral,2,ring_containing,1,0.30612244897959184,0.2665671230195755,whole_similarity_Q3,torsion_distance_Q3,heavy_atoms_Q1
confirmation,03586019088e5109984d1d5ef64e65a1,[C:1]([N:2]([c:3]1[c:4]([C:5](=[O:6])[O:7][C:8]([H:22])([H:23])[H:24])[c:9]([C:10]([H:25])([H:26])[H:27])[n:11][c:12]2[c:13]1[c:14]([H:28])[n:15][n:16]2[C:17]([H:29])([H:30])[H:31])[H:21])([H:18])([H:19])[H:20],24,7.90625,C-C,C-C-C-O,CNc1c(C(=O)OC)c(C)nc2c1cnn2C,17,6,0,neutral,2,ring_containing,2,0.391304347826087,0.10271496939865621,whole_similarity_Q4,torsion_distance_Q1,heavy_atoms_Q3
confirmation,0358effbf93d52a498fa81e13b758646,[B-:1]([c:2]1[c:3]([C:10]([N:11]([H:23])[H:24])([H:21])[H:22])[c:4]([H:15])[c:5]([O:8][C:9]([H:18])([H:19])[H:20])[c:6]([H:16])[c:7]1[H:17])([F:12])([F:13])[F:14],24,2.15625,other_central_bonds,F-B-C-C,COc1ccc([B-](F)(F)F)c(CN)c1,14,6,-1,negative,1,ring_containing,3,0.3125,0.42615087413119307,whole_similarity_Q3,torsion_distance_Q4,heavy_atoms_Q2
confirmation,0358fe2422535946baffc26f98126332,[O:1]=[C:2]([O-:3])[C:4]1([H:16])[O:5][C:6](=[O:7])[C:8]2([H:17])[O:9][C:10]23[C:11]([H:18])([H:19])[C:12]([H:20])([H:21])[C:13]([H:22])([H:23])[C:14]([H:24])([H:25])[C:15]13[H:26],14,16.4375,C-C,O-C-C-C,O=C([O-])C1OC(=O)C2OC23CCCCC13,15,5,-1,negative,3,ring_containing,1,0.23404255319148937,0.2541348452797569,whole_similarity_Q1,torsion_distance_Q3,heavy_atoms_Q2
